solid seavolt
facet normal 0 -0 -1
  outer loop
    vertex -61.75645828 -37.01539612 0
    vertex -51.55111694 -34.44535446 0
    vertex -59.86581039 -40.00105667 0
  endloop
endfacet
facet normal 0 -0 -1
  outer loop
    vertex -59.86581039 -40.00105667 0
    vertex -49.79886627 -36.93335724 0
    vertex -57.83094406 -42.89035034 0
  endloop
endfacet
facet normal 0 -0 -1
  outer loop
    vertex -45.67631531 -55.65675354 0
    vertex -36.93335724 -49.79886627 0
    vertex -42.89035034 -57.83094406 0
  endloop
endfacet
facet normal 0 -0 -1
  outer loop
    vertex -42.89035034 -57.83094406 0
    vertex -34.44535446 -51.55111694 0
    vertex -40.00105667 -59.86581039 0
  endloop
endfacet
facet normal 0 -0 -1
  outer loop
    vertex -40.00105667 -59.86581039 0
    vertex -31.87437057 -53.17917252 0
    vertex -37.01539612 -61.75645828 0
  endloop
endfacet
facet normal 0 -0 -1
  outer loop
    vertex -55.65675354 -45.67631531 0
    vertex -45.93896866 -41.6366539 0
    vertex -53.34848022 -48.35224533 0
  endloop
endfacet
facet normal 0 -0 -1
  outer loop
    vertex -50.91168976 -50.91168976 0
    vertex -41.6366539 -45.93896866 0
    vertex -48.35224533 -53.34848022 0
  endloop
endfacet
facet normal 0 0 -1
  outer loop
    vertex -50.91168976 -50.91168976 0
    vertex -53.34848022 -48.35224533 0
    vertex -43.84062195 -43.84062195 0
  endloop
endfacet
facet normal 0 0 -1
  outer loop
    vertex -50.91168976 -50.91168976 0
    vertex -43.84062195 -43.84062195 0
    vertex -41.6366539 -45.93896866 0
  endloop
endfacet
facet normal 0 0 -1
  outer loop
    vertex -55.65675354 -45.67631531 0
    vertex -57.83094406 -42.89035034 0
    vertex -47.92664719 -39.3323822 0
  endloop
endfacet
facet normal 0 0 -1
  outer loop
    vertex -55.65675354 -45.67631531 0
    vertex -47.92664719 -39.3323822 0
    vertex -45.93896866 -41.6366539 0
  endloop
endfacet
facet normal 0 0 -1
  outer loop
    vertex -57.83094406 -42.89035034 0
    vertex -49.79886627 -36.93335724 0
    vertex -47.92664719 -39.3323822 0
  endloop
endfacet
facet normal 0 0 -1
  outer loop
    vertex -59.86581039 -40.00105667 0
    vertex -51.55111694 -34.44535446 0
    vertex -49.79886627 -36.93335724 0
  endloop
endfacet
facet normal 0 0 -1
  outer loop
    vertex -53.34848022 -48.35224533 0
    vertex -45.93896866 -41.6366539 0
    vertex -43.84062195 -43.84062195 0
  endloop
endfacet
facet normal 0 0 -1
  outer loop
    vertex -45.67631531 -55.65675354 0
    vertex -48.35224533 -53.34848022 0
    vertex -39.3323822 -47.92664719 0
  endloop
endfacet
facet normal 0 0 -1
  outer loop
    vertex -45.67631531 -55.65675354 0
    vertex -39.3323822 -47.92664719 0
    vertex -36.93335724 -49.79886627 0
  endloop
endfacet
facet normal 0 0 -1
  outer loop
    vertex -48.35224533 -53.34848022 0
    vertex -41.6366539 -45.93896866 0
    vertex -39.3323822 -47.92664719 0
  endloop
endfacet
facet normal 0 0 -1
  outer loop
    vertex -42.89035034 -57.83094406 0
    vertex -36.93335724 -49.79886627 0
    vertex -34.44535446 -51.55111694 0
  endloop
endfacet
facet normal -0.7572088181 -0.6531728759 0
  outer loop
    vertex -55.65675354 -45.67631531 0
    vertex -53.34848022 -48.35224533 0
    vertex -55.65675354 -45.67631531 8
  endloop
endfacet
facet normal -0.8175853268 -0.5758074621 0
  outer loop
    vertex -59.86581039 -40.00105667 0
    vertex -57.83094406 -42.89035034 0
    vertex -59.86581039 -40.00105667 8
  endloop
endfacet
facet normal -0.8448536683 -0.5349974572 0
  outer loop
    vertex -61.75645828 -37.01539612 0
    vertex -59.86581039 -40.00105667 0
    vertex -61.75645828 -37.01539612 8
  endloop
endfacet
facet normal -0.7883461363 -0.6152319638 -0
  outer loop
    vertex -55.65675354 -45.67631531 0
    vertex -57.83094406 -42.89035034 8
    vertex -57.83094406 -42.89035034 0
  endloop
endfacet
facet normal -0.7572088181 -0.6531728759 0
  outer loop
    vertex -53.34848022 -48.35224533 0
    vertex -53.34848022 -48.35224533 8
    vertex -55.65675354 -45.67631531 8
  endloop
endfacet
facet normal -0.8175853268 -0.5758074621 0
  outer loop
    vertex -57.83094406 -42.89035034 0
    vertex -57.83094406 -42.89035034 8
    vertex -59.86581039 -40.00105667 8
  endloop
endfacet
facet normal -0.8448536683 -0.5349974572 0
  outer loop
    vertex -59.86581039 -40.00105667 0
    vertex -59.86581039 -40.00105667 8
    vertex -61.75645828 -37.01539612 8
  endloop
endfacet
facet normal -0.7883461363 -0.6152319638 0
  outer loop
    vertex -55.65675354 -45.67631531 0
    vertex -55.65675354 -45.67631531 8
    vertex -57.83094406 -42.89035034 8
  endloop
endfacet
facet normal -0.6531728759 -0.7572088181 -0
  outer loop
    vertex -45.67631531 -55.65675354 0
    vertex -48.35224533 -53.34848022 8
    vertex -48.35224533 -53.34848022 0
  endloop
endfacet
facet normal -0.5758074621 -0.8175853268 0
  outer loop
    vertex -42.89035034 -57.83094406 0
    vertex -40.00105667 -59.86581039 0
    vertex -42.89035034 -57.83094406 8
  endloop
endfacet
facet normal -0.6152319638 -0.7883461363 0
  outer loop
    vertex -45.67631531 -55.65675354 0
    vertex -42.89035034 -57.83094406 0
    vertex -45.67631531 -55.65675354 8
  endloop
endfacet
facet normal -0.5349974572 -0.8448536683 0
  outer loop
    vertex -40.00105667 -59.86581039 0
    vertex -37.01539612 -61.75645828 0
    vertex -40.00105667 -59.86581039 8
  endloop
endfacet
facet normal -0.6531728759 -0.7572088181 0
  outer loop
    vertex -45.67631531 -55.65675354 0
    vertex -45.67631531 -55.65675354 8
    vertex -48.35224533 -53.34848022 8
  endloop
endfacet
facet normal -0.5758074621 -0.8175853268 0
  outer loop
    vertex -40.00105667 -59.86581039 0
    vertex -40.00105667 -59.86581039 8
    vertex -42.89035034 -57.83094406 8
  endloop
endfacet
facet normal -0.6152319638 -0.7883461363 0
  outer loop
    vertex -42.89035034 -57.83094406 0
    vertex -42.89035034 -57.83094406 8
    vertex -45.67631531 -55.65675354 8
  endloop
endfacet
facet normal -0.5349974572 -0.8448536683 0
  outer loop
    vertex -37.01539612 -61.75645828 0
    vertex -37.01539612 -61.75645828 8
    vertex -40.00105667 -59.86581039 8
  endloop
endfacet
facet normal -0.6895400697 -0.7242475352 0
  outer loop
    vertex -50.91168976 -50.91168976 0
    vertex -48.35224533 -53.34848022 0
    vertex -50.91168976 -50.91168976 8
  endloop
endfacet
facet normal -0.7242475352 -0.6895400697 -0
  outer loop
    vertex -50.91168976 -50.91168976 0
    vertex -53.34848022 -48.35224533 8
    vertex -53.34848022 -48.35224533 0
  endloop
endfacet
facet normal 0.817584594 0.5758085027 0
  outer loop
    vertex -49.79886627 -36.93335724 0
    vertex -51.55111694 -34.44535446 0
    vertex -49.79886627 -36.93335724 7.900000095
  endloop
endfacet
facet normal 0.7572088316 0.6531728602 0
  outer loop
    vertex -45.93896866 -41.6366539 0
    vertex -47.92664719 -39.3323822 0
    vertex -45.93896866 -41.6366539 7.900000095
  endloop
endfacet
facet normal 0.7883461681 0.6152319232 0
  outer loop
    vertex -49.79886627 -36.93335724 0
    vertex -47.92664719 -39.3323822 7.900000095
    vertex -47.92664719 -39.3323822 0
  endloop
endfacet
facet normal 0.6895396297 0.7242479541 0
  outer loop
    vertex -41.6366539 -45.93896866 0
    vertex -43.84062195 -43.84062195 0
    vertex -41.6366539 -45.93896866 7.900000095
  endloop
endfacet
facet normal 0.6531728602 0.7572088316 0
  outer loop
    vertex -41.6366539 -45.93896866 0
    vertex -39.3323822 -47.92664719 7.900000095
    vertex -39.3323822 -47.92664719 0
  endloop
endfacet
facet normal 0.6152319232 0.7883461681 0
  outer loop
    vertex -36.93335724 -49.79886627 0
    vertex -39.3323822 -47.92664719 0
    vertex -36.93335724 -49.79886627 7.900000095
  endloop
endfacet
facet normal 0.7242479541 0.6895396297 0
  outer loop
    vertex -45.93896866 -41.6366539 0
    vertex -43.84062195 -43.84062195 7.900000095
    vertex -43.84062195 -43.84062195 0
  endloop
endfacet
facet normal -0.7242475352 -0.6895400697 0
  outer loop
    vertex -50.91168976 -50.91168976 0
    vertex -50.91168976 -50.91168976 8
    vertex -53.34848022 -48.35224533 8
  endloop
endfacet
facet normal -0.6895400697 -0.7242475352 0
  outer loop
    vertex -48.35224533 -53.34848022 0
    vertex -48.35224533 -53.34848022 8
    vertex -50.91168976 -50.91168976 8
  endloop
endfacet
facet normal 0.7242479541 0.6895396297 -0
  outer loop
    vertex -45.93896866 -41.6366539 0
    vertex -45.93896866 -41.6366539 7.900000095
    vertex -43.84062195 -43.84062195 7.900000095
  endloop
endfacet
facet normal 0.7572088316 0.6531728602 -0
  outer loop
    vertex -47.92664719 -39.3323822 0
    vertex -47.92664719 -39.3323822 7.900000095
    vertex -45.93896866 -41.6366539 7.900000095
  endloop
endfacet
facet normal 0.7883461681 0.6152319232 -0
  outer loop
    vertex -49.79886627 -36.93335724 0
    vertex -49.79886627 -36.93335724 7.900000095
    vertex -47.92664719 -39.3323822 7.900000095
  endloop
endfacet
facet normal 0.6531728602 0.7572088316 -0
  outer loop
    vertex -41.6366539 -45.93896866 0
    vertex -41.6366539 -45.93896866 7.900000095
    vertex -39.3323822 -47.92664719 7.900000095
  endloop
endfacet
facet normal 0.5758085027 0.817584594 -0
  outer loop
    vertex -36.93335724 -49.79886627 0
    vertex -36.93335724 -49.79886627 7.900000095
    vertex -34.44535446 -51.55111694 7.900000095
  endloop
endfacet
facet normal 0.6152319232 0.7883461681 -0
  outer loop
    vertex -39.3323822 -47.92664719 0
    vertex -39.3323822 -47.92664719 7.900000095
    vertex -36.93335724 -49.79886627 7.900000095
  endloop
endfacet
facet normal 0.6895396297 0.7242479541 -0
  outer loop
    vertex -43.84062195 -43.84062195 0
    vertex -43.84062195 -43.84062195 7.900000095
    vertex -41.6366539 -45.93896866 7.900000095
  endloop
endfacet
facet normal 0 0 -1
  outer loop
    vertex -66.51932526 -27.5532074 0
    vertex -67.79117584 -24.25606918 0
    vertex -57.28053284 -23.72637367 0
  endloop
endfacet
facet normal 0 0 -1
  outer loop
    vertex -68.89970398 -20.90049744 0
    vertex -69.84224701 -17.49457359 0
    vertex -59.33029938 -17.99765015 0
  endloop
endfacet
facet normal 0 0 -1
  outer loop
    vertex -67.79117584 -24.25606918 0
    vertex -68.89970398 -20.90049744 0
    vertex -58.37573242 -20.88717079 0
  endloop
endfacet
facet normal 0 0 -1
  outer loop
    vertex -61.75645828 -37.01539612 0
    vertex -63.49832916 -33.9405632 0
    vertex -53.17917252 -31.87437057 0
  endloop
endfacet
facet normal 0 0 -1
  outer loop
    vertex -63.49832916 -33.9405632 0
    vertex -65.08722687 -30.78396606 0
    vertex -54.67911911 -29.22659683 0
  endloop
endfacet
facet normal 0 -0 -1
  outer loop
    vertex -66.51932526 -27.5532074 0
    vertex -56.04733658 -26.50841522 0
    vertex -65.08722687 -30.78396606 0
  endloop
endfacet
facet normal 0 0 -1
  outer loop
    vertex -65.08722687 -30.78396606 0
    vertex -56.04733658 -26.50841522 0
    vertex -54.67911911 -29.22659683 0
  endloop
endfacet
facet normal 0 0 -1
  outer loop
    vertex -63.49832916 -33.9405632 0
    vertex -54.67911911 -29.22659683 0
    vertex -53.17917252 -31.87437057 0
  endloop
endfacet
facet normal 0 0 -1
  outer loop
    vertex -61.75645828 -37.01539612 0
    vertex -53.17917252 -31.87437057 0
    vertex -51.55111694 -34.44535446 0
  endloop
endfacet
facet normal 0 0 -1
  outer loop
    vertex -67.79117584 -24.25606918 0
    vertex -58.37573242 -20.88717079 0
    vertex -57.28053284 -23.72637367 0
  endloop
endfacet
facet normal 0 0 -1
  outer loop
    vertex -66.51932526 -27.5532074 0
    vertex -57.28053284 -23.72637367 0
    vertex -56.04733658 -26.50841522 0
  endloop
endfacet
facet normal 0 0 -1
  outer loop
    vertex -68.89970398 -20.90049744 0
    vertex -59.33029938 -17.99765015 0
    vertex -58.37573242 -20.88717079 0
  endloop
endfacet
facet normal 0 0 -1
  outer loop
    vertex -70.616539 -14.04650307 0
    vertex -71.22071075 -10.56459427 0
    vertex -60.80868912 -12.09560013 0
  endloop
endfacet
facet normal 0 0 -1
  outer loop
    vertex -69.84224701 -17.49457359 0
    vertex -70.616539 -14.04650307 0
    vertex -60.14193726 -15.0647707 0
  endloop
endfacet
facet normal 0 0 -1
  outer loop
    vertex -69.84224701 -17.49457359 0
    vertex -60.14193726 -15.0647707 0
    vertex -59.33029938 -17.99765015 0
  endloop
endfacet
facet normal 0 0 -1
  outer loop
    vertex -70.616539 -14.04650307 0
    vertex -60.80868912 -12.09560013 0
    vertex -60.14193726 -15.0647707 0
  endloop
endfacet
facet normal 0 0 -1
  outer loop
    vertex -71.22071075 -10.56459427 0
    vertex -61.32894516 -9.097289085 0
    vertex -60.80868912 -12.09560013 0
  endloop
endfacet
facet normal 0 0 -1
  outer loop
    vertex -71.22071075 -10.56459427 0
    vertex -71.65329742 -7.057234287 0
    vertex -61.32894516 -9.097289085 0
  endloop
endfacet
facet normal 0 0 -1
  outer loop
    vertex -71.65329742 -7.057234287 0
    vertex -71.91326904 -3.532872438 0
    vertex -61.70145416 -6.077062607 0
  endloop
endfacet
facet normal 0 0 -1
  outer loop
    vertex -71.91326904 -3.532872438 0
    vertex -72 8.817457127e-15 0
    vertex -61.92531967 -3.042195797 0
  endloop
endfacet
facet normal 0 0 -1
  outer loop
    vertex -71.65329742 -7.057234287 0
    vertex -61.70145416 -6.077062607 0
    vertex -61.32894516 -9.097289085 0
  endloop
endfacet
facet normal 0 0 -1
  outer loop
    vertex -61.92531967 -3.042195797 0
    vertex -72 8.817457127e-15 0
    vertex -61.92635727 -3 0
  endloop
endfacet
facet normal 0 0 -1
  outer loop
    vertex -61.92635727 -3 0
    vertex -72 8.817457127e-15 0
    vertex -62 7.592810115e-15 0
  endloop
endfacet
facet normal 0 0 -1
  outer loop
    vertex -71.91326904 -3.532872438 0
    vertex -61.92531967 -3.042195797 0
    vertex -61.70145416 -6.077062607 0
  endloop
endfacet
facet normal 0 0 -1
  outer loop
    vertex -61.92635727 -3 0
    vertex -40 3 0
    vertex -40 -3 0
  endloop
endfacet
facet normal -0.893224275 -0.4496113818 -0
  outer loop
    vertex -63.49832916 -33.9405632 0
    vertex -65.08722687 -30.78396606 8
    vertex -65.08722687 -30.78396606 0
  endloop
endfacet
facet normal -0.9142095917 -0.4052416841 0
  outer loop
    vertex -66.51932526 -27.5532074 0
    vertex -65.08722687 -30.78396606 0
    vertex -66.51932526 -27.5532074 8
  endloop
endfacet
facet normal -0.9495284363 -0.3136809665 -0
  outer loop
    vertex -67.79117584 -24.25606918 0
    vertex -68.89970398 -20.90049744 8
    vertex -68.89970398 -20.90049744 0
  endloop
endfacet
facet normal -0.9637762867 -0.2667119592 -0
  outer loop
    vertex -68.89970398 -20.90049744 0
    vertex -69.84224701 -17.49457359 8
    vertex -69.84224701 -17.49457359 0
  endloop
endfacet
facet normal -0.9329924159 -0.3598960292 -0
  outer loop
    vertex -66.51932526 -27.5532074 0
    vertex -67.79117584 -24.25606918 8
    vertex -67.79117584 -24.25606918 0
  endloop
endfacet
facet normal -0.8700870459 -0.4928980955 -0
  outer loop
    vertex -61.75645828 -37.01539612 0
    vertex -63.49832916 -33.9405632 8
    vertex -63.49832916 -33.9405632 0
  endloop
endfacet
facet normal 0.8932243242 0.4496112839 0
  outer loop
    vertex -54.67911911 -29.22659683 0
    vertex -56.04733658 -26.50841522 0
    vertex -54.67911911 -29.22659683 7.900000095
  endloop
endfacet
facet normal 0.9495283497 0.3136812286 0
  outer loop
    vertex -58.37573242 -20.88717079 0
    vertex -59.33029938 -17.99765015 0
    vertex -58.37573242 -20.88717079 7.900000095
  endloop
endfacet
facet normal 0.9142095057 0.4052418779 0
  outer loop
    vertex -57.28053284 -23.72637367 0
    vertex -56.04733658 -26.50841522 7.900000095
    vertex -56.04733658 -26.50841522 0
  endloop
endfacet
facet normal 0.9329929997 0.3598945158 0
  outer loop
    vertex -57.28053284 -23.72637367 0
    vertex -58.37573242 -20.88717079 0
    vertex -57.28053284 -23.72637367 7.900000095
  endloop
endfacet
facet normal -0.893224275 -0.4496113818 0
  outer loop
    vertex -63.49832916 -33.9405632 0
    vertex -63.49832916 -33.9405632 8
    vertex -65.08722687 -30.78396606 8
  endloop
endfacet
facet normal -0.9142095917 -0.4052416841 0
  outer loop
    vertex -65.08722687 -30.78396606 0
    vertex -65.08722687 -30.78396606 8
    vertex -66.51932526 -27.5532074 8
  endloop
endfacet
facet normal -0.9495284363 -0.3136809665 0
  outer loop
    vertex -67.79117584 -24.25606918 0
    vertex -67.79117584 -24.25606918 8
    vertex -68.89970398 -20.90049744 8
  endloop
endfacet
facet normal -0.9637762867 -0.2667119592 0
  outer loop
    vertex -68.89970398 -20.90049744 0
    vertex -68.89970398 -20.90049744 8
    vertex -69.84224701 -17.49457359 8
  endloop
endfacet
facet normal -0.9329924159 -0.3598960292 0
  outer loop
    vertex -66.51932526 -27.5532074 0
    vertex -66.51932526 -27.5532074 8
    vertex -67.79117584 -24.25606918 8
  endloop
endfacet
facet normal -0.8700870459 -0.4928980955 0
  outer loop
    vertex -61.75645828 -37.01539612 0
    vertex -61.75645828 -37.01539612 8
    vertex -63.49832916 -33.9405632 8
  endloop
endfacet
facet normal 0.8700868084 0.4928985147 -0
  outer loop
    vertex -54.67911911 -29.22659683 0
    vertex -54.67911911 -29.22659683 7.900000095
    vertex -53.17917252 -31.87437057 7.900000095
  endloop
endfacet
facet normal 0.8932243242 0.4496112839 -0
  outer loop
    vertex -56.04733658 -26.50841522 0
    vertex -56.04733658 -26.50841522 7.900000095
    vertex -54.67911911 -29.22659683 7.900000095
  endloop
endfacet
facet normal 0.9495283497 0.3136812286 -0
  outer loop
    vertex -59.33029938 -17.99765015 0
    vertex -59.33029938 -17.99765015 7.900000095
    vertex -58.37573242 -20.88717079 7.900000095
  endloop
endfacet
facet normal 0.9142095057 0.4052418779 -0
  outer loop
    vertex -57.28053284 -23.72637367 0
    vertex -57.28053284 -23.72637367 7.900000095
    vertex -56.04733658 -26.50841522 7.900000095
  endloop
endfacet
facet normal 0.9329929997 0.3598945158 -0
  outer loop
    vertex -58.37573242 -20.88717079 0
    vertex -58.37573242 -20.88717079 7.900000095
    vertex -57.28053284 -23.72637367 7.900000095
  endloop
endfacet
facet normal -0.9757020173 -0.219101742 -0
  outer loop
    vertex -69.84224701 -17.49457359 0
    vertex -70.616539 -14.04650307 8
    vertex -70.616539 -14.04650307 0
  endloop
endfacet
facet normal -0.9852774868 -0.1709627853 -0
  outer loop
    vertex -70.616539 -14.04650307 0
    vertex -71.22071075 -10.56459427 8
    vertex -71.22071075 -10.56459427 0
  endloop
endfacet
facet normal -0.9924797039 -0.1224093028 -0
  outer loop
    vertex -71.22071075 -10.56459427 0
    vertex -71.65329742 -7.057234287 8
    vertex -71.65329742 -7.057234287 0
  endloop
endfacet
facet normal -0.997290476 -0.07356430197 -0
  outer loop
    vertex -71.65329742 -7.057234287 0
    vertex -71.91326904 -3.532872438 8
    vertex -71.91326904 -3.532872438 0
  endloop
endfacet
facet normal -0.9996987923 -0.02454230502 -0
  outer loop
    vertex -71.91326904 -3.532872438 0
    vertex -72 8.817457127e-15 8
    vertex -72 8.817457127e-15 0
  endloop
endfacet
facet normal 0.963775996 0.2667130097 0
  outer loop
    vertex -59.33029938 -17.99765015 0
    vertex -60.14193726 -15.0647707 0
    vertex -59.33029938 -17.99765015 7.900000095
  endloop
endfacet
facet normal 0.9757019675 0.2191019639 0
  outer loop
    vertex -60.14193726 -15.0647707 0
    vertex -60.80868912 -12.09560013 0
    vertex -60.14193726 -15.0647707 7.900000095
  endloop
endfacet
facet normal 0.9852776577 0.1709618007 0
  outer loop
    vertex -60.80868912 -12.09560013 0
    vertex -61.32894516 -9.097289085 0
    vertex -60.80868912 -12.09560013 7.900000095
  endloop
endfacet
facet normal 0.9924795507 0.1224105445 0
  outer loop
    vertex -61.32894516 -9.097289085 0
    vertex -61.70145416 -6.077062607 0
    vertex -61.32894516 -9.097289085 7.900000095
  endloop
endfacet
facet normal 0.9972904498 0.07356465644 0
  outer loop
    vertex -61.70145416 -6.077062607 0
    vertex -61.92531967 -3.042195797 0
    vertex -61.70145416 -6.077062607 7.900000095
  endloop
endfacet
facet normal 0.9996978012 0.02458264022 0
  outer loop
    vertex -61.92531967 -3.042195797 0
    vertex -61.92635727 -3 0
    vertex -61.92531967 -3.042195797 7.900000095
  endloop
endfacet
facet normal 0 -1 0
  outer loop
    vertex -61.92635727 -3 0
    vertex -40 -3 0
    vertex -61.92635727 -3 7.900000095
  endloop
endfacet
facet normal -0.9757020173 -0.219101742 0
  outer loop
    vertex -69.84224701 -17.49457359 0
    vertex -69.84224701 -17.49457359 8
    vertex -70.616539 -14.04650307 8
  endloop
endfacet
facet normal -0.9852774868 -0.1709627853 0
  outer loop
    vertex -70.616539 -14.04650307 0
    vertex -70.616539 -14.04650307 8
    vertex -71.22071075 -10.56459427 8
  endloop
endfacet
facet normal -0.9924797039 -0.1224093028 0
  outer loop
    vertex -71.22071075 -10.56459427 0
    vertex -71.22071075 -10.56459427 8
    vertex -71.65329742 -7.057234287 8
  endloop
endfacet
facet normal -0.997290476 -0.07356430197 0
  outer loop
    vertex -71.65329742 -7.057234287 0
    vertex -71.65329742 -7.057234287 8
    vertex -71.91326904 -3.532872438 8
  endloop
endfacet
facet normal -0.9996987923 -0.02454230502 0
  outer loop
    vertex -71.91326904 -3.532872438 0
    vertex -71.91326904 -3.532872438 8
    vertex -72 8.817457127e-15 8
  endloop
endfacet
facet normal 0.963775996 0.2667130097 -0
  outer loop
    vertex -60.14193726 -15.0647707 0
    vertex -60.14193726 -15.0647707 7.900000095
    vertex -59.33029938 -17.99765015 7.900000095
  endloop
endfacet
facet normal 0.9852776577 0.1709618007 -0
  outer loop
    vertex -61.32894516 -9.097289085 0
    vertex -61.32894516 -9.097289085 7.900000095
    vertex -60.80868912 -12.09560013 7.900000095
  endloop
endfacet
facet normal 0.9757019675 0.2191019639 -0
  outer loop
    vertex -60.80868912 -12.09560013 0
    vertex -60.80868912 -12.09560013 7.900000095
    vertex -60.14193726 -15.0647707 7.900000095
  endloop
endfacet
facet normal 0.9924795507 0.1224105445 -0
  outer loop
    vertex -61.70145416 -6.077062607 0
    vertex -61.70145416 -6.077062607 7.900000095
    vertex -61.32894516 -9.097289085 7.900000095
  endloop
endfacet
facet normal 0.9996978012 0.02458264022 -0
  outer loop
    vertex -61.92635727 -3 0
    vertex -61.92635727 -3 7.900000095
    vertex -61.92531967 -3.042195797 7.900000095
  endloop
endfacet
facet normal 0.9972904498 0.07356465644 -0
  outer loop
    vertex -61.92531967 -3.042195797 0
    vertex -61.92531967 -3.042195797 7.900000095
    vertex -61.70145416 -6.077062607 7.900000095
  endloop
endfacet
facet normal 0.8448538651 0.5349971464 0
  outer loop
    vertex -53.17917252 -31.87437057 0
    vertex -51.55111694 -34.44535446 7.900000095
    vertex -51.55111694 -34.44535446 0
  endloop
endfacet
facet normal 0.8700868084 0.4928985147 0
  outer loop
    vertex -54.67911911 -29.22659683 0
    vertex -53.17917252 -31.87437057 7.900000095
    vertex -53.17917252 -31.87437057 0
  endloop
endfacet
facet normal 0.8448538651 0.5349971464 -0
  outer loop
    vertex -53.17917252 -31.87437057 0
    vertex -53.17917252 -31.87437057 7.900000095
    vertex -51.55111694 -34.44535446 7.900000095
  endloop
endfacet
facet normal 0.817584594 0.5758085027 -0
  outer loop
    vertex -51.55111694 -34.44535446 0
    vertex -51.55111694 -34.44535446 7.900000095
    vertex -49.79886627 -36.93335724 7.900000095
  endloop
endfacet
facet normal 1 0 -0
  outer loop
    vertex -40 -3 0
    vertex -40 3 0
    vertex -40 -3 8
  endloop
endfacet
facet normal 0 -1 0
  outer loop
    vertex -40 -3 0
    vertex -59.92359924 -3 7.900000095
    vertex -61.92635727 -3 7.900000095
  endloop
endfacet
facet normal -0 -1 0
  outer loop
    vertex -40 -3 0
    vertex -54.91152573 -3 8
    vertex -59.92359924 -3 7.900000095
  endloop
endfacet
facet normal 0 -1 0
  outer loop
    vertex -40 -3 0
    vertex -50.90186691 -3 8
    vertex -54.91152573 -3 8
  endloop
endfacet
facet normal 0 -1 0
  outer loop
    vertex -40 -3 0
    vertex -40 -3 8
    vertex -50.90186691 -3 8
  endloop
endfacet
facet normal 0 -0 -1
  outer loop
    vertex -37.01539612 -61.75645828 0
    vertex -29.22659683 -54.67911911 0
    vertex -33.9405632 -63.49832916 0
  endloop
endfacet
facet normal 0 0 -1
  outer loop
    vertex -40.00105667 -59.86581039 0
    vertex -34.44535446 -51.55111694 0
    vertex -31.87437057 -53.17917252 0
  endloop
endfacet
facet normal 0 0 -1
  outer loop
    vertex -37.01539612 -61.75645828 0
    vertex -31.87437057 -53.17917252 0
    vertex -29.22659683 -54.67911911 0
  endloop
endfacet
facet normal 0 -0 -1
  outer loop
    vertex -33.9405632 -63.49832916 0
    vertex -26.50841522 -56.04733658 0
    vertex -30.78396606 -65.08722687 0
  endloop
endfacet
facet normal 0 -0 -1
  outer loop
    vertex -30.78396606 -65.08722687 0
    vertex -23.72637367 -57.28053284 0
    vertex -27.5532074 -66.51932526 0
  endloop
endfacet
facet normal 0 0 -1
  outer loop
    vertex -30.78396606 -65.08722687 0
    vertex -26.50841522 -56.04733658 0
    vertex -23.72637367 -57.28053284 0
  endloop
endfacet
facet normal 0 0 -1
  outer loop
    vertex -33.9405632 -63.49832916 0
    vertex -29.22659683 -54.67911911 0
    vertex -26.50841522 -56.04733658 0
  endloop
endfacet
facet normal 0 -0 -1
  outer loop
    vertex -27.5532074 -66.51932526 0
    vertex -20.88717079 -58.37573242 0
    vertex -24.25606918 -67.79117584 0
  endloop
endfacet
facet normal 0 -0 -1
  outer loop
    vertex -24.25606918 -67.79117584 0
    vertex -17.99765015 -59.33029938 0
    vertex -20.90049744 -68.89970398 0
  endloop
endfacet
facet normal 0 0 -1
  outer loop
    vertex -27.5532074 -66.51932526 0
    vertex -23.72637367 -57.28053284 0
    vertex -20.88717079 -58.37573242 0
  endloop
endfacet
facet normal 0 0 -1
  outer loop
    vertex -24.25606918 -67.79117584 0
    vertex -20.88717079 -58.37573242 0
    vertex -17.99765015 -59.33029938 0
  endloop
endfacet
facet normal -1 0 0
  outer loop
    vertex -12 -62.96152496 -5
    vertex -12 -57.16152573 -3
    vertex -12 -56.91152573 -5
  endloop
endfacet
facet normal -1 0 0
  outer loop
    vertex -12 -62.96152496 -5
    vertex -12 -60.82527542 0
    vertex -12 -57.16152573 -3
  endloop
endfacet
facet normal -1 0 0
  outer loop
    vertex -12 -56.91152573 -5
    vertex -12 -57.16152573 -3
    vertex -12 -56.91152573 -3
  endloop
endfacet
facet normal 0 0 -1
  outer loop
    vertex -12 -62.96152496 -5
    vertex -12 -56.91152573 -5
    vertex 12 -56.91152573 -5
  endloop
endfacet
facet normal 0 1 0
  outer loop
    vertex -12 -56.91152573 -5
    vertex -12 -56.91152573 -3
    vertex 12 -56.91152573 -3
  endloop
endfacet
facet normal 0 -0 1
  outer loop
    vertex -12 -57.16152573 -3
    vertex 12 -57.16152573 -3
    vertex -12 -56.91152573 -3
  endloop
endfacet
facet normal 0 -0 -1
  outer loop
    vertex -20.90049744 -68.89970398 0
    vertex -15.0647707 -60.14193726 0
    vertex -17.49457359 -69.84224701 0
  endloop
endfacet
facet normal 0 -0 -1
  outer loop
    vertex -17.49457359 -69.84224701 0
    vertex -12.09560013 -60.80868912 0
    vertex -14.04650307 -70.616539 0
  endloop
endfacet
facet normal 0 0 -1
  outer loop
    vertex -17.49457359 -69.84224701 0
    vertex -15.0647707 -60.14193726 0
    vertex -12.09560013 -60.80868912 0
  endloop
endfacet
facet normal 0 0 -1
  outer loop
    vertex -14.04650307 -70.616539 0
    vertex -12.09560013 -60.80868912 0
    vertex -12 -62.96152496 0
  endloop
endfacet
facet normal -1 0 0
  outer loop
    vertex -12 -62.96152496 -5
    vertex -12 -62.96152496 0
    vertex -12 -60.82527542 0
  endloop
endfacet
facet normal 0 0 -1
  outer loop
    vertex -20.90049744 -68.89970398 0
    vertex -17.99765015 -59.33029938 0
    vertex -15.0647707 -60.14193726 0
  endloop
endfacet
facet normal 0 0 -1
  outer loop
    vertex -12 -62.96152496 0
    vertex -12.09560013 -60.80868912 0
    vertex -12 -60.82527542 0
  endloop
endfacet
facet normal -1 0 0
  outer loop
    vertex -12 -57.16152573 -3
    vertex -12 -60.82527542 0
    vertex -12 -57.16152573 0
  endloop
endfacet
facet normal 0 0 -1
  outer loop
    vertex -14.04650307 -70.616539 0
    vertex -12 -62.96152496 0
    vertex 12 -62.96152496 0
  endloop
endfacet
facet normal 0 -0 -1
  outer loop
    vertex -14.04650307 -70.616539 0
    vertex 12 -62.96152496 0
    vertex -10.56459427 -71.22071075 0
  endloop
endfacet
facet normal 0 -0 -1
  outer loop
    vertex -10.56459427 -71.22071075 0
    vertex 12 -62.96152496 0
    vertex -7.057234287 -71.65329742 0
  endloop
endfacet
facet normal 0 -1 0
  outer loop
    vertex -12 -62.96152496 -5
    vertex 12 -62.96152496 0
    vertex -12 -62.96152496 0
  endloop
endfacet
facet normal 0 1 0
  outer loop
    vertex -12 -57.16152573 -3
    vertex -12 -57.16152573 0
    vertex 12 -57.16152573 0
  endloop
endfacet
facet normal -1 0 0
  outer loop
    vertex -12 -47.0115242 -5
    vertex -12 -47.0115242 -3
    vertex -12 -40.96152496 -5
  endloop
endfacet
facet normal -1 0 0
  outer loop
    vertex -12 -47.0115242 -3
    vertex -12 -46.7615242 -3
    vertex -12 -40.96152496 -5
  endloop
endfacet
facet normal -1 0 0
  outer loop
    vertex -12 -46.7615242 -3
    vertex -12 -46.7615242 0
    vertex -12 -40.96152496 -5
  endloop
endfacet
facet normal 0 -1 0
  outer loop
    vertex -12 -47.0115242 -5
    vertex 12 -47.0115242 -5
    vertex -12 -47.0115242 -3
  endloop
endfacet
facet normal 0 -0 1
  outer loop
    vertex -12 -47.0115242 -3
    vertex 12 -47.0115242 -3
    vertex -12 -46.7615242 -3
  endloop
endfacet
facet normal 0 0 -1
  outer loop
    vertex -12 -47.0115242 -5
    vertex -12 -40.96152496 -5
    vertex 12 -40.96152496 -5
  endloop
endfacet
facet normal 0 -1 0
  outer loop
    vertex -12 -46.7615242 -3
    vertex 12 -46.7615242 -3
    vertex -12 -46.7615242 0
  endloop
endfacet
facet normal 0 0 -1
  outer loop
    vertex -12 -57.16152573 0
    vertex -12 -46.7615242 0
    vertex 12 -46.7615242 0
  endloop
endfacet
facet normal -0.4496113818 -0.893224275 0
  outer loop
    vertex -33.9405632 -63.49832916 0
    vertex -30.78396606 -65.08722687 0
    vertex -33.9405632 -63.49832916 8
  endloop
endfacet
facet normal -0.4052416841 -0.9142095917 0
  outer loop
    vertex -30.78396606 -65.08722687 0
    vertex -27.5532074 -66.51932526 0
    vertex -30.78396606 -65.08722687 8
  endloop
endfacet
facet normal -0.4928980955 -0.8700870459 0
  outer loop
    vertex -37.01539612 -61.75645828 0
    vertex -33.9405632 -63.49832916 0
    vertex -37.01539612 -61.75645828 8
  endloop
endfacet
facet normal 0.4928985147 0.8700868084 0
  outer loop
    vertex -29.22659683 -54.67911911 0
    vertex -31.87437057 -53.17917252 0
    vertex -29.22659683 -54.67911911 7.900000095
  endloop
endfacet
facet normal 0.4496112839 0.8932243242 0
  outer loop
    vertex -29.22659683 -54.67911911 0
    vertex -26.50841522 -56.04733658 7.900000095
    vertex -26.50841522 -56.04733658 0
  endloop
endfacet
facet normal -0.3136809665 -0.9495284363 0
  outer loop
    vertex -24.25606918 -67.79117584 0
    vertex -20.90049744 -68.89970398 0
    vertex -24.25606918 -67.79117584 8
  endloop
endfacet
facet normal -0.3598960292 -0.9329924159 0
  outer loop
    vertex -27.5532074 -66.51932526 0
    vertex -24.25606918 -67.79117584 0
    vertex -27.5532074 -66.51932526 8
  endloop
endfacet
facet normal -0.2667119592 -0.9637762867 0
  outer loop
    vertex -20.90049744 -68.89970398 0
    vertex -17.49457359 -69.84224701 0
    vertex -20.90049744 -68.89970398 8
  endloop
endfacet
facet normal 0.4052418779 0.9142095057 0
  outer loop
    vertex -26.50841522 -56.04733658 0
    vertex -23.72637367 -57.28053284 7.900000095
    vertex -23.72637367 -57.28053284 0
  endloop
endfacet
facet normal 0.3136812286 0.9495283497 0
  outer loop
    vertex -20.88717079 -58.37573242 0
    vertex -17.99765015 -59.33029938 7.900000095
    vertex -17.99765015 -59.33029938 0
  endloop
endfacet
facet normal 0.3598945158 0.9329929997 0
  outer loop
    vertex -23.72637367 -57.28053284 0
    vertex -20.88717079 -58.37573242 7.900000095
    vertex -20.88717079 -58.37573242 0
  endloop
endfacet
facet normal -0.4496113818 -0.893224275 0
  outer loop
    vertex -30.78396606 -65.08722687 0
    vertex -30.78396606 -65.08722687 8
    vertex -33.9405632 -63.49832916 8
  endloop
endfacet
facet normal -0.4052416841 -0.9142095917 0
  outer loop
    vertex -27.5532074 -66.51932526 0
    vertex -27.5532074 -66.51932526 8
    vertex -30.78396606 -65.08722687 8
  endloop
endfacet
facet normal -0.4928980955 -0.8700870459 0
  outer loop
    vertex -33.9405632 -63.49832916 0
    vertex -33.9405632 -63.49832916 8
    vertex -37.01539612 -61.75645828 8
  endloop
endfacet
facet normal 0.4496112839 0.8932243242 -0
  outer loop
    vertex -29.22659683 -54.67911911 0
    vertex -29.22659683 -54.67911911 7.900000095
    vertex -26.50841522 -56.04733658 7.900000095
  endloop
endfacet
facet normal -0.3598960292 -0.9329924159 0
  outer loop
    vertex -24.25606918 -67.79117584 0
    vertex -24.25606918 -67.79117584 8
    vertex -27.5532074 -66.51932526 8
  endloop
endfacet
facet normal -0.3136809665 -0.9495284363 0
  outer loop
    vertex -20.90049744 -68.89970398 0
    vertex -20.90049744 -68.89970398 8
    vertex -24.25606918 -67.79117584 8
  endloop
endfacet
facet normal -0.2667119592 -0.9637762867 0
  outer loop
    vertex -17.49457359 -69.84224701 0
    vertex -17.49457359 -69.84224701 8
    vertex -20.90049744 -68.89970398 8
  endloop
endfacet
facet normal 0.4052418779 0.9142095057 -0
  outer loop
    vertex -26.50841522 -56.04733658 0
    vertex -26.50841522 -56.04733658 7.900000095
    vertex -23.72637367 -57.28053284 7.900000095
  endloop
endfacet
facet normal 0.3598945158 0.9329929997 -0
  outer loop
    vertex -23.72637367 -57.28053284 0
    vertex -23.72637367 -57.28053284 7.900000095
    vertex -20.88717079 -58.37573242 7.900000095
  endloop
endfacet
facet normal 0.3136812286 0.9495283497 -0
  outer loop
    vertex -20.88717079 -58.37573242 0
    vertex -20.88717079 -58.37573242 7.900000095
    vertex -17.99765015 -59.33029938 7.900000095
  endloop
endfacet
facet normal 0.5758085027 0.817584594 0
  outer loop
    vertex -36.93335724 -49.79886627 0
    vertex -34.44535446 -51.55111694 7.900000095
    vertex -34.44535446 -51.55111694 0
  endloop
endfacet
facet normal 0.5349971464 0.8448538651 0
  outer loop
    vertex -34.44535446 -51.55111694 0
    vertex -31.87437057 -53.17917252 7.900000095
    vertex -31.87437057 -53.17917252 0
  endloop
endfacet
facet normal 0.5349971464 0.8448538651 -0
  outer loop
    vertex -34.44535446 -51.55111694 0
    vertex -34.44535446 -51.55111694 7.900000095
    vertex -31.87437057 -53.17917252 7.900000095
  endloop
endfacet
facet normal 0.4928985147 0.8700868084 -0
  outer loop
    vertex -31.87437057 -53.17917252 0
    vertex -31.87437057 -53.17917252 7.900000095
    vertex -29.22659683 -54.67911911 7.900000095
  endloop
endfacet
facet normal -0.219101742 -0.9757020173 0
  outer loop
    vertex -17.49457359 -69.84224701 0
    vertex -14.04650307 -70.616539 0
    vertex -17.49457359 -69.84224701 8
  endloop
endfacet
facet normal -0.1709627853 -0.9852774868 0
  outer loop
    vertex -14.04650307 -70.616539 0
    vertex -10.56459427 -71.22071075 0
    vertex -14.04650307 -70.616539 8
  endloop
endfacet
facet normal -0.1224093028 -0.9924797039 0
  outer loop
    vertex -10.56459427 -71.22071075 0
    vertex -7.057234287 -71.65329742 0
    vertex -10.56459427 -71.22071075 8
  endloop
endfacet
facet normal 0.2667130097 0.963775996 0
  outer loop
    vertex -17.99765015 -59.33029938 0
    vertex -15.0647707 -60.14193726 7.900000095
    vertex -15.0647707 -60.14193726 0
  endloop
endfacet
facet normal 0.170942958 0.985280927 0
  outer loop
    vertex -12.09560013 -60.80868912 0
    vertex -12 -60.82527542 7.900000095
    vertex -12 -60.82527542 0
  endloop
endfacet
facet normal 0.2191019639 0.9757019675 0
  outer loop
    vertex -15.0647707 -60.14193726 0
    vertex -12.09560013 -60.80868912 7.900000095
    vertex -12.09560013 -60.80868912 0
  endloop
endfacet
facet normal -0.07356430197 -0.997290476 0
  outer loop
    vertex -7.057234287 -71.65329742 0
    vertex -3.532872438 -71.91326904 0
    vertex -7.057234287 -71.65329742 8
  endloop
endfacet
facet normal -0.02454230502 -0.9996987923 0
  outer loop
    vertex -3.532872438 -71.91326904 0
    vertex -1.322618569e-14 -72 0
    vertex -3.532872438 -71.91326904 8
  endloop
endfacet
facet normal -0.219101742 -0.9757020173 0
  outer loop
    vertex -14.04650307 -70.616539 0
    vertex -14.04650307 -70.616539 8
    vertex -17.49457359 -69.84224701 8
  endloop
endfacet
facet normal -0.1709627853 -0.9852774868 0
  outer loop
    vertex -10.56459427 -71.22071075 0
    vertex -10.56459427 -71.22071075 8
    vertex -14.04650307 -70.616539 8
  endloop
endfacet
facet normal 0.2667130097 0.963775996 -0
  outer loop
    vertex -17.99765015 -59.33029938 0
    vertex -17.99765015 -59.33029938 7.900000095
    vertex -15.0647707 -60.14193726 7.900000095
  endloop
endfacet
facet normal 0.2191019639 0.9757019675 -0
  outer loop
    vertex -15.0647707 -60.14193726 0
    vertex -15.0647707 -60.14193726 7.900000095
    vertex -12.09560013 -60.80868912 7.900000095
  endloop
endfacet
facet normal 0.170942958 0.985280927 -0
  outer loop
    vertex -12.09560013 -60.80868912 0
    vertex -12.09560013 -60.80868912 7.900000095
    vertex -12 -60.82527542 7.900000095
  endloop
endfacet
facet normal -1 0 0
  outer loop
    vertex -12 -60.82527542 0
    vertex -12 -60.82527542 7.900000095
    vertex -12 -58.78096771 7.900000095
  endloop
endfacet
facet normal -1 0 0
  outer loop
    vertex -12 -60.82527542 0
    vertex -12 -58.78096771 7.900000095
    vertex -12 -53.65799713 8
  endloop
endfacet
facet normal -1 0 0
  outer loop
    vertex -12 -60.82527542 0
    vertex -12 -53.65799713 8
    vertex -12 -49.5596199 8
  endloop
endfacet
facet normal -0.1224093028 -0.9924797039 0
  outer loop
    vertex -7.057234287 -71.65329742 0
    vertex -7.057234287 -71.65329742 8
    vertex -10.56459427 -71.22071075 8
  endloop
endfacet
facet normal -0.07356430197 -0.997290476 0
  outer loop
    vertex -3.532872438 -71.91326904 0
    vertex -3.532872438 -71.91326904 8
    vertex -7.057234287 -71.65329742 8
  endloop
endfacet
facet normal -0.02454230502 -0.9996987923 0
  outer loop
    vertex -1.322618569e-14 -72 0
    vertex -1.322618569e-14 -72 8
    vertex -3.532872438 -71.91326904 8
  endloop
endfacet
facet normal -1 0 -0
  outer loop
    vertex -12 -60.82527542 0
    vertex -12 -40.96152496 8
    vertex -12 -57.16152573 0
  endloop
endfacet
facet normal -1 0 -0
  outer loop
    vertex -12 -57.16152573 0
    vertex -12 -40.96152496 8
    vertex -12 -46.7615242 0
  endloop
endfacet
facet normal -1 0 0
  outer loop
    vertex -12 -40.96152496 -5
    vertex -12 -46.7615242 0
    vertex -12 -40.96152496 8
  endloop
endfacet
facet normal -1 0 0
  outer loop
    vertex -12 -60.82527542 0
    vertex -12 -49.5596199 8
    vertex -12 -40.96152496 8
  endloop
endfacet
facet normal 0 1 0
  outer loop
    vertex -12 -40.96152496 -5
    vertex -12 -40.96152496 8
    vertex 12 -40.96152496 8
  endloop
endfacet
facet normal -0 0 1
  outer loop
    vertex -61.75645828 -37.01539612 8
    vertex -59.86581039 -40.00105667 8
    vertex -57.89668274 -34.70193481 8
  endloop
endfacet
facet normal 0 -0 1
  outer loop
    vertex -55.65675354 -45.67631531 8
    vertex -54.21650696 -40.20970154 8
    vertex -57.83094406 -42.89035034 8
  endloop
endfacet
facet normal 0 -0 1
  outer loop
    vertex -55.65675354 -45.67631531 8
    vertex -52.1782074 -42.82154846 8
    vertex -54.21650696 -40.20970154 8
  endloop
endfacet
facet normal -0 0 1
  outer loop
    vertex -59.86581039 -40.00105667 8
    vertex -57.83094406 -42.89035034 8
    vertex -56.12419891 -37.50099182 8
  endloop
endfacet
facet normal 0 -0 1
  outer loop
    vertex -59.86581039 -40.00105667 8
    vertex -56.12419891 -37.50099182 8
    vertex -57.89668274 -34.70193481 8
  endloop
endfacet
facet normal 0 -0 1
  outer loop
    vertex -57.83094406 -42.89035034 8
    vertex -54.21650696 -40.20970154 8
    vertex -56.12419891 -37.50099182 8
  endloop
endfacet
facet normal -0.8448534937 -0.5349977328 0
  outer loop
    vertex -56.12419891 -37.50099182 8
    vertex -56.12419891 -37.50099182 16
    vertex -57.89668274 -34.70193481 8
  endloop
endfacet
facet normal -0.817584339 -0.5758088646 0
  outer loop
    vertex -54.21650696 -40.20970154 8
    vertex -54.21650696 -40.20970154 16
    vertex -56.12419891 -37.50099182 8
  endloop
endfacet
facet normal -0 0 1
  outer loop
    vertex -45.67631531 -55.65675354 8
    vertex -42.89035034 -57.83094406 8
    vertex -42.82154846 -52.1782074 8
  endloop
endfacet
facet normal -0 -0 1
  outer loop
    vertex -42.89035034 -57.83094406 8
    vertex -40.00105667 -59.86581039 8
    vertex -40.20970154 -54.21650696 8
  endloop
endfacet
facet normal 0 -0 1
  outer loop
    vertex -42.89035034 -57.83094406 8
    vertex -40.20970154 -54.21650696 8
    vertex -42.82154846 -52.1782074 8
  endloop
endfacet
facet normal -0 -0 1
  outer loop
    vertex -40.00105667 -59.86581039 8
    vertex -37.01539612 -61.75645828 8
    vertex -37.50099182 -56.12419891 8
  endloop
endfacet
facet normal 0 -0 1
  outer loop
    vertex -37.01539612 -61.75645828 8
    vertex -34.70193481 -57.89668274 8
    vertex -37.50099182 -56.12419891 8
  endloop
endfacet
facet normal 0 -0 1
  outer loop
    vertex -40.00105667 -59.86581039 8
    vertex -37.50099182 -56.12419891 8
    vertex -40.20970154 -54.21650696 8
  endloop
endfacet
facet normal -0.5758088646 -0.817584339 0
  outer loop
    vertex -40.20970154 -54.21650696 8
    vertex -37.50099182 -56.12419891 8
    vertex -37.50099182 -56.12419891 16
  endloop
endfacet
facet normal -0 0 1
  outer loop
    vertex -55.65675354 -45.67631531 8
    vertex -53.34848022 -48.35224533 8
    vertex -52.1782074 -42.82154846 8
  endloop
endfacet
facet normal 0 -0 1
  outer loop
    vertex -53.34848022 -48.35224533 8
    vertex -50.01420212 -45.33023071 8
    vertex -52.1782074 -42.82154846 8
  endloop
endfacet
facet normal 0 -0 1
  outer loop
    vertex -50.91168976 -50.91168976 8
    vertex -50.01420212 -45.33023071 8
    vertex -53.34848022 -48.35224533 8
  endloop
endfacet
facet normal 0 -0 1
  outer loop
    vertex -50.91168976 -50.91168976 8
    vertex -47.72970963 -47.72970963 8
    vertex -50.01420212 -45.33023071 8
  endloop
endfacet
facet normal -0 0 1
  outer loop
    vertex -50.91168976 -50.91168976 8
    vertex -48.35224533 -53.34848022 8
    vertex -47.72970963 -47.72970963 8
  endloop
endfacet
facet normal 0 -0 1
  outer loop
    vertex -45.67631531 -55.65675354 8
    vertex -45.33023071 -50.01420212 8
    vertex -48.35224533 -53.34848022 8
  endloop
endfacet
facet normal 0 -0 1
  outer loop
    vertex -48.35224533 -53.34848022 8
    vertex -45.33023071 -50.01420212 8
    vertex -47.72970963 -47.72970963 8
  endloop
endfacet
facet normal 0 0 -1
  outer loop
    vertex -49.79886627 -36.93335724 7.900000095
    vertex -48.19245148 -35.74195862 7.900000095
    vertex -47.92664719 -39.3323822 7.900000095
  endloop
endfacet
facet normal 0 0 -1
  outer loop
    vertex -47.92664719 -39.3323822 7.900000095
    vertex -48.19245148 -35.74195862 7.900000095
    vertex -46.38062668 -38.06359863 7.900000095
  endloop
endfacet
facet normal 0 0 -1
  outer loop
    vertex -45.93896866 -41.6366539 7.900000095
    vertex -47.92664719 -39.3323822 7.900000095
    vertex -46.38062668 -38.06359863 7.900000095
  endloop
endfacet
facet normal 0 0 -1
  outer loop
    vertex -45.93896866 -41.6366539 7.900000095
    vertex -46.38062668 -38.06359863 7.900000095
    vertex -44.4570694 -40.29353714 7.900000095
  endloop
endfacet
facet normal 0 -0 1
  outer loop
    vertex -45.67631531 -55.65675354 8
    vertex -42.82154846 -52.1782074 8
    vertex -45.33023071 -50.01420212 8
  endloop
endfacet
facet normal 0 0 -1
  outer loop
    vertex -41.6366539 -45.93896866 7.900000095
    vertex -40.29353714 -44.4570694 7.900000095
    vertex -39.3323822 -47.92664719 7.900000095
  endloop
endfacet
facet normal 0 0 -1
  outer loop
    vertex -39.3323822 -47.92664719 7.900000095
    vertex -40.29353714 -44.4570694 7.900000095
    vertex -38.06359863 -46.38062668 7.900000095
  endloop
endfacet
facet normal 0 0 -1
  outer loop
    vertex -36.93335724 -49.79886627 7.900000095
    vertex -39.3323822 -47.92664719 7.900000095
    vertex -38.06359863 -46.38062668 7.900000095
  endloop
endfacet
facet normal 0 0 -1
  outer loop
    vertex -36.93335724 -49.79886627 7.900000095
    vertex -38.06359863 -46.38062668 7.900000095
    vertex -35.74195862 -48.19245148 7.900000095
  endloop
endfacet
facet normal 0 0 -1
  outer loop
    vertex -45.93896866 -41.6366539 7.900000095
    vertex -44.4570694 -40.29353714 7.900000095
    vertex -43.84062195 -43.84062195 7.900000095
  endloop
endfacet
facet normal 0 0 -1
  outer loop
    vertex -43.84062195 -43.84062195 7.900000095
    vertex -44.4570694 -40.29353714 7.900000095
    vertex -42.42640686 -42.42640686 7.900000095
  endloop
endfacet
facet normal 0 0 -1
  outer loop
    vertex -41.6366539 -45.93896866 7.900000095
    vertex -43.84062195 -43.84062195 7.900000095
    vertex -42.42640686 -42.42640686 7.900000095
  endloop
endfacet
facet normal 0 0 -1
  outer loop
    vertex -41.6366539 -45.93896866 7.900000095
    vertex -42.42640686 -42.42640686 7.900000095
    vertex -40.29353714 -44.4570694 7.900000095
  endloop
endfacet
facet normal 0 -0 -1
  outer loop
    vertex -40.75231171 -36.93574142 8
    vertex -36.06244659 -36.06244659 8
    vertex -38.89087296 -38.89087296 8
  endloop
endfacet
facet normal 0 0 -1
  outer loop
    vertex -36.93574142 -40.75231171 8
    vertex -38.89087296 -38.89087296 8
    vertex -34.2495079 -37.78850555 8
  endloop
endfacet
facet normal 0 0 -1
  outer loop
    vertex -38.89087296 -38.89087296 8
    vertex -36.06244659 -36.06244659 8
    vertex -34.2495079 -37.78850555 8
  endloop
endfacet
facet normal -0.7242472853 -0.6895403322 0
  outer loop
    vertex -50.01420212 -45.33023071 8
    vertex -47.72970963 -47.72970963 8
    vertex -47.72970963 -47.72970963 16
  endloop
endfacet
facet normal -0.6895403322 -0.7242472853 0
  outer loop
    vertex -45.33023071 -50.01420212 8
    vertex -45.33023071 -50.01420212 16
    vertex -47.72970963 -47.72970963 8
  endloop
endfacet
facet normal -0.7883472745 -0.6152305055 0
  outer loop
    vertex -54.21650696 -40.20970154 8
    vertex -52.1782074 -42.82154846 8
    vertex -52.1782074 -42.82154846 16
  endloop
endfacet
facet normal -0.7572086841 -0.6531730312 0
  outer loop
    vertex -50.01420212 -45.33023071 8
    vertex -50.01420212 -45.33023071 16
    vertex -52.1782074 -42.82154846 8
  endloop
endfacet
facet normal 0.7883465679 0.6152314108 -0
  outer loop
    vertex -46.38062668 -38.06359863 7.900000095
    vertex -48.19245148 -35.74195862 7.900000095
    vertex -48.19245148 -35.74195862 16
  endloop
endfacet
facet normal 0.7572089982 0.6531726671 -0
  outer loop
    vertex -46.38062668 -38.06359863 7.900000095
    vertex -46.38062668 -38.06359863 16
    vertex -44.4570694 -40.29353714 7.900000095
  endloop
endfacet
facet normal -0.6531730312 -0.7572086841 0
  outer loop
    vertex -45.33023071 -50.01420212 8
    vertex -42.82154846 -52.1782074 8
    vertex -42.82154846 -52.1782074 16
  endloop
endfacet
facet normal -0.6152305055 -0.7883472745 0
  outer loop
    vertex -40.20970154 -54.21650696 8
    vertex -40.20970154 -54.21650696 16
    vertex -42.82154846 -52.1782074 8
  endloop
endfacet
facet normal 0.6531726671 0.7572089982 -0
  outer loop
    vertex -38.06359863 -46.38062668 7.900000095
    vertex -40.29353714 -44.4570694 7.900000095
    vertex -40.29353714 -44.4570694 16
  endloop
endfacet
facet normal 0.6152314108 0.7883465679 -0
  outer loop
    vertex -38.06359863 -46.38062668 7.900000095
    vertex -38.06359863 -46.38062668 16
    vertex -35.74195862 -48.19245148 7.900000095
  endloop
endfacet
facet normal -0.6531734495 -0.7572083233 0
  outer loop
    vertex -36.93574142 -40.75231171 8
    vertex -34.89163208 -42.51557541 8
    vertex -36.93574142 -40.75231171 11.5
  endloop
endfacet
facet normal -0.7242473065 -0.68954031 0
  outer loop
    vertex -40.75231171 -36.93574142 8
    vertex -38.89087296 -38.89087296 8
    vertex -40.75231171 -36.93574142 11.5
  endloop
endfacet
facet normal -0.68954031 -0.7242473065 -0
  outer loop
    vertex -36.93574142 -40.75231171 8
    vertex -38.89087296 -38.89087296 11.5
    vertex -38.89087296 -38.89087296 8
  endloop
endfacet
facet normal 0.7242467857 0.689540857 -0
  outer loop
    vertex -42.42640686 -42.42640686 7.900000095
    vertex -44.4570694 -40.29353714 7.900000095
    vertex -44.4570694 -40.29353714 16
  endloop
endfacet
facet normal 0.689540857 0.7242467857 -0
  outer loop
    vertex -42.42640686 -42.42640686 7.900000095
    vertex -42.42640686 -42.42640686 16
    vertex -40.29353714 -44.4570694 7.900000095
  endloop
endfacet
facet normal -0.7572083233 -0.6531734495 0
  outer loop
    vertex -40.75231171 -36.93574142 8
    vertex -40.75231171 -36.93574142 11.5
    vertex -42.51557541 -34.89163208 11.5
  endloop
endfacet
facet normal -0.7242473065 -0.68954031 0
  outer loop
    vertex -38.89087296 -38.89087296 8
    vertex -38.89087296 -38.89087296 11.5
    vertex -40.75231171 -36.93574142 11.5
  endloop
endfacet
facet normal -0.68954031 -0.7242473065 0
  outer loop
    vertex -36.93574142 -40.75231171 8
    vertex -36.93574142 -40.75231171 11.5
    vertex -38.89087296 -38.89087296 11.5
  endloop
endfacet
facet normal -0.817584339 -0.5758088646 0
  outer loop
    vertex -56.12419891 -37.50099182 8
    vertex -54.21650696 -40.20970154 16
    vertex -56.12419891 -37.50099182 16
  endloop
endfacet
facet normal -0.5758088646 -0.817584339 0
  outer loop
    vertex -40.20970154 -54.21650696 8
    vertex -37.50099182 -56.12419891 16
    vertex -40.20970154 -54.21650696 16
  endloop
endfacet
facet normal -0.5349977328 -0.8448534937 0
  outer loop
    vertex -37.50099182 -56.12419891 8
    vertex -34.70193481 -57.89668274 16
    vertex -37.50099182 -56.12419891 16
  endloop
endfacet
facet normal -0.7242472853 -0.6895403322 0
  outer loop
    vertex -50.01420212 -45.33023071 8
    vertex -47.72970963 -47.72970963 16
    vertex -50.01420212 -45.33023071 16
  endloop
endfacet
facet normal -0.6895403322 -0.7242472853 0
  outer loop
    vertex -47.72970963 -47.72970963 8
    vertex -45.33023071 -50.01420212 16
    vertex -47.72970963 -47.72970963 16
  endloop
endfacet
facet normal -0.7883472745 -0.6152305055 0
  outer loop
    vertex -54.21650696 -40.20970154 8
    vertex -52.1782074 -42.82154846 16
    vertex -54.21650696 -40.20970154 16
  endloop
endfacet
facet normal -0.7572086841 -0.6531730312 0
  outer loop
    vertex -52.1782074 -42.82154846 8
    vertex -50.01420212 -45.33023071 16
    vertex -52.1782074 -42.82154846 16
  endloop
endfacet
facet normal 0.7572089982 0.6531726671 0
  outer loop
    vertex -44.4570694 -40.29353714 7.900000095
    vertex -46.38062668 -38.06359863 16
    vertex -44.4570694 -40.29353714 16
  endloop
endfacet
facet normal 0.7883465679 0.6152314108 0
  outer loop
    vertex -46.38062668 -38.06359863 7.900000095
    vertex -48.19245148 -35.74195862 16
    vertex -46.38062668 -38.06359863 16
  endloop
endfacet
facet normal -0.6531730312 -0.7572086841 0
  outer loop
    vertex -45.33023071 -50.01420212 8
    vertex -42.82154846 -52.1782074 16
    vertex -45.33023071 -50.01420212 16
  endloop
endfacet
facet normal -0.6152305055 -0.7883472745 0
  outer loop
    vertex -42.82154846 -52.1782074 8
    vertex -40.20970154 -54.21650696 16
    vertex -42.82154846 -52.1782074 16
  endloop
endfacet
facet normal 0.6531726671 0.7572089982 0
  outer loop
    vertex -38.06359863 -46.38062668 7.900000095
    vertex -40.29353714 -44.4570694 16
    vertex -38.06359863 -46.38062668 16
  endloop
endfacet
facet normal 0.6152314108 0.7883465679 0
  outer loop
    vertex -38.06359863 -46.38062668 16
    vertex -35.74195862 -48.19245148 16
    vertex -35.74195862 -48.19245148 7.900000095
  endloop
endfacet
facet normal -0 0 1
  outer loop
    vertex -40.75231171 -36.93574142 11.5
    vertex -38.89087296 -38.89087296 11.5
    vertex -37.78850555 -34.2495079 11.5
  endloop
endfacet
facet normal 0 -0 1
  outer loop
    vertex -36.93574142 -40.75231171 11.5
    vertex -36.06244659 -36.06244659 11.5
    vertex -38.89087296 -38.89087296 11.5
  endloop
endfacet
facet normal 0 -0 1
  outer loop
    vertex -38.89087296 -38.89087296 11.5
    vertex -36.06244659 -36.06244659 11.5
    vertex -37.78850555 -34.2495079 11.5
  endloop
endfacet
facet normal 0.7242467857 0.689540857 0
  outer loop
    vertex -42.42640686 -42.42640686 7.900000095
    vertex -44.4570694 -40.29353714 16
    vertex -42.42640686 -42.42640686 16
  endloop
endfacet
facet normal 0.689540857 0.7242467857 0
  outer loop
    vertex -40.29353714 -44.4570694 7.900000095
    vertex -42.42640686 -42.42640686 16
    vertex -40.29353714 -44.4570694 16
  endloop
endfacet
facet normal 0 -0 1
  outer loop
    vertex -45.33023071 -50.01420212 16
    vertex -42.42640686 -42.42640686 16
    vertex -47.72970963 -47.72970963 16
  endloop
endfacet
facet normal 0 -0 1
  outer loop
    vertex -50.01420212 -45.33023071 16
    vertex -46.38062668 -38.06359863 16
    vertex -52.1782074 -42.82154846 16
  endloop
endfacet
facet normal 0 -0 1
  outer loop
    vertex -54.21650696 -40.20970154 16
    vertex -49.88817596 -33.33421326 16
    vertex -56.12419891 -37.50099182 16
  endloop
endfacet
facet normal -0 0 1
  outer loop
    vertex -54.21650696 -40.20970154 16
    vertex -52.1782074 -42.82154846 16
    vertex -48.19245148 -35.74195862 16
  endloop
endfacet
facet normal 0 -0 1
  outer loop
    vertex -54.21650696 -40.20970154 16
    vertex -48.19245148 -35.74195862 16
    vertex -49.88817596 -33.33421326 16
  endloop
endfacet
facet normal -0 0 1
  outer loop
    vertex -50.01420212 -45.33023071 16
    vertex -47.72970963 -47.72970963 16
    vertex -44.4570694 -40.29353714 16
  endloop
endfacet
facet normal 0 -0 1
  outer loop
    vertex -50.01420212 -45.33023071 16
    vertex -44.4570694 -40.29353714 16
    vertex -46.38062668 -38.06359863 16
  endloop
endfacet
facet normal 0 -0 1
  outer loop
    vertex -52.1782074 -42.82154846 16
    vertex -46.38062668 -38.06359863 16
    vertex -48.19245148 -35.74195862 16
  endloop
endfacet
facet normal -0 0 1
  outer loop
    vertex -45.33023071 -50.01420212 16
    vertex -42.82154846 -52.1782074 16
    vertex -40.29353714 -44.4570694 16
  endloop
endfacet
facet normal 0 -0 1
  outer loop
    vertex -45.33023071 -50.01420212 16
    vertex -40.29353714 -44.4570694 16
    vertex -42.42640686 -42.42640686 16
  endloop
endfacet
facet normal 0 -0 1
  outer loop
    vertex -40.20970154 -54.21650696 16
    vertex -38.06359863 -46.38062668 16
    vertex -42.82154846 -52.1782074 16
  endloop
endfacet
facet normal -0 0 1
  outer loop
    vertex -40.20970154 -54.21650696 16
    vertex -37.50099182 -56.12419891 16
    vertex -35.74195862 -48.19245148 16
  endloop
endfacet
facet normal 0 -0 1
  outer loop
    vertex -40.20970154 -54.21650696 16
    vertex -35.74195862 -48.19245148 16
    vertex -38.06359863 -46.38062668 16
  endloop
endfacet
facet normal 0 -0 1
  outer loop
    vertex -42.82154846 -52.1782074 16
    vertex -38.06359863 -46.38062668 16
    vertex -40.29353714 -44.4570694 16
  endloop
endfacet
facet normal 0 -0 1
  outer loop
    vertex -47.72970963 -47.72970963 16
    vertex -42.42640686 -42.42640686 16
    vertex -44.4570694 -40.29353714 16
  endloop
endfacet
facet normal 0 -0 1
  outer loop
    vertex -63.49832916 -33.9405632 8
    vertex -61.01927567 -28.85996819 8
    vertex -65.08722687 -30.78396606 8
  endloop
endfacet
facet normal -0 0 1
  outer loop
    vertex -66.51932526 -27.5532074 8
    vertex -65.08722687 -30.78396606 8
    vertex -62.36186981 -25.83113098 8
  endloop
endfacet
facet normal 0 -0 1
  outer loop
    vertex -68.89970398 -20.90049744 8
    vertex -65.47711182 -16.40116119 8
    vertex -69.84224701 -17.49457359 8
  endloop
endfacet
facet normal 0 -0 1
  outer loop
    vertex -66.51932526 -27.5532074 8
    vertex -63.55422592 -22.74006462 8
    vertex -67.79117584 -24.25606918 8
  endloop
endfacet
facet normal 0 -0 1
  outer loop
    vertex -66.51932526 -27.5532074 8
    vertex -62.36186981 -25.83113098 8
    vertex -63.55422592 -22.74006462 8
  endloop
endfacet
facet normal 0 -0 1
  outer loop
    vertex -67.79117584 -24.25606918 8
    vertex -64.59347534 -19.59421539 8
    vertex -68.89970398 -20.90049744 8
  endloop
endfacet
facet normal 0 -0 1
  outer loop
    vertex -67.79117584 -24.25606918 8
    vertex -63.55422592 -22.74006462 8
    vertex -64.59347534 -19.59421539 8
  endloop
endfacet
facet normal 0 -0 1
  outer loop
    vertex -68.89970398 -20.90049744 8
    vertex -64.59347534 -19.59421539 8
    vertex -65.47711182 -16.40116119 8
  endloop
endfacet
facet normal 0 -0 1
  outer loop
    vertex -61.75645828 -37.01539612 8
    vertex -59.52968597 -31.81928062 8
    vertex -63.49832916 -33.9405632 8
  endloop
endfacet
facet normal 0 -0 1
  outer loop
    vertex -63.49832916 -33.9405632 8
    vertex -59.52968597 -31.81928062 8
    vertex -61.01927567 -28.85996819 8
  endloop
endfacet
facet normal 0 -0 1
  outer loop
    vertex -61.75645828 -37.01539612 8
    vertex -57.89668274 -34.70193481 8
    vertex -59.52968597 -31.81928062 8
  endloop
endfacet
facet normal 0 -0 1
  outer loop
    vertex -65.08722687 -30.78396606 8
    vertex -61.01927567 -28.85996819 8
    vertex -62.36186981 -25.83113098 8
  endloop
endfacet
facet normal 0 0 -1
  outer loop
    vertex -54.67911911 -29.22659683 7.900000095
    vertex -56.04733658 -26.50841522 7.900000095
    vertex -54.23935699 -25.65330505 7.900000095
  endloop
endfacet
facet normal 0 -0 -1
  outer loop
    vertex -57.28053284 -23.72637367 7.900000095
    vertex -55.43277359 -22.96100616 7.900000095
    vertex -56.04733658 -26.50841522 7.900000095
  endloop
endfacet
facet normal 0 0 -1
  outer loop
    vertex -56.04733658 -26.50841522 7.900000095
    vertex -55.43277359 -22.96100616 7.900000095
    vertex -54.23935699 -25.65330505 7.900000095
  endloop
endfacet
facet normal 0 0 -1
  outer loop
    vertex -57.28053284 -23.72637367 7.900000095
    vertex -58.37573242 -20.88717079 7.900000095
    vertex -56.49264526 -20.21339035 7.900000095
  endloop
endfacet
facet normal 0 0 -1
  outer loop
    vertex -57.28053284 -23.72637367 7.900000095
    vertex -56.49264526 -20.21339035 7.900000095
    vertex -55.43277359 -22.96100616 7.900000095
  endloop
endfacet
facet normal 0 0 -1
  outer loop
    vertex -58.37573242 -20.88717079 7.900000095
    vertex -57.41641998 -17.41707993 7.900000095
    vertex -56.49264526 -20.21339035 7.900000095
  endloop
endfacet
facet normal 0 0 -1
  outer loop
    vertex -58.37573242 -20.88717079 7.900000095
    vertex -59.33029938 -17.99765015 7.900000095
    vertex -57.41641998 -17.41707993 7.900000095
  endloop
endfacet
facet normal -0.9495280717 -0.3136820701 0
  outer loop
    vertex -63.55422592 -22.74006462 8
    vertex -63.55422592 -22.74006462 16
    vertex -64.59347534 -19.59421539 8
  endloop
endfacet
facet normal -0.9637761145 -0.2667125814 0
  outer loop
    vertex -64.59347534 -19.59421539 8
    vertex -64.59347534 -19.59421539 16
    vertex -65.47711182 -16.40116119 8
  endloop
endfacet
facet normal -0.9142094256 -0.4052420586 0
  outer loop
    vertex -61.01927567 -28.85996819 8
    vertex -61.01927567 -28.85996819 16
    vertex -62.36186981 -25.83113098 8
  endloop
endfacet
facet normal -0.8932246662 -0.4496106045 0
  outer loop
    vertex -59.52968597 -31.81928062 8
    vertex -59.52968597 -31.81928062 16
    vertex -61.01927567 -28.85996819 8
  endloop
endfacet
facet normal -0.8700870161 -0.4928981481 0
  outer loop
    vertex -59.52968597 -31.81928062 8
    vertex -57.89668274 -34.70193481 8
    vertex -57.89668274 -34.70193481 16
  endloop
endfacet
facet normal -0.9329927746 -0.3598950994 0
  outer loop
    vertex -63.55422592 -22.74006462 8
    vertex -62.36186981 -25.83113098 8
    vertex -62.36186981 -25.83113098 16
  endloop
endfacet
facet normal 0.9142094317 0.405242045 -0
  outer loop
    vertex -54.23935699 -25.65330505 7.900000095
    vertex -55.43277359 -22.96100616 7.900000095
    vertex -55.43277359 -22.96100616 16
  endloop
endfacet
facet normal 0.9495283289 0.3136812915 -0
  outer loop
    vertex -56.49264526 -20.21339035 7.900000095
    vertex -57.41641998 -17.41707993 7.900000095
    vertex -57.41641998 -17.41707993 16
  endloop
endfacet
facet normal 0.9329928788 0.3598948291 -0
  outer loop
    vertex -55.43277359 -22.96100616 7.900000095
    vertex -56.49264526 -20.21339035 7.900000095
    vertex -56.49264526 -20.21339035 16
  endloop
endfacet
facet normal 0 -0 1
  outer loop
    vertex -69.84224701 -17.49457359 8
    vertex -66.20300293 -13.16859627 8
    vertex -70.616539 -14.04650307 8
  endloop
endfacet
facet normal 0 -0 1
  outer loop
    vertex -70.616539 -14.04650307 8
    vertex -66.76941681 -9.904307365 8
    vertex -71.22071075 -10.56459427 8
  endloop
endfacet
facet normal 0 -0 1
  outer loop
    vertex -70.616539 -14.04650307 8
    vertex -66.20300293 -13.16859627 8
    vertex -66.76941681 -9.904307365 8
  endloop
endfacet
facet normal 0 -0 1
  outer loop
    vertex -71.22071075 -10.56459427 8
    vertex -66.76941681 -9.904307365 8
    vertex -67.17497253 -6.616157055 8
  endloop
endfacet
facet normal 0 -0 1
  outer loop
    vertex -69.84224701 -17.49457359 8
    vertex -65.47711182 -16.40116119 8
    vertex -66.20300293 -13.16859627 8
  endloop
endfacet
facet normal 0 -0 1
  outer loop
    vertex -71.22071075 -10.56459427 8
    vertex -67.17497253 -6.616157055 8
    vertex -71.65329742 -7.057234287 8
  endloop
endfacet
facet normal 0 -0 1
  outer loop
    vertex -71.65329742 -7.057234287 8
    vertex -67.41869354 -3.312067986 8
    vertex -71.91326904 -3.532872438 8
  endloop
endfacet
facet normal 0 -0 1
  outer loop
    vertex -71.65329742 -7.057234287 8
    vertex -67.17497253 -6.616157055 8
    vertex -67.41869354 -3.312067986 8
  endloop
endfacet
facet normal 0 -0 1
  outer loop
    vertex -71.91326904 -3.532872438 8
    vertex -67.5 8.266365633e-15 8
    vertex -72 8.817457127e-15 8
  endloop
endfacet
facet normal 0 -0 1
  outer loop
    vertex -71.91326904 -3.532872438 8
    vertex -67.41869354 -3.312067986 8
    vertex -67.5 8.266365633e-15 8
  endloop
endfacet
facet normal 0 0 -1
  outer loop
    vertex -59.33029938 -17.99765015 7.900000095
    vertex -60.14193726 -15.0647707 7.900000095
    vertex -58.20187378 -14.57881069 7.900000095
  endloop
endfacet
facet normal 0 0 -1
  outer loop
    vertex -60.14193726 -15.0647707 7.900000095
    vertex -58.84711838 -11.70541954 7.900000095
    vertex -58.20187378 -14.57881069 7.900000095
  endloop
endfacet
facet normal 0 0 -1
  outer loop
    vertex -60.14193726 -15.0647707 7.900000095
    vertex -60.80868912 -12.09560013 7.900000095
    vertex -58.84711838 -11.70541954 7.900000095
  endloop
endfacet
facet normal 0 0 -1
  outer loop
    vertex -60.80868912 -12.09560013 7.900000095
    vertex -59.35058975 -8.803828239 7.900000095
    vertex -58.84711838 -11.70541954 7.900000095
  endloop
endfacet
facet normal 0 0 -1
  outer loop
    vertex -60.80868912 -12.09560013 7.900000095
    vertex -61.32894516 -9.097289085 7.900000095
    vertex -59.35058975 -8.803828239 7.900000095
  endloop
endfacet
facet normal 0 0 -1
  outer loop
    vertex -59.33029938 -17.99765015 7.900000095
    vertex -58.20187378 -14.57881069 7.900000095
    vertex -57.41641998 -17.41707993 7.900000095
  endloop
endfacet
facet normal 0 0 -1
  outer loop
    vertex -61.32894516 -9.097289085 7.900000095
    vertex -61.70145416 -6.077062607 7.900000095
    vertex -59.71108246 -5.881028652 7.900000095
  endloop
endfacet
facet normal 0 0 -1
  outer loop
    vertex -61.70145416 -6.077062607 7.900000095
    vertex -61.92635727 -3 7.900000095
    vertex -59.71108246 -5.881028652 7.900000095
  endloop
endfacet
facet normal 0 0 -1
  outer loop
    vertex -61.32894516 -9.097289085 7.900000095
    vertex -59.71108246 -5.881028652 7.900000095
    vertex -59.35058975 -8.803828239 7.900000095
  endloop
endfacet
facet normal 0 0 -1
  outer loop
    vertex -61.70145416 -6.077062607 7.900000095
    vertex -61.92531967 -3.042195797 7.900000095
    vertex -61.92635727 -3 7.900000095
  endloop
endfacet
facet normal 0 0 -1
  outer loop
    vertex -59.71108246 -5.881028652 7.900000095
    vertex -61.92635727 -3 7.900000095
    vertex -59.92359924 -3 7.900000095
  endloop
endfacet
facet normal 0.9972904733 0.07356433773 -0
  outer loop
    vertex -59.71108246 -5.881028652 7.900000095
    vertex -59.92359924 -3 7.900000095
    vertex -59.92359924 -3 8
  endloop
endfacet
facet normal 0 -1 0
  outer loop
    vertex -59.92359924 -3 7.900000095
    vertex -54.91152573 -3 8
    vertex -59.92359924 -3 8
  endloop
endfacet
facet normal 0 -0 1
  outer loop
    vertex -59.92359924 -3 8
    vertex -54.93375015 -2.698722124 8
    vertex -59.92772675 -2.944060564 8
  endloop
endfacet
facet normal 0 -0 1
  outer loop
    vertex -59.92359924 -3 8
    vertex -54.91152573 -3 8
    vertex -54.93375015 -2.698722124 8
  endloop
endfacet
facet normal 0 -0 1
  outer loop
    vertex -59.92772675 -2.944060564 8
    vertex -55 6.735557292e-15 8
    vertex -60 7.347880374e-15 8
  endloop
endfacet
facet normal 0 -0 1
  outer loop
    vertex -59.92772675 -2.944060564 8
    vertex -54.93375015 -2.698722124 8
    vertex -55 6.735557292e-15 8
  endloop
endfacet
facet normal -0.9757024924 -0.2190996266 0
  outer loop
    vertex -65.47711182 -16.40116119 8
    vertex -65.47711182 -16.40116119 16
    vertex -66.20300293 -13.16859627 8
  endloop
endfacet
facet normal -0.9852773361 -0.1709636539 0
  outer loop
    vertex -66.20300293 -13.16859627 8
    vertex -66.20300293 -13.16859627 16
    vertex -66.76941681 -9.904307365 8
  endloop
endfacet
facet normal -0.9996988205 -0.02454115376 -0
  outer loop
    vertex -67.41869354 -3.312067986 8
    vertex -67.5 8.266365633e-15 11.5
    vertex -67.5 8.266365633e-15 8
  endloop
endfacet
facet normal -0.9924794955 -0.122410992 0
  outer loop
    vertex -66.76941681 -9.904307365 8
    vertex -66.76941681 -9.904307365 16
    vertex -67.17497253 -6.616157055 8
  endloop
endfacet
facet normal -0.9972905285 -0.07356358986 0
  outer loop
    vertex -67.17497253 -6.616157055 8
    vertex -67.17497253 -6.616157055 16
    vertex -67.41869354 -3.312067986 8
  endloop
endfacet
facet normal -0.9972906493 -0.07356195249 0
  outer loop
    vertex -67.41869354 -3.312067986 8
    vertex -67.36795044 -4 11.5
    vertex -67.41869354 -3.312067986 11.5
  endloop
endfacet
facet normal -0.9996988205 -0.02454115376 0
  outer loop
    vertex -67.41869354 -3.312067986 8
    vertex -67.41869354 -3.312067986 11.5
    vertex -67.5 8.266365633e-15 11.5
  endloop
endfacet
facet normal 0.9757019095 0.2191022223 -0
  outer loop
    vertex -58.84711838 -11.70541954 7.900000095
    vertex -58.84711838 -11.70541954 16
    vertex -58.20187378 -14.57881069 7.900000095
  endloop
endfacet
facet normal 0.9852777841 0.1709610723 -0
  outer loop
    vertex -58.84711838 -11.70541954 7.900000095
    vertex -59.35058975 -8.803828239 7.900000095
    vertex -59.35058975 -8.803828239 16
  endloop
endfacet
facet normal 0.9637761603 0.2667124158 -0
  outer loop
    vertex -57.41641998 -17.41707993 7.900000095
    vertex -58.20187378 -14.57881069 7.900000095
    vertex -58.20187378 -14.57881069 16
  endloop
endfacet
facet normal -0.9852776642 -0.1709617632 0
  outer loop
    vertex -53.94319153 -10.72996807 8
    vertex -53.94319153 -10.72996807 11.5
    vertex -54.40470886 -8.070176125 11.5
  endloop
endfacet
facet normal -0.9852776642 -0.1709617632 0
  outer loop
    vertex -54.40470886 -8.070176125 8
    vertex -53.94319153 -10.72996807 8
    vertex -54.40470886 -8.070176125 11.5
  endloop
endfacet
facet normal -0.9924795335 -0.1224106843 -0
  outer loop
    vertex -54.40470886 -8.070176125 8
    vertex -54.73516083 -5.390942574 11.5
    vertex -54.73516083 -5.390942574 8
  endloop
endfacet
facet normal -0.9972905063 -0.0735638911 -2.961353963e-07
  outer loop
    vertex -54.73516083 -5.390942574 8
    vertex -54.93375015 -2.698722124 11.5
    vertex -54.91152573 -3 8
  endloop
endfacet
facet normal -0.9972902539 -0.07356731274 -0
  outer loop
    vertex -54.91152573 -3 8
    vertex -54.93375015 -2.698722124 11.5
    vertex -54.93375015 -2.698722124 8
  endloop
endfacet
facet normal -0.9996988193 -0.0245412055 -0
  outer loop
    vertex -54.93375015 -2.698722124 8
    vertex -55 6.735557292e-15 11.5
    vertex -55 6.735557292e-15 8
  endloop
endfacet
facet normal 0.9924795445 0.1224105951 -0
  outer loop
    vertex -59.35058975 -8.803828239 7.900000095
    vertex -59.71108246 -5.881028652 7.900000095
    vertex -59.71108246 -5.881028652 16
  endloop
endfacet
facet normal 0.9972904737 0.07356433267 1.464485819e-07
  outer loop
    vertex -59.71108246 -5.881028652 7.900000095
    vertex -59.92359924 -3 8
    vertex -59.92772675 -2.944060564 16
  endloop
endfacet
facet normal 0.997288937 0.07358516316 -0
  outer loop
    vertex -59.92359924 -3 8
    vertex -59.92772675 -2.944060564 8
    vertex -59.92772675 -2.944060564 16
  endloop
endfacet
facet normal 0.9996988135 0.02454144033 -0
  outer loop
    vertex -59.92772675 -2.944060564 8
    vertex -60 7.347880374e-15 8
    vertex -60 7.347880374e-15 16
  endloop
endfacet
facet normal -0.9924795335 -0.1224106843 0
  outer loop
    vertex -54.40470886 -8.070176125 8
    vertex -54.40470886 -8.070176125 11.5
    vertex -54.73516083 -5.390942574 11.5
  endloop
endfacet
facet normal -0.997290478 -0.073564274 0
  outer loop
    vertex -54.73516083 -5.390942574 8
    vertex -54.73516083 -5.390942574 11.5
    vertex -54.93375015 -2.698722124 11.5
  endloop
endfacet
facet normal -0.9996988193 -0.0245412055 0
  outer loop
    vertex -54.93375015 -2.698722124 8
    vertex -54.93375015 -2.698722124 11.5
    vertex -55 6.735557292e-15 11.5
  endloop
endfacet
facet normal 0 -0 -1
  outer loop
    vertex -53.17917252 -31.87437057 7.900000095
    vertex -51.46371841 -30.8461647 7.900000095
    vertex -51.55111694 -34.44535446 7.900000095
  endloop
endfacet
facet normal 0 0 -1
  outer loop
    vertex -49.79886627 -36.93335724 7.900000095
    vertex -51.55111694 -34.44535446 7.900000095
    vertex -49.88817596 -33.33421326 7.900000095
  endloop
endfacet
facet normal 0 0 -1
  outer loop
    vertex -51.55111694 -34.44535446 7.900000095
    vertex -51.46371841 -30.8461647 7.900000095
    vertex -49.88817596 -33.33421326 7.900000095
  endloop
endfacet
facet normal 0 -0 -1
  outer loop
    vertex -54.67911911 -29.22659683 7.900000095
    vertex -52.91527557 -28.28380394 7.900000095
    vertex -53.17917252 -31.87437057 7.900000095
  endloop
endfacet
facet normal 0 0 -1
  outer loop
    vertex -53.17917252 -31.87437057 7.900000095
    vertex -52.91527557 -28.28380394 7.900000095
    vertex -51.46371841 -30.8461647 7.900000095
  endloop
endfacet
facet normal 0 0 -1
  outer loop
    vertex -54.67911911 -29.22659683 7.900000095
    vertex -54.23935699 -25.65330505 7.900000095
    vertex -52.91527557 -28.28380394 7.900000095
  endloop
endfacet
facet normal 0 0 -1
  outer loop
    vertex -49.79886627 -36.93335724 7.900000095
    vertex -49.88817596 -33.33421326 7.900000095
    vertex -48.19245148 -35.74195862 7.900000095
  endloop
endfacet
facet normal 0 0 -1
  outer loop
    vertex -45.73082733 -30.55636215 8
    vertex -47.17507172 -28.27565002 8
    vertex -42.40494919 -28.33408165 8
  endloop
endfacet
facet normal 0 -0 -1
  outer loop
    vertex -51.78492355 -18.52894211 8
    vertex -47.11785507 -19.51685524 8
    vertex -50.81337357 -21.04758835 8
  endloop
endfacet
facet normal 0 -0 -1
  outer loop
    vertex -49.71940994 -23.51552963 8
    vertex -44.97798538 -24.04123306 8
    vertex -48.50566864 -25.92682076 8
  endloop
endfacet
facet normal 0 0 -1
  outer loop
    vertex -47.17507172 -28.27565002 8
    vertex -48.50566864 -25.92682076 8
    vertex -43.7441597 -26.21924019 8
  endloop
endfacet
facet normal 0 0 -1
  outer loop
    vertex -48.50566864 -25.92682076 8
    vertex -44.97798538 -24.04123306 8
    vertex -43.7441597 -26.21924019 8
  endloop
endfacet
facet normal 0 0 -1
  outer loop
    vertex -49.71940994 -23.51552963 8
    vertex -46.10345459 -21.8053093 8
    vertex -44.97798538 -24.04123306 8
  endloop
endfacet
facet normal 0 0 -1
  outer loop
    vertex -49.71940994 -23.51552963 8
    vertex -50.81337357 -21.04758835 8
    vertex -46.10345459 -21.8053093 8
  endloop
endfacet
facet normal 0 0 -1
  outer loop
    vertex -50.81337357 -21.04758835 8
    vertex -47.11785507 -19.51685524 8
    vertex -46.10345459 -21.8053093 8
  endloop
endfacet
facet normal 0 0 -1
  outer loop
    vertex -51.78492355 -18.52894211 8
    vertex -48.01874542 -17.18138313 8
    vertex -47.11785507 -19.51685524 8
  endloop
endfacet
facet normal 0 -0 -1
  outer loop
    vertex -44.17641449 -32.76346207 8
    vertex -39.42353439 -32.35405731 8
    vertex -42.51557541 -34.89163208 8
  endloop
endfacet
facet normal 0 0 -1
  outer loop
    vertex -44.17641449 -32.76346207 8
    vertex -40.9635849 -30.38066483 8
    vertex -39.42353439 -32.35405731 8
  endloop
endfacet
facet normal 0 -0 -1
  outer loop
    vertex -45.73082733 -30.55636215 8
    vertex -40.9635849 -30.38066483 8
    vertex -44.17641449 -32.76346207 8
  endloop
endfacet
facet normal 0 0 -1
  outer loop
    vertex -45.73082733 -30.55636215 8
    vertex -42.40494919 -28.33408165 8
    vertex -40.9635849 -30.38066483 8
  endloop
endfacet
facet normal 0 0 -1
  outer loop
    vertex -47.17507172 -28.27565002 8
    vertex -43.7441597 -26.21924019 8
    vertex -42.40494919 -28.33408165 8
  endloop
endfacet
facet normal 0 0 -1
  outer loop
    vertex -40.75231171 -36.93574142 8
    vertex -42.51557541 -34.89163208 8
    vertex -37.78850555 -34.2495079 8
  endloop
endfacet
facet normal 0 0 -1
  outer loop
    vertex -42.51557541 -34.89163208 8
    vertex -39.42353439 -32.35405731 8
    vertex -37.78850555 -34.2495079 8
  endloop
endfacet
facet normal 0 0 -1
  outer loop
    vertex -40.75231171 -36.93574142 8
    vertex -37.78850555 -34.2495079 8
    vertex -36.06244659 -36.06244659 8
  endloop
endfacet
facet normal -0.8175852136 -0.5758076229 0
  outer loop
    vertex -45.73082733 -30.55636215 8
    vertex -44.17641449 -32.76346207 8
    vertex -45.73082733 -30.55636215 11.5
  endloop
endfacet
facet normal -0.8448536727 -0.5349974501 -0
  outer loop
    vertex -45.73082733 -30.55636215 8
    vertex -47.17507172 -28.27565002 11.5
    vertex -47.17507172 -28.27565002 8
  endloop
endfacet
facet normal 0.8448530926 0.5349983663 -0
  outer loop
    vertex -49.88817596 -33.33421326 7.900000095
    vertex -51.46371841 -30.8461647 7.900000095
    vertex -51.46371841 -30.8461647 16
  endloop
endfacet
facet normal 0.8700873237 0.4928976052 -0
  outer loop
    vertex -52.91527557 -28.28380394 7.900000095
    vertex -52.91527557 -28.28380394 16
    vertex -51.46371841 -30.8461647 7.900000095
  endloop
endfacet
facet normal 0.8175849918 0.5758079377 -0
  outer loop
    vertex -49.88817596 -33.33421326 7.900000095
    vertex -49.88817596 -33.33421326 16
    vertex -48.19245148 -35.74195862 7.900000095
  endloop
endfacet
facet normal -0.8700867404 -0.4928986348 0
  outer loop
    vertex -47.17507172 -28.27565002 8
    vertex -47.17507172 -28.27565002 11.5
    vertex -48.50566864 -25.92682076 11.5
  endloop
endfacet
facet normal -0.8448536727 -0.5349974501 0
  outer loop
    vertex -45.73082733 -30.55636215 8
    vertex -45.73082733 -30.55636215 11.5
    vertex -47.17507172 -28.27565002 11.5
  endloop
endfacet
facet normal -0.9142096885 -0.4052414656 -0
  outer loop
    vertex -49.71940994 -23.51552963 8
    vertex -50.81337357 -21.04758835 11.5
    vertex -50.81337357 -21.04758835 8
  endloop
endfacet
facet normal -0.932992684 -0.3598953343 0
  outer loop
    vertex -51.78492355 -18.52894211 8
    vertex -50.81337357 -21.04758835 8
    vertex -51.78492355 -18.52894211 11.5
  endloop
endfacet
facet normal -0.8700867404 -0.4928986348 -0
  outer loop
    vertex -47.17507172 -28.27565002 8
    vertex -48.50566864 -25.92682076 11.5
    vertex -48.50566864 -25.92682076 8
  endloop
endfacet
facet normal -0.893224398 -0.4496111374 0
  outer loop
    vertex -49.71940994 -23.51552963 8
    vertex -48.50566864 -25.92682076 8
    vertex -49.71940994 -23.51552963 11.5
  endloop
endfacet
facet normal 0.8932243391 0.4496112543 -0
  outer loop
    vertex -46.10345459 -21.8053093 8
    vertex -46.10345459 -21.8053093 11.5
    vertex -44.97798538 -24.04123306 8
  endloop
endfacet
facet normal 0.914209968 0.405240835 -0
  outer loop
    vertex -46.10345459 -21.8053093 8
    vertex -47.11785507 -19.51685524 8
    vertex -47.11785507 -19.51685524 11.5
  endloop
endfacet
facet normal 0.8932243623 0.4496112084 -0
  outer loop
    vertex -54.23935699 -25.65330505 7.900000095
    vertex -54.23935699 -25.65330505 16
    vertex -52.91527557 -28.28380394 7.900000095
  endloop
endfacet
facet normal -0.9142096885 -0.4052414656 0
  outer loop
    vertex -49.71940994 -23.51552963 8
    vertex -49.71940994 -23.51552963 11.5
    vertex -50.81337357 -21.04758835 11.5
  endloop
endfacet
facet normal -0.932992684 -0.3598953343 0
  outer loop
    vertex -50.81337357 -21.04758835 8
    vertex -50.81337357 -21.04758835 11.5
    vertex -51.78492355 -18.52894211 11.5
  endloop
endfacet
facet normal -0.893224398 -0.4496111374 0
  outer loop
    vertex -48.50566864 -25.92682076 8
    vertex -48.50566864 -25.92682076 11.5
    vertex -49.71940994 -23.51552963 11.5
  endloop
endfacet
facet normal 0.8932243391 0.4496112543 0
  outer loop
    vertex -44.97798538 -24.04123306 8
    vertex -46.10345459 -21.8053093 11.5
    vertex -44.97798538 -24.04123306 11.5
  endloop
endfacet
facet normal 0.9329928865 0.3598948092 0
  outer loop
    vertex -47.11785507 -19.51685524 8
    vertex -48.01874542 -17.18138313 11.5
    vertex -47.11785507 -19.51685524 11.5
  endloop
endfacet
facet normal 0.914209968 0.405240835 0
  outer loop
    vertex -46.10345459 -21.8053093 8
    vertex -47.11785507 -19.51685524 11.5
    vertex -46.10345459 -21.8053093 11.5
  endloop
endfacet
facet normal -0.788346625 -0.6152313376 0
  outer loop
    vertex -44.17641449 -32.76346207 8
    vertex -42.51557541 -34.89163208 8
    vertex -44.17641449 -32.76346207 11.5
  endloop
endfacet
facet normal -0.7572083233 -0.6531734495 -0
  outer loop
    vertex -40.75231171 -36.93574142 8
    vertex -42.51557541 -34.89163208 11.5
    vertex -42.51557541 -34.89163208 8
  endloop
endfacet
facet normal 0.8175852283 0.575807602 -0
  outer loop
    vertex -40.9635849 -30.38066483 8
    vertex -42.40494919 -28.33408165 8
    vertex -42.40494919 -28.33408165 11.5
  endloop
endfacet
facet normal 0.7572084683 0.6531732814 -0
  outer loop
    vertex -39.42353439 -32.35405731 8
    vertex -39.42353439 -32.35405731 11.5
    vertex -37.78850555 -34.2495079 8
  endloop
endfacet
facet normal 0.7242475141 0.6895400919 -0
  outer loop
    vertex -36.06244659 -36.06244659 8
    vertex -37.78850555 -34.2495079 8
    vertex -37.78850555 -34.2495079 11.5
  endloop
endfacet
facet normal 0.7883464481 0.6152315644 -0
  outer loop
    vertex -40.9635849 -30.38066483 8
    vertex -40.9635849 -30.38066483 11.5
    vertex -39.42353439 -32.35405731 8
  endloop
endfacet
facet normal -0.788346625 -0.6152313376 0
  outer loop
    vertex -42.51557541 -34.89163208 8
    vertex -42.51557541 -34.89163208 11.5
    vertex -44.17641449 -32.76346207 11.5
  endloop
endfacet
facet normal -0.8175852136 -0.5758076229 0
  outer loop
    vertex -44.17641449 -32.76346207 8
    vertex -44.17641449 -32.76346207 11.5
    vertex -45.73082733 -30.55636215 11.5
  endloop
endfacet
facet normal 0.8448532177 0.5349981687 0
  outer loop
    vertex -42.40494919 -28.33408165 8
    vertex -43.7441597 -26.21924019 11.5
    vertex -42.40494919 -28.33408165 11.5
  endloop
endfacet
facet normal 0.8175852283 0.575807602 0
  outer loop
    vertex -40.9635849 -30.38066483 8
    vertex -42.40494919 -28.33408165 11.5
    vertex -40.9635849 -30.38066483 11.5
  endloop
endfacet
facet normal 0.7883464481 0.6152315644 0
  outer loop
    vertex -39.42353439 -32.35405731 8
    vertex -40.9635849 -30.38066483 11.5
    vertex -39.42353439 -32.35405731 11.5
  endloop
endfacet
facet normal 0.7572084683 0.6531732814 0
  outer loop
    vertex -37.78850555 -34.2495079 8
    vertex -39.42353439 -32.35405731 11.5
    vertex -37.78850555 -34.2495079 11.5
  endloop
endfacet
facet normal 0.7242475141 0.6895400919 0
  outer loop
    vertex -36.06244659 -36.06244659 8
    vertex -37.78850555 -34.2495079 11.5
    vertex -36.06244659 -36.06244659 11.5
  endloop
endfacet
facet normal 0.8700870105 0.492898158 -0
  outer loop
    vertex -43.7441597 -26.21924019 8
    vertex -44.97798538 -24.04123306 8
    vertex -44.97798538 -24.04123306 11.5
  endloop
endfacet
facet normal 0.8448532177 0.5349981687 -0
  outer loop
    vertex -42.40494919 -28.33408165 8
    vertex -43.7441597 -26.21924019 8
    vertex -43.7441597 -26.21924019 11.5
  endloop
endfacet
facet normal 0.8700870105 0.492898158 0
  outer loop
    vertex -43.7441597 -26.21924019 8
    vertex -44.97798538 -24.04123306 11.5
    vertex -43.7441597 -26.21924019 11.5
  endloop
endfacet
facet normal 0 0 -1
  outer loop
    vertex -51.78492355 -18.52894211 8
    vertex -52.63171768 -15.96565723 8
    vertex -48.01874542 -17.18138313 8
  endloop
endfacet
facet normal 0 0 -1
  outer loop
    vertex -52.63171768 -15.96565723 8
    vertex -48.80395889 -14.8045187 8
    vertex -48.01874542 -17.18138313 8
  endloop
endfacet
facet normal 0 0 -1
  outer loop
    vertex -52.63171768 -15.96565723 8
    vertex -53.3517189 -13.36390972 8
    vertex -48.80395889 -14.8045187 8
  endloop
endfacet
facet normal 0 0 -1
  outer loop
    vertex -53.3517189 -13.36390972 8
    vertex -49.47159576 -12.39198875 8
    vertex -48.80395889 -14.8045187 8
  endloop
endfacet
facet normal 0 0 -1
  outer loop
    vertex -53.3517189 -13.36390972 8
    vertex -53.94319153 -10.72996807 8
    vertex -49.47159576 -12.39198875 8
  endloop
endfacet
facet normal 0 -0 -1
  outer loop
    vertex -54.40470886 -8.070176125 8
    vertex -50.02005005 -9.949606895 8
    vertex -53.94319153 -10.72996807 8
  endloop
endfacet
facet normal 0 0 -1
  outer loop
    vertex -53.94319153 -10.72996807 8
    vertex -50.02005005 -9.949606895 8
    vertex -49.47159576 -12.39198875 8
  endloop
endfacet
facet normal 0 0 -1
  outer loop
    vertex -54.40470886 -8.070176125 8
    vertex -54.73516083 -5.390942574 8
    vertex -50.44800186 -7.483254433 8
  endloop
endfacet
facet normal 0 0 -1
  outer loop
    vertex -54.73516083 -5.390942574 8
    vertex -50.75442123 -4.998874187 8
    vertex -50.44800186 -7.483254433 8
  endloop
endfacet
facet normal 0 0 -1
  outer loop
    vertex -54.40470886 -8.070176125 8
    vertex -50.44800186 -7.483254433 8
    vertex -50.02005005 -9.949606895 8
  endloop
endfacet
facet normal 0 0 -1
  outer loop
    vertex -54.73516083 -5.390942574 8
    vertex -54.91152573 -3 8
    vertex -50.75442123 -4.998874187 8
  endloop
endfacet
facet normal 0 0 -1
  outer loop
    vertex -54.91152573 -3 8
    vertex -50.90186691 -3 8
    vertex -50.75442123 -4.998874187 8
  endloop
endfacet
facet normal 0 -0 1
  outer loop
    vertex -50.90186691 -3 8
    vertex -40 -3 8
    vertex -50.93856812 -2.50245142 8
  endloop
endfacet
facet normal -0 0 1
  outer loop
    vertex -50.93856812 -2.50245142 8
    vertex -40 -3 8
    vertex -40 3 8
  endloop
endfacet
facet normal -0.9495282703 -0.3136814687 -0
  outer loop
    vertex -51.78492355 -18.52894211 8
    vertex -52.63171768 -15.96565723 11.5
    vertex -52.63171768 -15.96565723 8
  endloop
endfacet
facet normal -0.9637759976 -0.266713004 -0
  outer loop
    vertex -52.63171768 -15.96565723 8
    vertex -53.3517189 -13.36390972 11.5
    vertex -53.3517189 -13.36390972 8
  endloop
endfacet
facet normal -0.9757020311 -0.2191016806 -0
  outer loop
    vertex -53.3517189 -13.36390972 8
    vertex -53.94319153 -10.72996807 11.5
    vertex -53.94319153 -10.72996807 8
  endloop
endfacet
facet normal 0.9757022071 0.219100897 -0
  outer loop
    vertex -50.02005005 -9.949606895 8
    vertex -50.02005005 -9.949606895 11.5
    vertex -49.47159576 -12.39198875 8
  endloop
endfacet
facet normal 0.9329928865 0.3598948092 -0
  outer loop
    vertex -47.11785507 -19.51685524 8
    vertex -48.01874542 -17.18138313 8
    vertex -48.01874542 -17.18138313 11.5
  endloop
endfacet
facet normal 0.9495277613 0.3136830096 -0
  outer loop
    vertex -48.01874542 -17.18138313 8
    vertex -48.80395889 -14.8045187 8
    vertex -48.80395889 -14.8045187 11.5
  endloop
endfacet
facet normal 0.963776074 0.2667127278 -0
  outer loop
    vertex -48.80395889 -14.8045187 8
    vertex -49.47159576 -12.39198875 8
    vertex -49.47159576 -12.39198875 11.5
  endloop
endfacet
facet normal -0.9495282703 -0.3136814687 0
  outer loop
    vertex -51.78492355 -18.52894211 8
    vertex -51.78492355 -18.52894211 11.5
    vertex -52.63171768 -15.96565723 11.5
  endloop
endfacet
facet normal -0.9637759976 -0.266713004 0
  outer loop
    vertex -52.63171768 -15.96565723 8
    vertex -52.63171768 -15.96565723 11.5
    vertex -53.3517189 -13.36390972 11.5
  endloop
endfacet
facet normal -0.9757020311 -0.2191016806 0
  outer loop
    vertex -53.3517189 -13.36390972 8
    vertex -53.3517189 -13.36390972 11.5
    vertex -53.94319153 -10.72996807 11.5
  endloop
endfacet
facet normal 0.9757022071 0.219100897 0
  outer loop
    vertex -49.47159576 -12.39198875 8
    vertex -50.02005005 -9.949606895 11.5
    vertex -49.47159576 -12.39198875 11.5
  endloop
endfacet
facet normal 0.9852777054 0.1709615258 0
  outer loop
    vertex -50.02005005 -9.949606895 8
    vertex -50.44800186 -7.483254433 11.5
    vertex -50.02005005 -9.949606895 11.5
  endloop
endfacet
facet normal 0.9495277613 0.3136830096 0
  outer loop
    vertex -48.01874542 -17.18138313 8
    vertex -48.80395889 -14.8045187 11.5
    vertex -48.01874542 -17.18138313 11.5
  endloop
endfacet
facet normal 0.963776074 0.2667127278 0
  outer loop
    vertex -48.80395889 -14.8045187 8
    vertex -49.47159576 -12.39198875 11.5
    vertex -48.80395889 -14.8045187 11.5
  endloop
endfacet
facet normal 0.9852777054 0.1709615258 -0
  outer loop
    vertex -50.02005005 -9.949606895 8
    vertex -50.44800186 -7.483254433 8
    vertex -50.44800186 -7.483254433 11.5
  endloop
endfacet
facet normal 0.9924795203 0.1224107914 -0
  outer loop
    vertex -50.44800186 -7.483254433 8
    vertex -50.75442123 -4.998874187 8
    vertex -50.75442123 -4.998874187 11.5
  endloop
endfacet
facet normal 0.9972904618 0.07356449442 -4.304779314e-08
  outer loop
    vertex -50.75442123 -4.998874187 8
    vertex -50.90186691 -3 8
    vertex -50.93856812 -2.50245142 11.5
  endloop
endfacet
facet normal 0.997290484 0.07356419324 -0
  outer loop
    vertex -50.90186691 -3 8
    vertex -50.93856812 -2.50245142 8
    vertex -50.93856812 -2.50245142 11.5
  endloop
endfacet
facet normal 0.9996988172 0.02454128862 -0
  outer loop
    vertex -50.93856812 -2.50245142 8
    vertex -51 6.245698657e-15 8
    vertex -51 6.245698657e-15 11.5
  endloop
endfacet
facet normal 0.9924795203 0.1224107914 0
  outer loop
    vertex -50.44800186 -7.483254433 8
    vertex -50.75442123 -4.998874187 11.5
    vertex -50.44800186 -7.483254433 11.5
  endloop
endfacet
facet normal 0.9972904662 0.07356443439 0
  outer loop
    vertex -50.75442123 -4.998874187 8
    vertex -50.93856812 -2.50245142 11.5
    vertex -50.75442123 -4.998874187 11.5
  endloop
endfacet
facet normal 0.9996988172 0.02454128862 0
  outer loop
    vertex -50.93856812 -2.50245142 8
    vertex -51 6.245698657e-15 11.5
    vertex -50.93856812 -2.50245142 11.5
  endloop
endfacet
facet normal -0.9329927746 -0.3598950994 0
  outer loop
    vertex -63.55422592 -22.74006462 8
    vertex -62.36186981 -25.83113098 16
    vertex -63.55422592 -22.74006462 16
  endloop
endfacet
facet normal -0.9495280717 -0.3136820701 0
  outer loop
    vertex -64.59347534 -19.59421539 8
    vertex -63.55422592 -22.74006462 16
    vertex -64.59347534 -19.59421539 16
  endloop
endfacet
facet normal -0.8700870161 -0.4928981481 0
  outer loop
    vertex -59.52968597 -31.81928062 8
    vertex -57.89668274 -34.70193481 16
    vertex -59.52968597 -31.81928062 16
  endloop
endfacet
facet normal -0.8932246662 -0.4496106045 0
  outer loop
    vertex -61.01927567 -28.85996819 8
    vertex -59.52968597 -31.81928062 16
    vertex -61.01927567 -28.85996819 16
  endloop
endfacet
facet normal -0.8448534937 -0.5349977328 -0
  outer loop
    vertex -56.12419891 -37.50099182 16
    vertex -57.89668274 -34.70193481 16
    vertex -57.89668274 -34.70193481 8
  endloop
endfacet
facet normal -0.9142094256 -0.4052420586 0
  outer loop
    vertex -62.36186981 -25.83113098 8
    vertex -61.01927567 -28.85996819 16
    vertex -62.36186981 -25.83113098 16
  endloop
endfacet
facet normal 0.9142094317 0.405242045 0
  outer loop
    vertex -54.23935699 -25.65330505 7.900000095
    vertex -55.43277359 -22.96100616 16
    vertex -54.23935699 -25.65330505 16
  endloop
endfacet
facet normal 0.9495283289 0.3136812915 0
  outer loop
    vertex -56.49264526 -20.21339035 7.900000095
    vertex -57.41641998 -17.41707993 16
    vertex -56.49264526 -20.21339035 16
  endloop
endfacet
facet normal 0.9329928788 0.3598948291 0
  outer loop
    vertex -55.43277359 -22.96100616 7.900000095
    vertex -56.49264526 -20.21339035 16
    vertex -55.43277359 -22.96100616 16
  endloop
endfacet
facet normal -0 0 1
  outer loop
    vertex -59.52968597 -31.81928062 16
    vertex -57.89668274 -34.70193481 16
    vertex -52.91527557 -28.28380394 16
  endloop
endfacet
facet normal 0 -0 1
  outer loop
    vertex -56.12419891 -37.50099182 16
    vertex -51.46371841 -30.8461647 16
    vertex -57.89668274 -34.70193481 16
  endloop
endfacet
facet normal 0 -0 1
  outer loop
    vertex -59.52968597 -31.81928062 16
    vertex -54.23935699 -25.65330505 16
    vertex -61.01927567 -28.85996819 16
  endloop
endfacet
facet normal 0 -0 1
  outer loop
    vertex -57.89668274 -34.70193481 16
    vertex -51.46371841 -30.8461647 16
    vertex -52.91527557 -28.28380394 16
  endloop
endfacet
facet normal 0 -0 1
  outer loop
    vertex -59.52968597 -31.81928062 16
    vertex -52.91527557 -28.28380394 16
    vertex -54.23935699 -25.65330505 16
  endloop
endfacet
facet normal -0 0 1
  outer loop
    vertex -63.55422592 -22.74006462 16
    vertex -62.36186981 -25.83113098 16
    vertex -56.49264526 -20.21339035 16
  endloop
endfacet
facet normal 0 -0 1
  outer loop
    vertex -61.01927567 -28.85996819 16
    vertex -55.43277359 -22.96100616 16
    vertex -62.36186981 -25.83113098 16
  endloop
endfacet
facet normal 0 -0 1
  outer loop
    vertex -63.55422592 -22.74006462 16
    vertex -57.41641998 -17.41707993 16
    vertex -64.59347534 -19.59421539 16
  endloop
endfacet
facet normal 0 -0 1
  outer loop
    vertex -63.55422592 -22.74006462 16
    vertex -56.49264526 -20.21339035 16
    vertex -57.41641998 -17.41707993 16
  endloop
endfacet
facet normal 0 -0 1
  outer loop
    vertex -61.01927567 -28.85996819 16
    vertex -54.23935699 -25.65330505 16
    vertex -55.43277359 -22.96100616 16
  endloop
endfacet
facet normal 0 -0 1
  outer loop
    vertex -62.36186981 -25.83113098 16
    vertex -55.43277359 -22.96100616 16
    vertex -56.49264526 -20.21339035 16
  endloop
endfacet
facet normal -0.9757024924 -0.2190996266 0
  outer loop
    vertex -66.20300293 -13.16859627 8
    vertex -65.47711182 -16.40116119 16
    vertex -66.20300293 -13.16859627 16
  endloop
endfacet
facet normal -0.9637761145 -0.2667125814 0
  outer loop
    vertex -65.47711182 -16.40116119 8
    vertex -64.59347534 -19.59421539 16
    vertex -65.47711182 -16.40116119 16
  endloop
endfacet
facet normal -0.9852773361 -0.1709636539 0
  outer loop
    vertex -66.76941681 -9.904307365 8
    vertex -66.20300293 -13.16859627 16
    vertex -66.76941681 -9.904307365 16
  endloop
endfacet
facet normal 0 0 -1
  outer loop
    vertex -68.19999695 -4 11.5
    vertex -67.41869354 -3.312067986 11.5
    vertex -67.36795044 -4 11.5
  endloop
endfacet
facet normal 0 0 -1
  outer loop
    vertex -68.19999695 -4 11.5
    vertex -67.5 8.266365633e-15 11.5
    vertex -67.41869354 -3.312067986 11.5
  endloop
endfacet
facet normal -0.9972904188 -0.07356507665 -6.174017288e-07
  outer loop
    vertex -67.41869354 -3.312067986 8
    vertex -67.17497253 -6.616157055 16
    vertex -67.36795044 -4 11.5
  endloop
endfacet
facet normal 0 -1 0
  outer loop
    vertex -68.19999695 -4 11.5
    vertex -67.36795044 -4 11.5
    vertex -67.90000153 -4 14
  endloop
endfacet
facet normal 0 -1 0
  outer loop
    vertex -67.36795044 -4 11.5
    vertex -67.36795044 -4 14
    vertex -67.90000153 -4 14
  endloop
endfacet
facet normal -0.9924794955 -0.122410992 0
  outer loop
    vertex -67.17497253 -6.616157055 8
    vertex -66.76941681 -9.904307365 16
    vertex -67.17497253 -6.616157055 16
  endloop
endfacet
facet normal 0.9852777841 0.1709610723 0
  outer loop
    vertex -58.84711838 -11.70541954 7.900000095
    vertex -59.35058975 -8.803828239 16
    vertex -58.84711838 -11.70541954 16
  endloop
endfacet
facet normal 0.9637761603 0.2667124158 0
  outer loop
    vertex -57.41641998 -17.41707993 7.900000095
    vertex -58.20187378 -14.57881069 16
    vertex -57.41641998 -17.41707993 16
  endloop
endfacet
facet normal 0.9757019095 0.2191022223 0
  outer loop
    vertex -58.20187378 -14.57881069 7.900000095
    vertex -58.84711838 -11.70541954 16
    vertex -58.20187378 -14.57881069 16
  endloop
endfacet
facet normal 0.9924795445 0.1224105951 0
  outer loop
    vertex -59.35058975 -8.803828239 7.900000095
    vertex -59.71108246 -5.881028652 16
    vertex -59.35058975 -8.803828239 16
  endloop
endfacet
facet normal 0.9972904441 0.07356473438 0
  outer loop
    vertex -59.71108246 -5.881028652 7.900000095
    vertex -59.92772675 -2.944060564 16
    vertex -59.71108246 -5.881028652 16
  endloop
endfacet
facet normal 0.9996988135 0.02454144033 0
  outer loop
    vertex -59.92772675 -2.944060564 8
    vertex -60 7.347880374e-15 16
    vertex -59.92772675 -2.944060564 16
  endloop
endfacet
facet normal 0 -0 1
  outer loop
    vertex -65.47711182 -16.40116119 16
    vertex -58.84711838 -11.70541954 16
    vertex -66.20300293 -13.16859627 16
  endloop
endfacet
facet normal 0 -0 1
  outer loop
    vertex -66.20300293 -13.16859627 16
    vertex -59.35058975 -8.803828239 16
    vertex -66.76941681 -9.904307365 16
  endloop
endfacet
facet normal 0 -1 0
  outer loop
    vertex -68.19999695 -4 11.5
    vertex -67.90000153 -4 14
    vertex -67.90000153 -4 15.5
  endloop
endfacet
facet normal 0 -0 1
  outer loop
    vertex -67.90000153 -4 14
    vertex -67.36795044 -4 14
    vertex -67.41869354 -3.312067986 14
  endloop
endfacet
facet normal 0 -0 1
  outer loop
    vertex -67.90000153 -4 14
    vertex -67.41869354 -3.312067986 14
    vertex -67.5 8.266365633e-15 14
  endloop
endfacet
facet normal 0 -1 0
  outer loop
    vertex -68.19999695 -4 11.5
    vertex -67.90000153 -4 15.5
    vertex -68.19999695 -4 15.5
  endloop
endfacet
facet normal -1 0 0
  outer loop
    vertex -68.19999695 -4 11.5
    vertex -68.19999695 -4 15.5
    vertex -68.19999695 4 15.5
  endloop
endfacet
facet normal -0.9972904967 -0.07356402042 0
  outer loop
    vertex -67.36795044 -4 11.5
    vertex -67.17497253 -6.616157055 16
    vertex -67.36795044 -4 14
  endloop
endfacet
facet normal -0.9972906493 -0.07356195249 -0
  outer loop
    vertex -67.36795044 -4 14
    vertex -67.41869354 -3.312067986 16
    vertex -67.41869354 -3.312067986 14
  endloop
endfacet
facet normal -0.9996988205 -0.02454115376 -0
  outer loop
    vertex -67.41869354 -3.312067986 14
    vertex -67.5 8.266365633e-15 16
    vertex -67.5 8.266365633e-15 14
  endloop
endfacet
facet normal 1 0 -0
  outer loop
    vertex -67.90000153 -4 14
    vertex -67.90000153 4 15.5
    vertex -67.90000153 -4 15.5
  endloop
endfacet
facet normal 0 0 1
  outer loop
    vertex -68.19999695 -4 15.5
    vertex -67.90000153 -4 15.5
    vertex -67.90000153 4 15.5
  endloop
endfacet
facet normal -0.9972905285 -0.07356358986 5.662654782e-07
  outer loop
    vertex -67.36795044 -4 14
    vertex -67.17497253 -6.616157055 16
    vertex -67.41869354 -3.312067986 16
  endloop
endfacet
facet normal 0 -0 1
  outer loop
    vertex -66.76941681 -9.904307365 16
    vertex -59.71108246 -5.881028652 16
    vertex -67.17497253 -6.616157055 16
  endloop
endfacet
facet normal -0.9996988205 -0.02454115376 0
  outer loop
    vertex -67.41869354 -3.312067986 14
    vertex -67.41869354 -3.312067986 16
    vertex -67.5 8.266365633e-15 16
  endloop
endfacet
facet normal 0 -0 1
  outer loop
    vertex -67.17497253 -6.616157055 16
    vertex -59.92772675 -2.944060564 16
    vertex -67.41869354 -3.312067986 16
  endloop
endfacet
facet normal 0 -0 1
  outer loop
    vertex -67.41869354 -3.312067986 16
    vertex -60 7.347880374e-15 16
    vertex -67.5 8.266365633e-15 16
  endloop
endfacet
facet normal 0 -0 1
  outer loop
    vertex -64.59347534 -19.59421539 16
    vertex -58.20187378 -14.57881069 16
    vertex -65.47711182 -16.40116119 16
  endloop
endfacet
facet normal 0 -0 1
  outer loop
    vertex -65.47711182 -16.40116119 16
    vertex -58.20187378 -14.57881069 16
    vertex -58.84711838 -11.70541954 16
  endloop
endfacet
facet normal 0 -0 1
  outer loop
    vertex -64.59347534 -19.59421539 16
    vertex -57.41641998 -17.41707993 16
    vertex -58.20187378 -14.57881069 16
  endloop
endfacet
facet normal 0 -0 1
  outer loop
    vertex -66.20300293 -13.16859627 16
    vertex -58.84711838 -11.70541954 16
    vertex -59.35058975 -8.803828239 16
  endloop
endfacet
facet normal 0 -0 1
  outer loop
    vertex -66.76941681 -9.904307365 16
    vertex -59.35058975 -8.803828239 16
    vertex -59.71108246 -5.881028652 16
  endloop
endfacet
facet normal 0 -0 1
  outer loop
    vertex -67.17497253 -6.616157055 16
    vertex -59.71108246 -5.881028652 16
    vertex -59.92772675 -2.944060564 16
  endloop
endfacet
facet normal 0 -0 1
  outer loop
    vertex -67.41869354 -3.312067986 16
    vertex -59.92772675 -2.944060564 16
    vertex -60 7.347880374e-15 16
  endloop
endfacet
facet normal 0 -0 1
  outer loop
    vertex -45.73082733 -30.55636215 11.5
    vertex -43.7441597 -26.21924019 11.5
    vertex -47.17507172 -28.27565002 11.5
  endloop
endfacet
facet normal 0.8448530926 0.5349983663 0
  outer loop
    vertex -49.88817596 -33.33421326 7.900000095
    vertex -51.46371841 -30.8461647 16
    vertex -49.88817596 -33.33421326 16
  endloop
endfacet
facet normal 0.8700873237 0.4928976052 0
  outer loop
    vertex -51.46371841 -30.8461647 7.900000095
    vertex -52.91527557 -28.28380394 16
    vertex -51.46371841 -30.8461647 16
  endloop
endfacet
facet normal 0.8932243623 0.4496112084 0
  outer loop
    vertex -52.91527557 -28.28380394 7.900000095
    vertex -54.23935699 -25.65330505 16
    vertex -52.91527557 -28.28380394 16
  endloop
endfacet
facet normal 0.8175849918 0.5758079377 0
  outer loop
    vertex -48.19245148 -35.74195862 7.900000095
    vertex -49.88817596 -33.33421326 16
    vertex -48.19245148 -35.74195862 16
  endloop
endfacet
facet normal -0 0 1
  outer loop
    vertex -51.78492355 -18.52894211 11.5
    vertex -50.81337357 -21.04758835 11.5
    vertex -48.01874542 -17.18138313 11.5
  endloop
endfacet
facet normal -0 0 1
  outer loop
    vertex -49.71940994 -23.51552963 11.5
    vertex -48.50566864 -25.92682076 11.5
    vertex -46.10345459 -21.8053093 11.5
  endloop
endfacet
facet normal 0 -0 1
  outer loop
    vertex -47.17507172 -28.27565002 11.5
    vertex -44.97798538 -24.04123306 11.5
    vertex -48.50566864 -25.92682076 11.5
  endloop
endfacet
facet normal 0 -0 1
  outer loop
    vertex -47.17507172 -28.27565002 11.5
    vertex -43.7441597 -26.21924019 11.5
    vertex -44.97798538 -24.04123306 11.5
  endloop
endfacet
facet normal 0 -0 1
  outer loop
    vertex -48.50566864 -25.92682076 11.5
    vertex -44.97798538 -24.04123306 11.5
    vertex -46.10345459 -21.8053093 11.5
  endloop
endfacet
facet normal 0 -0 1
  outer loop
    vertex -49.71940994 -23.51552963 11.5
    vertex -47.11785507 -19.51685524 11.5
    vertex -50.81337357 -21.04758835 11.5
  endloop
endfacet
facet normal 0 -0 1
  outer loop
    vertex -49.71940994 -23.51552963 11.5
    vertex -46.10345459 -21.8053093 11.5
    vertex -47.11785507 -19.51685524 11.5
  endloop
endfacet
facet normal 0 -0 1
  outer loop
    vertex -50.81337357 -21.04758835 11.5
    vertex -47.11785507 -19.51685524 11.5
    vertex -48.01874542 -17.18138313 11.5
  endloop
endfacet
facet normal 0 -0 1
  outer loop
    vertex -40.75231171 -36.93574142 11.5
    vertex -39.42353439 -32.35405731 11.5
    vertex -42.51557541 -34.89163208 11.5
  endloop
endfacet
facet normal -0 0 1
  outer loop
    vertex -44.17641449 -32.76346207 11.5
    vertex -42.51557541 -34.89163208 11.5
    vertex -40.9635849 -30.38066483 11.5
  endloop
endfacet
facet normal 0 -0 1
  outer loop
    vertex -42.51557541 -34.89163208 11.5
    vertex -39.42353439 -32.35405731 11.5
    vertex -40.9635849 -30.38066483 11.5
  endloop
endfacet
facet normal -0 0 1
  outer loop
    vertex -45.73082733 -30.55636215 11.5
    vertex -44.17641449 -32.76346207 11.5
    vertex -42.40494919 -28.33408165 11.5
  endloop
endfacet
facet normal 0 -0 1
  outer loop
    vertex -45.73082733 -30.55636215 11.5
    vertex -42.40494919 -28.33408165 11.5
    vertex -43.7441597 -26.21924019 11.5
  endloop
endfacet
facet normal 0 -0 1
  outer loop
    vertex -44.17641449 -32.76346207 11.5
    vertex -40.9635849 -30.38066483 11.5
    vertex -42.40494919 -28.33408165 11.5
  endloop
endfacet
facet normal 0 -0 1
  outer loop
    vertex -40.75231171 -36.93574142 11.5
    vertex -37.78850555 -34.2495079 11.5
    vertex -39.42353439 -32.35405731 11.5
  endloop
endfacet
facet normal 0 -0 1
  outer loop
    vertex -56.12419891 -37.50099182 16
    vertex -49.88817596 -33.33421326 16
    vertex -51.46371841 -30.8461647 16
  endloop
endfacet
facet normal 0 -0 1
  outer loop
    vertex -52.63171768 -15.96565723 11.5
    vertex -49.47159576 -12.39198875 11.5
    vertex -53.3517189 -13.36390972 11.5
  endloop
endfacet
facet normal 0 -0 1
  outer loop
    vertex -51.78492355 -18.52894211 11.5
    vertex -48.80395889 -14.8045187 11.5
    vertex -52.63171768 -15.96565723 11.5
  endloop
endfacet
facet normal 0 -0 1
  outer loop
    vertex -51.78492355 -18.52894211 11.5
    vertex -48.01874542 -17.18138313 11.5
    vertex -48.80395889 -14.8045187 11.5
  endloop
endfacet
facet normal 0 -0 1
  outer loop
    vertex -52.63171768 -15.96565723 11.5
    vertex -48.80395889 -14.8045187 11.5
    vertex -49.47159576 -12.39198875 11.5
  endloop
endfacet
facet normal 0 -0 1
  outer loop
    vertex -53.3517189 -13.36390972 11.5
    vertex -50.02005005 -9.949606895 11.5
    vertex -53.94319153 -10.72996807 11.5
  endloop
endfacet
facet normal 0 -0 1
  outer loop
    vertex -53.3517189 -13.36390972 11.5
    vertex -49.47159576 -12.39198875 11.5
    vertex -50.02005005 -9.949606895 11.5
  endloop
endfacet
facet normal 0 -0 1
  outer loop
    vertex -53.94319153 -10.72996807 11.5
    vertex -50.02005005 -9.949606895 11.5
    vertex -50.44800186 -7.483254433 11.5
  endloop
endfacet
facet normal -0 0 1
  outer loop
    vertex -54.40470886 -8.070176125 11.5
    vertex -53.94319153 -10.72996807 11.5
    vertex -50.44800186 -7.483254433 11.5
  endloop
endfacet
facet normal 0 -0 1
  outer loop
    vertex -54.40470886 -8.070176125 11.5
    vertex -50.44800186 -7.483254433 11.5
    vertex -50.75442123 -4.998874187 11.5
  endloop
endfacet
facet normal 0 -0 1
  outer loop
    vertex -54.40470886 -8.070176125 11.5
    vertex -50.75442123 -4.998874187 11.5
    vertex -54.73516083 -5.390942574 11.5
  endloop
endfacet
facet normal 0 -0 1
  outer loop
    vertex -54.73516083 -5.390942574 11.5
    vertex -50.93856812 -2.50245142 11.5
    vertex -54.93375015 -2.698722124 11.5
  endloop
endfacet
facet normal 0 -0 1
  outer loop
    vertex -54.73516083 -5.390942574 11.5
    vertex -50.75442123 -4.998874187 11.5
    vertex -50.93856812 -2.50245142 11.5
  endloop
endfacet
facet normal 0 -0 1
  outer loop
    vertex -54.93375015 -2.698722124 11.5
    vertex -51 6.245698657e-15 11.5
    vertex -55 6.735557292e-15 11.5
  endloop
endfacet
facet normal 0 -0 1
  outer loop
    vertex -54.93375015 -2.698722124 11.5
    vertex -50.93856812 -2.50245142 11.5
    vertex -51 6.245698657e-15 11.5
  endloop
endfacet
facet normal -0 -0 1
  outer loop
    vertex -30.78396606 -65.08722687 8
    vertex -27.5532074 -66.51932526 8
    vertex -28.85996819 -61.01927567 8
  endloop
endfacet
facet normal 0 -0 1
  outer loop
    vertex -27.5532074 -66.51932526 8
    vertex -25.83113098 -62.36186981 8
    vertex -28.85996819 -61.01927567 8
  endloop
endfacet
facet normal -0 -0 1
  outer loop
    vertex -37.01539612 -61.75645828 8
    vertex -33.9405632 -63.49832916 8
    vertex -34.70193481 -57.89668274 8
  endloop
endfacet
facet normal -0 -0 1
  outer loop
    vertex -33.9405632 -63.49832916 8
    vertex -30.78396606 -65.08722687 8
    vertex -31.81928062 -59.52968597 8
  endloop
endfacet
facet normal 0 -0 1
  outer loop
    vertex -33.9405632 -63.49832916 8
    vertex -31.81928062 -59.52968597 8
    vertex -34.70193481 -57.89668274 8
  endloop
endfacet
facet normal 0 -0 1
  outer loop
    vertex -30.78396606 -65.08722687 8
    vertex -28.85996819 -61.01927567 8
    vertex -31.81928062 -59.52968597 8
  endloop
endfacet
facet normal 0 0 -1
  outer loop
    vertex -29.22659683 -54.67911911 7.900000095
    vertex -28.28380394 -52.91527557 7.900000095
    vertex -26.50841522 -56.04733658 7.900000095
  endloop
endfacet
facet normal -0 -0 1
  outer loop
    vertex -27.5532074 -66.51932526 8
    vertex -24.25606918 -67.79117584 8
    vertex -25.83113098 -62.36186981 8
  endloop
endfacet
facet normal -0 -0 1
  outer loop
    vertex -24.25606918 -67.79117584 8
    vertex -20.90049744 -68.89970398 8
    vertex -22.74006462 -63.55422592 8
  endloop
endfacet
facet normal 0 -0 1
  outer loop
    vertex -24.25606918 -67.79117584 8
    vertex -22.74006462 -63.55422592 8
    vertex -25.83113098 -62.36186981 8
  endloop
endfacet
facet normal -0 -0 1
  outer loop
    vertex -20.90049744 -68.89970398 8
    vertex -17.49457359 -69.84224701 8
    vertex -19.59421539 -64.59347534 8
  endloop
endfacet
facet normal -0 0 1
  outer loop
    vertex -22.74006462 -63.55422592 8
    vertex -20.90049744 -68.89970398 8
    vertex -19.59421539 -64.59347534 8
  endloop
endfacet
facet normal 0 0 -1
  outer loop
    vertex -26.50841522 -56.04733658 7.900000095
    vertex -28.28380394 -52.91527557 7.900000095
    vertex -25.65330505 -54.23935699 7.900000095
  endloop
endfacet
facet normal 0 0 -1
  outer loop
    vertex -26.50841522 -56.04733658 7.900000095
    vertex -25.65330505 -54.23935699 7.900000095
    vertex -23.72637367 -57.28053284 7.900000095
  endloop
endfacet
facet normal 0 0 -1
  outer loop
    vertex -23.72637367 -57.28053284 7.900000095
    vertex -22.96100616 -55.43277359 7.900000095
    vertex -20.88717079 -58.37573242 7.900000095
  endloop
endfacet
facet normal 0 -0 -1
  outer loop
    vertex -25.65330505 -54.23935699 7.900000095
    vertex -22.96100616 -55.43277359 7.900000095
    vertex -23.72637367 -57.28053284 7.900000095
  endloop
endfacet
facet normal 0 -0 -1
  outer loop
    vertex -22.96100616 -55.43277359 7.900000095
    vertex -20.21339035 -56.49264526 7.900000095
    vertex -20.88717079 -58.37573242 7.900000095
  endloop
endfacet
facet normal 0 0 -1
  outer loop
    vertex -20.88717079 -58.37573242 7.900000095
    vertex -20.21339035 -56.49264526 7.900000095
    vertex -17.99765015 -59.33029938 7.900000095
  endloop
endfacet
facet normal 0 -0 -1
  outer loop
    vertex -20.21339035 -56.49264526 7.900000095
    vertex -17.41707993 -57.41641998 7.900000095
    vertex -17.99765015 -59.33029938 7.900000095
  endloop
endfacet
facet normal -0.4928981481 -0.8700870161 0
  outer loop
    vertex -31.81928062 -59.52968597 8
    vertex -31.81928062 -59.52968597 16
    vertex -34.70193481 -57.89668274 8
  endloop
endfacet
facet normal -0.5349977328 -0.8448534937 0
  outer loop
    vertex -37.50099182 -56.12419891 8
    vertex -34.70193481 -57.89668274 8
    vertex -34.70193481 -57.89668274 16
  endloop
endfacet
facet normal -0.4496106045 -0.8932246662 0
  outer loop
    vertex -31.81928062 -59.52968597 8
    vertex -28.85996819 -61.01927567 8
    vertex -28.85996819 -61.01927567 16
  endloop
endfacet
facet normal -0.3598950994 -0.9329927746 0
  outer loop
    vertex -22.74006462 -63.55422592 8
    vertex -22.74006462 -63.55422592 16
    vertex -25.83113098 -62.36186981 8
  endloop
endfacet
facet normal -0.3136820701 -0.9495280717 0
  outer loop
    vertex -22.74006462 -63.55422592 8
    vertex -19.59421539 -64.59347534 8
    vertex -19.59421539 -64.59347534 16
  endloop
endfacet
facet normal -0.4052420586 -0.9142094256 0
  outer loop
    vertex -28.85996819 -61.01927567 8
    vertex -25.83113098 -62.36186981 8
    vertex -25.83113098 -62.36186981 16
  endloop
endfacet
facet normal 0.405242045 0.9142094317 -0
  outer loop
    vertex -25.65330505 -54.23935699 7.900000095
    vertex -25.65330505 -54.23935699 16
    vertex -22.96100616 -55.43277359 7.900000095
  endloop
endfacet
facet normal 0.3598948291 0.9329928788 -0
  outer loop
    vertex -22.96100616 -55.43277359 7.900000095
    vertex -22.96100616 -55.43277359 16
    vertex -20.21339035 -56.49264526 7.900000095
  endloop
endfacet
facet normal 0.3136812915 0.9495283289 -0
  outer loop
    vertex -20.21339035 -56.49264526 7.900000095
    vertex -20.21339035 -56.49264526 16
    vertex -17.41707993 -57.41641998 7.900000095
  endloop
endfacet
facet normal 0 0 -1
  outer loop
    vertex -36.93335724 -49.79886627 7.900000095
    vertex -35.74195862 -48.19245148 7.900000095
    vertex -34.44535446 -51.55111694 7.900000095
  endloop
endfacet
facet normal 0 0 -1
  outer loop
    vertex -34.44535446 -51.55111694 7.900000095
    vertex -35.74195862 -48.19245148 7.900000095
    vertex -33.33421326 -49.88817596 7.900000095
  endloop
endfacet
facet normal 0 0 -1
  outer loop
    vertex -34.44535446 -51.55111694 7.900000095
    vertex -33.33421326 -49.88817596 7.900000095
    vertex -31.87437057 -53.17917252 7.900000095
  endloop
endfacet
facet normal 0 0 -1
  outer loop
    vertex -31.87437057 -53.17917252 7.900000095
    vertex -33.33421326 -49.88817596 7.900000095
    vertex -30.8461647 -51.46371841 7.900000095
  endloop
endfacet
facet normal 0 0 -1
  outer loop
    vertex -29.22659683 -54.67911911 7.900000095
    vertex -31.87437057 -53.17917252 7.900000095
    vertex -30.8461647 -51.46371841 7.900000095
  endloop
endfacet
facet normal 0 0 -1
  outer loop
    vertex -29.22659683 -54.67911911 7.900000095
    vertex -30.8461647 -51.46371841 7.900000095
    vertex -28.28380394 -52.91527557 7.900000095
  endloop
endfacet
facet normal 0 -0 -1
  outer loop
    vertex -30.55636215 -45.73082733 8
    vertex -26.21924019 -43.7441597 8
    vertex -28.27565002 -47.17507172 8
  endloop
endfacet
facet normal 0 -0 -1
  outer loop
    vertex -36.93574142 -40.75231171 8
    vertex -32.35405731 -39.42353439 8
    vertex -34.89163208 -42.51557541 8
  endloop
endfacet
facet normal 0 -0 -1
  outer loop
    vertex -34.89163208 -42.51557541 8
    vertex -30.38066483 -40.9635849 8
    vertex -32.76346207 -44.17641449 8
  endloop
endfacet
facet normal 0 0 -1
  outer loop
    vertex -34.89163208 -42.51557541 8
    vertex -32.35405731 -39.42353439 8
    vertex -30.38066483 -40.9635849 8
  endloop
endfacet
facet normal 0 0 -1
  outer loop
    vertex -36.93574142 -40.75231171 8
    vertex -34.2495079 -37.78850555 8
    vertex -32.35405731 -39.42353439 8
  endloop
endfacet
facet normal 0 0 -1
  outer loop
    vertex -30.55636215 -45.73082733 8
    vertex -32.76346207 -44.17641449 8
    vertex -28.33408165 -42.40494919 8
  endloop
endfacet
facet normal 0 0 -1
  outer loop
    vertex -32.76346207 -44.17641449 8
    vertex -30.38066483 -40.9635849 8
    vertex -28.33408165 -42.40494919 8
  endloop
endfacet
facet normal 0 0 -1
  outer loop
    vertex -30.55636215 -45.73082733 8
    vertex -28.33408165 -42.40494919 8
    vertex -26.21924019 -43.7441597 8
  endloop
endfacet
facet normal 0 -0 -1
  outer loop
    vertex -28.27565002 -47.17507172 8
    vertex -24.04123306 -44.97798538 8
    vertex -25.92682076 -48.50566864 8
  endloop
endfacet
facet normal 0 0 -1
  outer loop
    vertex -28.27565002 -47.17507172 8
    vertex -26.21924019 -43.7441597 8
    vertex -24.04123306 -44.97798538 8
  endloop
endfacet
facet normal 0 0 -1
  outer loop
    vertex -23.51552963 -49.71940994 8
    vertex -25.92682076 -48.50566864 8
    vertex -21.8053093 -46.10345459 8
  endloop
endfacet
facet normal 0 0 -1
  outer loop
    vertex -25.92682076 -48.50566864 8
    vertex -24.04123306 -44.97798538 8
    vertex -21.8053093 -46.10345459 8
  endloop
endfacet
facet normal 0 -0 -1
  outer loop
    vertex -21.04758835 -50.81337357 8
    vertex -17.18138313 -48.01874542 8
    vertex -18.52894211 -51.78492355 8
  endloop
endfacet
facet normal 0 0 -1
  outer loop
    vertex -23.51552963 -49.71940994 8
    vertex -21.8053093 -46.10345459 8
    vertex -19.51685524 -47.11785507 8
  endloop
endfacet
facet normal 0 -0 -1
  outer loop
    vertex -23.51552963 -49.71940994 8
    vertex -19.51685524 -47.11785507 8
    vertex -21.04758835 -50.81337357 8
  endloop
endfacet
facet normal 0 0 -1
  outer loop
    vertex -21.04758835 -50.81337357 8
    vertex -19.51685524 -47.11785507 8
    vertex -17.18138313 -48.01874542 8
  endloop
endfacet
facet normal -0.5349974501 -0.8448536727 0
  outer loop
    vertex -30.55636215 -45.73082733 8
    vertex -28.27565002 -47.17507172 8
    vertex -30.55636215 -45.73082733 11.5
  endloop
endfacet
facet normal -0.4928986348 -0.8700867404 0
  outer loop
    vertex -28.27565002 -47.17507172 8
    vertex -25.92682076 -48.50566864 8
    vertex -28.27565002 -47.17507172 11.5
  endloop
endfacet
facet normal 0.5349983663 0.8448530926 -0
  outer loop
    vertex -33.33421326 -49.88817596 7.900000095
    vertex -33.33421326 -49.88817596 16
    vertex -30.8461647 -51.46371841 7.900000095
  endloop
endfacet
facet normal 0.5758079377 0.8175849918 -0
  outer loop
    vertex -33.33421326 -49.88817596 7.900000095
    vertex -35.74195862 -48.19245148 7.900000095
    vertex -35.74195862 -48.19245148 16
  endloop
endfacet
facet normal 0.4928976052 0.8700873237 -0
  outer loop
    vertex -30.8461647 -51.46371841 7.900000095
    vertex -30.8461647 -51.46371841 16
    vertex -28.28380394 -52.91527557 7.900000095
  endloop
endfacet
facet normal 0.4496112084 0.8932243623 -0
  outer loop
    vertex -25.65330505 -54.23935699 7.900000095
    vertex -28.28380394 -52.91527557 7.900000095
    vertex -28.28380394 -52.91527557 16
  endloop
endfacet
facet normal -0.5758076229 -0.8175852136 0
  outer loop
    vertex -30.55636215 -45.73082733 8
    vertex -30.55636215 -45.73082733 11.5
    vertex -32.76346207 -44.17641449 11.5
  endloop
endfacet
facet normal -0.5349974501 -0.8448536727 0
  outer loop
    vertex -28.27565002 -47.17507172 8
    vertex -28.27565002 -47.17507172 11.5
    vertex -30.55636215 -45.73082733 11.5
  endloop
endfacet
facet normal -0.6152313376 -0.788346625 0
  outer loop
    vertex -34.89163208 -42.51557541 8
    vertex -32.76346207 -44.17641449 8
    vertex -34.89163208 -42.51557541 11.5
  endloop
endfacet
facet normal -0.5758076229 -0.8175852136 -0
  outer loop
    vertex -30.55636215 -45.73082733 8
    vertex -32.76346207 -44.17641449 11.5
    vertex -32.76346207 -44.17641449 8
  endloop
endfacet
facet normal 0.6895400919 0.7242475141 -0
  outer loop
    vertex -36.06244659 -36.06244659 8
    vertex -36.06244659 -36.06244659 11.5
    vertex -34.2495079 -37.78850555 8
  endloop
endfacet
facet normal 0.6531732814 0.7572084683 -0
  outer loop
    vertex -34.2495079 -37.78850555 8
    vertex -34.2495079 -37.78850555 11.5
    vertex -32.35405731 -39.42353439 8
  endloop
endfacet
facet normal 0.6152315644 0.7883464481 -0
  outer loop
    vertex -32.35405731 -39.42353439 8
    vertex -32.35405731 -39.42353439 11.5
    vertex -30.38066483 -40.9635849 8
  endloop
endfacet
facet normal 0.575807602 0.8175852283 -0
  outer loop
    vertex -30.38066483 -40.9635849 8
    vertex -30.38066483 -40.9635849 11.5
    vertex -28.33408165 -42.40494919 8
  endloop
endfacet
facet normal 0.5349981687 0.8448532177 -0
  outer loop
    vertex -28.33408165 -42.40494919 8
    vertex -28.33408165 -42.40494919 11.5
    vertex -26.21924019 -43.7441597 8
  endloop
endfacet
facet normal -0.6531734495 -0.7572083233 0
  outer loop
    vertex -36.93574142 -40.75231171 11.5
    vertex -34.89163208 -42.51557541 8
    vertex -34.89163208 -42.51557541 11.5
  endloop
endfacet
facet normal -0.6152313376 -0.788346625 0
  outer loop
    vertex -32.76346207 -44.17641449 8
    vertex -32.76346207 -44.17641449 11.5
    vertex -34.89163208 -42.51557541 11.5
  endloop
endfacet
facet normal 0.6895400919 0.7242475141 0
  outer loop
    vertex -36.06244659 -36.06244659 11.5
    vertex -34.2495079 -37.78850555 11.5
    vertex -34.2495079 -37.78850555 8
  endloop
endfacet
facet normal 0.6531732814 0.7572084683 0
  outer loop
    vertex -32.35405731 -39.42353439 8
    vertex -34.2495079 -37.78850555 11.5
    vertex -32.35405731 -39.42353439 11.5
  endloop
endfacet
facet normal 0.575807602 0.8175852283 0
  outer loop
    vertex -28.33408165 -42.40494919 8
    vertex -30.38066483 -40.9635849 11.5
    vertex -28.33408165 -42.40494919 11.5
  endloop
endfacet
facet normal 0.6152315644 0.7883464481 0
  outer loop
    vertex -30.38066483 -40.9635849 8
    vertex -32.35405731 -39.42353439 11.5
    vertex -30.38066483 -40.9635849 11.5
  endloop
endfacet
facet normal -0.4052414656 -0.9142096885 0
  outer loop
    vertex -23.51552963 -49.71940994 8
    vertex -21.04758835 -50.81337357 8
    vertex -23.51552963 -49.71940994 11.5
  endloop
endfacet
facet normal -0.4496111374 -0.893224398 -0
  outer loop
    vertex -23.51552963 -49.71940994 8
    vertex -25.92682076 -48.50566864 11.5
    vertex -25.92682076 -48.50566864 8
  endloop
endfacet
facet normal 0.4496112543 0.8932243391 -0
  outer loop
    vertex -21.8053093 -46.10345459 8
    vertex -24.04123306 -44.97798538 8
    vertex -24.04123306 -44.97798538 11.5
  endloop
endfacet
facet normal -0.3598953343 -0.932992684 0
  outer loop
    vertex -21.04758835 -50.81337357 8
    vertex -18.52894211 -51.78492355 8
    vertex -21.04758835 -50.81337357 11.5
  endloop
endfacet
facet normal 0.405240835 0.914209968 -0
  outer loop
    vertex -21.8053093 -46.10345459 8
    vertex -21.8053093 -46.10345459 11.5
    vertex -19.51685524 -47.11785507 8
  endloop
endfacet
facet normal 0.3598948092 0.9329928865 -0
  outer loop
    vertex -19.51685524 -47.11785507 8
    vertex -19.51685524 -47.11785507 11.5
    vertex -17.18138313 -48.01874542 8
  endloop
endfacet
facet normal -0.4928986348 -0.8700867404 0
  outer loop
    vertex -25.92682076 -48.50566864 8
    vertex -25.92682076 -48.50566864 11.5
    vertex -28.27565002 -47.17507172 11.5
  endloop
endfacet
facet normal -0.4496111374 -0.893224398 0
  outer loop
    vertex -23.51552963 -49.71940994 8
    vertex -23.51552963 -49.71940994 11.5
    vertex -25.92682076 -48.50566864 11.5
  endloop
endfacet
facet normal 0.4496112543 0.8932243391 0
  outer loop
    vertex -21.8053093 -46.10345459 8
    vertex -24.04123306 -44.97798538 11.5
    vertex -21.8053093 -46.10345459 11.5
  endloop
endfacet
facet normal -0.4052414656 -0.9142096885 0
  outer loop
    vertex -21.04758835 -50.81337357 8
    vertex -21.04758835 -50.81337357 11.5
    vertex -23.51552963 -49.71940994 11.5
  endloop
endfacet
facet normal -0.3598953343 -0.932992684 0
  outer loop
    vertex -18.52894211 -51.78492355 8
    vertex -18.52894211 -51.78492355 11.5
    vertex -21.04758835 -50.81337357 11.5
  endloop
endfacet
facet normal 0.405240835 0.914209968 0
  outer loop
    vertex -19.51685524 -47.11785507 8
    vertex -21.8053093 -46.10345459 11.5
    vertex -19.51685524 -47.11785507 11.5
  endloop
endfacet
facet normal 0.492898158 0.8700870105 -0
  outer loop
    vertex -26.21924019 -43.7441597 8
    vertex -26.21924019 -43.7441597 11.5
    vertex -24.04123306 -44.97798538 8
  endloop
endfacet
facet normal 0.5349981687 0.8448532177 0
  outer loop
    vertex -26.21924019 -43.7441597 8
    vertex -28.33408165 -42.40494919 11.5
    vertex -26.21924019 -43.7441597 11.5
  endloop
endfacet
facet normal 0.492898158 0.8700870105 0
  outer loop
    vertex -24.04123306 -44.97798538 8
    vertex -26.21924019 -43.7441597 11.5
    vertex -24.04123306 -44.97798538 11.5
  endloop
endfacet
facet normal -0 -0 1
  outer loop
    vertex -17.49457359 -69.84224701 8
    vertex -14.04650307 -70.616539 8
    vertex -16.40116119 -65.47711182 8
  endloop
endfacet
facet normal -0 0 1
  outer loop
    vertex -19.59421539 -64.59347534 8
    vertex -17.49457359 -69.84224701 8
    vertex -16.40116119 -65.47711182 8
  endloop
endfacet
facet normal 0 -0 1
  outer loop
    vertex -14.04650307 -70.616539 8
    vertex -13.16859627 -66.20300293 8
    vertex -16.40116119 -65.47711182 8
  endloop
endfacet
facet normal -0 -0 1
  outer loop
    vertex -14.04650307 -70.616539 8
    vertex -10.56459427 -71.22071075 8
    vertex -13.16859627 -66.20300293 8
  endloop
endfacet
facet normal -0 -0 1
  outer loop
    vertex -10.56459427 -71.22071075 8
    vertex -7.057234287 -71.65329742 8
    vertex -9.904307365 -66.76941681 8
  endloop
endfacet
facet normal 0 -0 1
  outer loop
    vertex -10.56459427 -71.22071075 8
    vertex -9.904307365 -66.76941681 8
    vertex -13.16859627 -66.20300293 8
  endloop
endfacet
facet normal 0 0 -1
  outer loop
    vertex -17.99765015 -59.33029938 7.900000095
    vertex -17.41707993 -57.41641998 7.900000095
    vertex -15.0647707 -60.14193726 7.900000095
  endloop
endfacet
facet normal 0 0 -1
  outer loop
    vertex -15.0647707 -60.14193726 7.900000095
    vertex -17.41707993 -57.41641998 7.900000095
    vertex -14.57881069 -58.20187378 7.900000095
  endloop
endfacet
facet normal 0 0 -1
  outer loop
    vertex -15.0647707 -60.14193726 7.900000095
    vertex -14.57881069 -58.20187378 7.900000095
    vertex -12.09560013 -60.80868912 7.900000095
  endloop
endfacet
facet normal 0 -0 -1
  outer loop
    vertex -14.57881069 -58.20187378 7.900000095
    vertex -12 -58.78096771 7.900000095
    vertex -12.09560013 -60.80868912 7.900000095
  endloop
endfacet
facet normal 0.2191021864 0.9757019175 0
  outer loop
    vertex -14.57881069 -58.20187378 7.900000095
    vertex -12 -58.78096771 8
    vertex -12 -58.78096771 7.900000095
  endloop
endfacet
facet normal 0 0 -1
  outer loop
    vertex -12.09560013 -60.80868912 7.900000095
    vertex -12 -58.78096771 7.900000095
    vertex -12 -60.82527542 7.900000095
  endloop
endfacet
facet normal -1 0 0
  outer loop
    vertex -12 -58.78096771 7.900000095
    vertex -12 -58.78096771 8
    vertex -12 -53.65799713 8
  endloop
endfacet
facet normal -0 0 1
  outer loop
    vertex -12 -58.78096771 8
    vertex -11.70541954 -58.84711838 8
    vertex -10.72996807 -53.94319153 8
  endloop
endfacet
facet normal 0 -0 1
  outer loop
    vertex -12 -58.78096771 8
    vertex -10.72996807 -53.94319153 8
    vertex -12 -53.65799713 8
  endloop
endfacet
facet normal -0 -0 1
  outer loop
    vertex -11.70541954 -58.84711838 8
    vertex -8.803828239 -59.35058975 8
    vertex -10.72996807 -53.94319153 8
  endloop
endfacet
facet normal 0 -0 1
  outer loop
    vertex -8.803828239 -59.35058975 8
    vertex -8.070176125 -54.40470886 8
    vertex -10.72996807 -53.94319153 8
  endloop
endfacet
facet normal -0 0 1
  outer loop
    vertex -9.904307365 -66.76941681 8
    vertex -7.057234287 -71.65329742 8
    vertex -6.616157055 -67.17497253 8
  endloop
endfacet
facet normal -0 -0 1
  outer loop
    vertex -7.057234287 -71.65329742 8
    vertex -3.532872438 -71.91326904 8
    vertex -6.616157055 -67.17497253 8
  endloop
endfacet
facet normal 0 0 1
  outer loop
    vertex -6.616157055 -67.17497253 8
    vertex -3.532872438 -71.91326904 8
    vertex -1.322618569e-14 -72 8
  endloop
endfacet
facet normal -0 -0 1
  outer loop
    vertex -6.616157055 -67.17497253 8
    vertex -1.322618569e-14 -72 8
    vertex -3.312067986 -67.41869354 8
  endloop
endfacet
facet normal -0 -0 1
  outer loop
    vertex -8.803828239 -59.35058975 8
    vertex -5.881028652 -59.71108246 8
    vertex -8.070176125 -54.40470886 8
  endloop
endfacet
facet normal 0 -0 1
  outer loop
    vertex -5.881028652 -59.71108246 8
    vertex -5.390942574 -54.73516083 8
    vertex -8.070176125 -54.40470886 8
  endloop
endfacet
facet normal 0 -0 1
  outer loop
    vertex -5.881028652 -59.71108246 8
    vertex -2.698722124 -54.93375015 8
    vertex -5.390942574 -54.73516083 8
  endloop
endfacet
facet normal -0 0 1
  outer loop
    vertex -5.881028652 -59.71108246 8
    vertex -2.944060564 -59.92772675 8
    vertex -2.698722124 -54.93375015 8
  endloop
endfacet
facet normal 0 -0 1
  outer loop
    vertex -2.944060564 -59.92772675 8
    vertex -1.010333615e-14 -55 8
    vertex -2.698722124 -54.93375015 8
  endloop
endfacet
facet normal -0 0 1
  outer loop
    vertex -2.944060564 -59.92772675 8
    vertex -1.102182056e-14 -60 8
    vertex -1.010333615e-14 -55 8
  endloop
endfacet
facet normal -0.2667125814 -0.9637761145 0
  outer loop
    vertex -19.59421539 -64.59347534 8
    vertex -16.40116119 -65.47711182 8
    vertex -16.40116119 -65.47711182 16
  endloop
endfacet
facet normal -0.2190996266 -0.9757024924 0
  outer loop
    vertex -16.40116119 -65.47711182 8
    vertex -13.16859627 -66.20300293 8
    vertex -13.16859627 -66.20300293 16
  endloop
endfacet
facet normal -0.1709636539 -0.9852773361 0
  outer loop
    vertex -13.16859627 -66.20300293 8
    vertex -9.904307365 -66.76941681 8
    vertex -9.904307365 -66.76941681 16
  endloop
endfacet
facet normal -0.1709617632 -0.9852776642 -0
  outer loop
    vertex -8.070176125 -54.40470886 8
    vertex -10.72996807 -53.94319153 11.5
    vertex -10.72996807 -53.94319153 8
  endloop
endfacet
facet normal 0.2667124158 0.9637761603 -0
  outer loop
    vertex -17.41707993 -57.41641998 7.900000095
    vertex -17.41707993 -57.41641998 16
    vertex -14.57881069 -58.20187378 7.900000095
  endloop
endfacet
facet normal 0.2191021864 0.9757019175 -0
  outer loop
    vertex -14.57881069 -58.20187378 7.900000095
    vertex -14.57881069 -58.20187378 16
    vertex -12 -58.78096771 8
  endloop
endfacet
facet normal 0.2191025361 0.975701839 1.183860108e-07
  outer loop
    vertex -12 -58.78096771 8
    vertex -14.57881069 -58.20187378 16
    vertex -11.70541954 -58.84711838 8
  endloop
endfacet
facet normal 0.1709610723 0.9852777841 -0
  outer loop
    vertex -11.70541954 -58.84711838 8
    vertex -11.70541954 -58.84711838 16
    vertex -8.803828239 -59.35058975 8
  endloop
endfacet
facet normal -0.07356358986 -0.9972905285 -3.235802733e-07
  outer loop
    vertex -6.616157055 -67.17497253 8
    vertex -3.312067986 -67.41869354 8
    vertex -4 -67.36795044 11.5
  endloop
endfacet
facet normal -0.02454115376 -0.9996988205 0
  outer loop
    vertex -3.312067986 -67.41869354 8
    vertex -1.239954845e-14 -67.5 8
    vertex -3.312067986 -67.41869354 11.5
  endloop
endfacet
facet normal -0.122410992 -0.9924794955 0
  outer loop
    vertex -9.904307365 -66.76941681 8
    vertex -6.616157055 -67.17497253 8
    vertex -6.616157055 -67.17497253 16
  endloop
endfacet
facet normal -0.07356195249 -0.9972906493 0
  outer loop
    vertex -3.312067986 -67.41869354 8
    vertex -3.312067986 -67.41869354 11.5
    vertex -4 -67.36795044 11.5
  endloop
endfacet
facet normal -0.02454115376 -0.9996988205 0
  outer loop
    vertex -1.239954845e-14 -67.5 8
    vertex -1.239954845e-14 -67.5 11.5
    vertex -3.312067986 -67.41869354 11.5
  endloop
endfacet
facet normal -0.1224106843 -0.9924795335 0
  outer loop
    vertex -8.070176125 -54.40470886 8
    vertex -5.390942574 -54.73516083 8
    vertex -8.070176125 -54.40470886 11.5
  endloop
endfacet
facet normal -0.073564274 -0.997290478 0
  outer loop
    vertex -5.390942574 -54.73516083 8
    vertex -2.698722124 -54.93375015 8
    vertex -5.390942574 -54.73516083 11.5
  endloop
endfacet
facet normal -0.0245412055 -0.9996988193 0
  outer loop
    vertex -2.698722124 -54.93375015 8
    vertex -1.010333615e-14 -55 8
    vertex -2.698722124 -54.93375015 11.5
  endloop
endfacet
facet normal 0.1224105951 0.9924795445 -0
  outer loop
    vertex -8.803828239 -59.35058975 8
    vertex -8.803828239 -59.35058975 16
    vertex -5.881028652 -59.71108246 8
  endloop
endfacet
facet normal 0.07356473438 0.9972904441 -0
  outer loop
    vertex -5.881028652 -59.71108246 8
    vertex -5.881028652 -59.71108246 16
    vertex -2.944060564 -59.92772675 8
  endloop
endfacet
facet normal -0.1709617632 -0.9852776642 0
  outer loop
    vertex -8.070176125 -54.40470886 8
    vertex -8.070176125 -54.40470886 11.5
    vertex -10.72996807 -53.94319153 11.5
  endloop
endfacet
facet normal -0.1224106843 -0.9924795335 0
  outer loop
    vertex -5.390942574 -54.73516083 8
    vertex -5.390942574 -54.73516083 11.5
    vertex -8.070176125 -54.40470886 11.5
  endloop
endfacet
facet normal 0.02454144033 0.9996988135 -0
  outer loop
    vertex -2.944060564 -59.92772675 8
    vertex -2.944060564 -59.92772675 16
    vertex -1.102182056e-14 -60 8
  endloop
endfacet
facet normal -0.073564274 -0.997290478 0
  outer loop
    vertex -2.698722124 -54.93375015 8
    vertex -2.698722124 -54.93375015 11.5
    vertex -5.390942574 -54.73516083 11.5
  endloop
endfacet
facet normal -0.0245412055 -0.9996988193 0
  outer loop
    vertex -1.010333615e-14 -55 8
    vertex -1.010333615e-14 -55 11.5
    vertex -2.698722124 -54.93375015 11.5
  endloop
endfacet
facet normal 0 -0 -1
  outer loop
    vertex -18.52894211 -51.78492355 8
    vertex -14.8045187 -48.80395889 8
    vertex -15.96565723 -52.63171768 8
  endloop
endfacet
facet normal 0 0 -1
  outer loop
    vertex -18.52894211 -51.78492355 8
    vertex -17.18138313 -48.01874542 8
    vertex -14.8045187 -48.80395889 8
  endloop
endfacet
facet normal 0 -0 -1
  outer loop
    vertex -15.96565723 -52.63171768 8
    vertex -12.39198875 -49.47159576 8
    vertex -13.36390972 -53.3517189 8
  endloop
endfacet
facet normal 0 0 -1
  outer loop
    vertex -15.96565723 -52.63171768 8
    vertex -14.8045187 -48.80395889 8
    vertex -12.39198875 -49.47159576 8
  endloop
endfacet
facet normal 0 0 -1
  outer loop
    vertex -13.36390972 -53.3517189 8
    vertex -12 -49.5596199 8
    vertex -12 -53.65799713 8
  endloop
endfacet
facet normal 0 0 -1
  outer loop
    vertex -13.36390972 -53.3517189 8
    vertex -12.39198875 -49.47159576 8
    vertex -12 -49.5596199 8
  endloop
endfacet
facet normal -0 -0 1
  outer loop
    vertex -12 -49.5596199 8
    vertex -9.949606895 -50.02005005 8
    vertex -12 -40.96152496 8
  endloop
endfacet
facet normal -0 -0 1
  outer loop
    vertex -9.949606895 -50.02005005 8
    vertex -7.483254433 -50.44800186 8
    vertex -12 -40.96152496 8
  endloop
endfacet
facet normal 0 0 1
  outer loop
    vertex -12 -40.96152496 8
    vertex -7.483254433 -50.44800186 8
    vertex -4.998874187 -50.75442123 8
  endloop
endfacet
facet normal 0 0 1
  outer loop
    vertex -12 -40.96152496 8
    vertex -4.998874187 -50.75442123 8
    vertex -2.50245142 -50.93856812 8
  endloop
endfacet
facet normal 0 0 1
  outer loop
    vertex -12 -40.96152496 8
    vertex -2.50245142 -50.93856812 8
    vertex -9.368547774e-15 -51 8
  endloop
endfacet
facet normal -0 0 1
  outer loop
    vertex -12 -40.96152496 8
    vertex -9.368547774e-15 -51 8
    vertex 2.50245142 -50.93856812 8
  endloop
endfacet
facet normal -0.3136814687 -0.9495282703 0
  outer loop
    vertex -18.52894211 -51.78492355 8
    vertex -15.96565723 -52.63171768 8
    vertex -18.52894211 -51.78492355 11.5
  endloop
endfacet
facet normal -0.266713004 -0.9637759976 0
  outer loop
    vertex -15.96565723 -52.63171768 8
    vertex -13.36390972 -53.3517189 8
    vertex -15.96565723 -52.63171768 11.5
  endloop
endfacet
facet normal 0.3136830096 0.9495277613 -0
  outer loop
    vertex -17.18138313 -48.01874542 8
    vertex -17.18138313 -48.01874542 11.5
    vertex -14.8045187 -48.80395889 8
  endloop
endfacet
facet normal 0.2667127278 0.963776074 -0
  outer loop
    vertex -14.8045187 -48.80395889 8
    vertex -14.8045187 -48.80395889 11.5
    vertex -12.39198875 -49.47159576 8
  endloop
endfacet
facet normal -0.2191026423 -0.9757018152 0
  outer loop
    vertex -13.36390972 -53.3517189 8
    vertex -12 -53.65799713 8
    vertex -13.36390972 -53.3517189 11.5
  endloop
endfacet
facet normal -0.2191006479 -0.975702263 8.163590763e-07
  outer loop
    vertex -12 -53.65799713 8
    vertex -10.72996807 -53.94319153 8
    vertex -13.36390972 -53.3517189 11.5
  endloop
endfacet
facet normal 0.219101527 0.9757020656 -0
  outer loop
    vertex -12 -49.5596199 8
    vertex -12.39198875 -49.47159576 8
    vertex -12.39198875 -49.47159576 11.5
  endloop
endfacet
facet normal 0.2191007765 0.9757022341 -8.829226794e-08
  outer loop
    vertex -12 -49.5596199 8
    vertex -12.39198875 -49.47159576 11.5
    vertex -9.949606895 -50.02005005 8
  endloop
endfacet
facet normal 0.1709615258 0.9852777054 -0
  outer loop
    vertex -9.949606895 -50.02005005 8
    vertex -9.949606895 -50.02005005 11.5
    vertex -7.483254433 -50.44800186 8
  endloop
endfacet
facet normal -0.3136814687 -0.9495282703 0
  outer loop
    vertex -15.96565723 -52.63171768 8
    vertex -15.96565723 -52.63171768 11.5
    vertex -18.52894211 -51.78492355 11.5
  endloop
endfacet
facet normal -0.266713004 -0.9637759976 0
  outer loop
    vertex -13.36390972 -53.3517189 8
    vertex -13.36390972 -53.3517189 11.5
    vertex -15.96565723 -52.63171768 11.5
  endloop
endfacet
facet normal 0.3598948092 0.9329928865 0
  outer loop
    vertex -17.18138313 -48.01874542 8
    vertex -19.51685524 -47.11785507 11.5
    vertex -17.18138313 -48.01874542 11.5
  endloop
endfacet
facet normal 0.3136830096 0.9495277613 0
  outer loop
    vertex -14.8045187 -48.80395889 8
    vertex -17.18138313 -48.01874542 11.5
    vertex -14.8045187 -48.80395889 11.5
  endloop
endfacet
facet normal -0.2191016806 -0.9757020311 0
  outer loop
    vertex -10.72996807 -53.94319153 8
    vertex -10.72996807 -53.94319153 11.5
    vertex -13.36390972 -53.3517189 11.5
  endloop
endfacet
facet normal 0.219100897 0.9757022071 0
  outer loop
    vertex -9.949606895 -50.02005005 8
    vertex -12.39198875 -49.47159576 11.5
    vertex -9.949606895 -50.02005005 11.5
  endloop
endfacet
facet normal 0.2667127278 0.963776074 0
  outer loop
    vertex -12.39198875 -49.47159576 8
    vertex -14.8045187 -48.80395889 11.5
    vertex -12.39198875 -49.47159576 11.5
  endloop
endfacet
facet normal 0.1224107914 0.9924795203 -0
  outer loop
    vertex -7.483254433 -50.44800186 8
    vertex -7.483254433 -50.44800186 11.5
    vertex -4.998874187 -50.75442123 8
  endloop
endfacet
facet normal 0.07356443439 0.9972904662 -0
  outer loop
    vertex -4.998874187 -50.75442123 8
    vertex -4.998874187 -50.75442123 11.5
    vertex -2.50245142 -50.93856812 8
  endloop
endfacet
facet normal 0.02454128862 0.9996988172 -0
  outer loop
    vertex -2.50245142 -50.93856812 8
    vertex -2.50245142 -50.93856812 11.5
    vertex -9.368547774e-15 -51 8
  endloop
endfacet
facet normal 0.1709615258 0.9852777054 0
  outer loop
    vertex -7.483254433 -50.44800186 8
    vertex -9.949606895 -50.02005005 11.5
    vertex -7.483254433 -50.44800186 11.5
  endloop
endfacet
facet normal 0.1224107914 0.9924795203 0
  outer loop
    vertex -4.998874187 -50.75442123 8
    vertex -7.483254433 -50.44800186 11.5
    vertex -4.998874187 -50.75442123 11.5
  endloop
endfacet
facet normal 0.07356443439 0.9972904662 0
  outer loop
    vertex -2.50245142 -50.93856812 8
    vertex -4.998874187 -50.75442123 11.5
    vertex -2.50245142 -50.93856812 11.5
  endloop
endfacet
facet normal 0.02454128862 0.9996988172 0
  outer loop
    vertex -9.368547774e-15 -51 8
    vertex -2.50245142 -50.93856812 11.5
    vertex -9.368547774e-15 -51 11.5
  endloop
endfacet
facet normal -0.4928981481 -0.8700870161 0
  outer loop
    vertex -34.70193481 -57.89668274 8
    vertex -31.81928062 -59.52968597 16
    vertex -34.70193481 -57.89668274 16
  endloop
endfacet
facet normal -0.4496106045 -0.8932246662 0
  outer loop
    vertex -31.81928062 -59.52968597 8
    vertex -28.85996819 -61.01927567 16
    vertex -31.81928062 -59.52968597 16
  endloop
endfacet
facet normal -0.4052420586 -0.9142094256 0
  outer loop
    vertex -28.85996819 -61.01927567 8
    vertex -25.83113098 -62.36186981 16
    vertex -28.85996819 -61.01927567 16
  endloop
endfacet
facet normal -0.3136820701 -0.9495280717 0
  outer loop
    vertex -22.74006462 -63.55422592 8
    vertex -19.59421539 -64.59347534 16
    vertex -22.74006462 -63.55422592 16
  endloop
endfacet
facet normal -0.2667125814 -0.9637761145 0
  outer loop
    vertex -19.59421539 -64.59347534 8
    vertex -16.40116119 -65.47711182 16
    vertex -19.59421539 -64.59347534 16
  endloop
endfacet
facet normal -0.3598950994 -0.9329927746 0
  outer loop
    vertex -25.83113098 -62.36186981 8
    vertex -22.74006462 -63.55422592 16
    vertex -25.83113098 -62.36186981 16
  endloop
endfacet
facet normal 0.405242045 0.9142094317 0
  outer loop
    vertex -22.96100616 -55.43277359 7.900000095
    vertex -25.65330505 -54.23935699 16
    vertex -22.96100616 -55.43277359 16
  endloop
endfacet
facet normal 0.3598948291 0.9329928788 0
  outer loop
    vertex -20.21339035 -56.49264526 7.900000095
    vertex -22.96100616 -55.43277359 16
    vertex -20.21339035 -56.49264526 16
  endloop
endfacet
facet normal 0.3136812915 0.9495283289 0
  outer loop
    vertex -17.41707993 -57.41641998 7.900000095
    vertex -20.21339035 -56.49264526 16
    vertex -17.41707993 -57.41641998 16
  endloop
endfacet
facet normal -0 0 1
  outer loop
    vertex -37.50099182 -56.12419891 16
    vertex -34.70193481 -57.89668274 16
    vertex -33.33421326 -49.88817596 16
  endloop
endfacet
facet normal 0 -0 1
  outer loop
    vertex -31.81928062 -59.52968597 16
    vertex -30.8461647 -51.46371841 16
    vertex -34.70193481 -57.89668274 16
  endloop
endfacet
facet normal -0 0 1
  outer loop
    vertex -31.81928062 -59.52968597 16
    vertex -28.85996819 -61.01927567 16
    vertex -28.28380394 -52.91527557 16
  endloop
endfacet
facet normal 0 -0 1
  outer loop
    vertex -31.81928062 -59.52968597 16
    vertex -28.28380394 -52.91527557 16
    vertex -30.8461647 -51.46371841 16
  endloop
endfacet
facet normal 0 -0 1
  outer loop
    vertex -28.85996819 -61.01927567 16
    vertex -25.65330505 -54.23935699 16
    vertex -28.28380394 -52.91527557 16
  endloop
endfacet
facet normal -0 0 1
  outer loop
    vertex -28.85996819 -61.01927567 16
    vertex -25.83113098 -62.36186981 16
    vertex -25.65330505 -54.23935699 16
  endloop
endfacet
facet normal 0 0 1
  outer loop
    vertex -22.74006462 -63.55422592 16
    vertex -22.96100616 -55.43277359 16
    vertex -25.83113098 -62.36186981 16
  endloop
endfacet
facet normal 0 -0 1
  outer loop
    vertex -25.83113098 -62.36186981 16
    vertex -22.96100616 -55.43277359 16
    vertex -25.65330505 -54.23935699 16
  endloop
endfacet
facet normal -0 -0 1
  outer loop
    vertex -22.74006462 -63.55422592 16
    vertex -19.59421539 -64.59347534 16
    vertex -20.21339035 -56.49264526 16
  endloop
endfacet
facet normal 0 -0 1
  outer loop
    vertex -19.59421539 -64.59347534 16
    vertex -17.41707993 -57.41641998 16
    vertex -20.21339035 -56.49264526 16
  endloop
endfacet
facet normal 0 -0 1
  outer loop
    vertex -22.74006462 -63.55422592 16
    vertex -20.21339035 -56.49264526 16
    vertex -22.96100616 -55.43277359 16
  endloop
endfacet
facet normal -0 -0 1
  outer loop
    vertex -30.55636215 -45.73082733 11.5
    vertex -28.27565002 -47.17507172 11.5
    vertex -28.33408165 -42.40494919 11.5
  endloop
endfacet
facet normal 0.5349983663 0.8448530926 0
  outer loop
    vertex -30.8461647 -51.46371841 7.900000095
    vertex -33.33421326 -49.88817596 16
    vertex -30.8461647 -51.46371841 16
  endloop
endfacet
facet normal 0.5758079377 0.8175849918 0
  outer loop
    vertex -33.33421326 -49.88817596 7.900000095
    vertex -35.74195862 -48.19245148 16
    vertex -33.33421326 -49.88817596 16
  endloop
endfacet
facet normal 0.4928976052 0.8700873237 0
  outer loop
    vertex -28.28380394 -52.91527557 7.900000095
    vertex -30.8461647 -51.46371841 16
    vertex -28.28380394 -52.91527557 16
  endloop
endfacet
facet normal -0 0 1
  outer loop
    vertex -34.89163208 -42.51557541 11.5
    vertex -32.76346207 -44.17641449 11.5
    vertex -32.35405731 -39.42353439 11.5
  endloop
endfacet
facet normal 0 -0 1
  outer loop
    vertex -32.76346207 -44.17641449 11.5
    vertex -30.38066483 -40.9635849 11.5
    vertex -32.35405731 -39.42353439 11.5
  endloop
endfacet
facet normal -0 0 1
  outer loop
    vertex -36.93574142 -40.75231171 11.5
    vertex -34.89163208 -42.51557541 11.5
    vertex -34.2495079 -37.78850555 11.5
  endloop
endfacet
facet normal 0 -0 1
  outer loop
    vertex -34.89163208 -42.51557541 11.5
    vertex -32.35405731 -39.42353439 11.5
    vertex -34.2495079 -37.78850555 11.5
  endloop
endfacet
facet normal 0 -0 1
  outer loop
    vertex -36.93574142 -40.75231171 11.5
    vertex -34.2495079 -37.78850555 11.5
    vertex -36.06244659 -36.06244659 11.5
  endloop
endfacet
facet normal 0 -0 1
  outer loop
    vertex -30.55636215 -45.73082733 11.5
    vertex -30.38066483 -40.9635849 11.5
    vertex -32.76346207 -44.17641449 11.5
  endloop
endfacet
facet normal 0 -0 1
  outer loop
    vertex -30.55636215 -45.73082733 11.5
    vertex -28.33408165 -42.40494919 11.5
    vertex -30.38066483 -40.9635849 11.5
  endloop
endfacet
facet normal 0 -0 1
  outer loop
    vertex -28.27565002 -47.17507172 11.5
    vertex -26.21924019 -43.7441597 11.5
    vertex -28.33408165 -42.40494919 11.5
  endloop
endfacet
facet normal -0 -0 1
  outer loop
    vertex -28.27565002 -47.17507172 11.5
    vertex -25.92682076 -48.50566864 11.5
    vertex -26.21924019 -43.7441597 11.5
  endloop
endfacet
facet normal 0 -0 1
  outer loop
    vertex -25.92682076 -48.50566864 11.5
    vertex -24.04123306 -44.97798538 11.5
    vertex -26.21924019 -43.7441597 11.5
  endloop
endfacet
facet normal 0 0 1
  outer loop
    vertex -23.51552963 -49.71940994 11.5
    vertex -24.04123306 -44.97798538 11.5
    vertex -25.92682076 -48.50566864 11.5
  endloop
endfacet
facet normal 0 -0 1
  outer loop
    vertex -23.51552963 -49.71940994 11.5
    vertex -21.8053093 -46.10345459 11.5
    vertex -24.04123306 -44.97798538 11.5
  endloop
endfacet
facet normal -0 -0 1
  outer loop
    vertex -21.04758835 -50.81337357 11.5
    vertex -18.52894211 -51.78492355 11.5
    vertex -19.51685524 -47.11785507 11.5
  endloop
endfacet
facet normal -0 -0 1
  outer loop
    vertex -23.51552963 -49.71940994 11.5
    vertex -21.04758835 -50.81337357 11.5
    vertex -21.8053093 -46.10345459 11.5
  endloop
endfacet
facet normal 0 -0 1
  outer loop
    vertex -21.04758835 -50.81337357 11.5
    vertex -19.51685524 -47.11785507 11.5
    vertex -21.8053093 -46.10345459 11.5
  endloop
endfacet
facet normal 0 -0 1
  outer loop
    vertex -18.52894211 -51.78492355 11.5
    vertex -17.18138313 -48.01874542 11.5
    vertex -19.51685524 -47.11785507 11.5
  endloop
endfacet
facet normal 0.4496112084 0.8932243623 0
  outer loop
    vertex -25.65330505 -54.23935699 7.900000095
    vertex -28.28380394 -52.91527557 16
    vertex -25.65330505 -54.23935699 16
  endloop
endfacet
facet normal 0 -0 1
  outer loop
    vertex -37.50099182 -56.12419891 16
    vertex -33.33421326 -49.88817596 16
    vertex -35.74195862 -48.19245148 16
  endloop
endfacet
facet normal 0 -0 1
  outer loop
    vertex -34.70193481 -57.89668274 16
    vertex -30.8461647 -51.46371841 16
    vertex -33.33421326 -49.88817596 16
  endloop
endfacet
facet normal -0.2190996266 -0.9757024924 0
  outer loop
    vertex -16.40116119 -65.47711182 8
    vertex -13.16859627 -66.20300293 16
    vertex -16.40116119 -65.47711182 16
  endloop
endfacet
facet normal -0.1709636539 -0.9852773361 0
  outer loop
    vertex -13.16859627 -66.20300293 8
    vertex -9.904307365 -66.76941681 16
    vertex -13.16859627 -66.20300293 16
  endloop
endfacet
facet normal 0.2667124158 0.9637761603 0
  outer loop
    vertex -14.57881069 -58.20187378 7.900000095
    vertex -17.41707993 -57.41641998 16
    vertex -14.57881069 -58.20187378 16
  endloop
endfacet
facet normal 0.2191022223 0.9757019095 0
  outer loop
    vertex -11.70541954 -58.84711838 8
    vertex -14.57881069 -58.20187378 16
    vertex -11.70541954 -58.84711838 16
  endloop
endfacet
facet normal 0.1709610723 0.9852777841 0
  outer loop
    vertex -8.803828239 -59.35058975 8
    vertex -11.70541954 -58.84711838 16
    vertex -8.803828239 -59.35058975 16
  endloop
endfacet
facet normal -0.07356402042 -0.9972904967 0
  outer loop
    vertex -6.616157055 -67.17497253 8
    vertex -4 -67.36795044 11.5
    vertex -4 -67.36795044 14
  endloop
endfacet
facet normal -0.07357174686 -0.9972899268 3.38726016e-06
  outer loop
    vertex -6.616157055 -67.17497253 8
    vertex -4 -67.36795044 14
    vertex -3.312067986 -67.41869354 16
  endloop
endfacet
facet normal -0.122410992 -0.9924794955 0
  outer loop
    vertex -9.904307365 -66.76941681 8
    vertex -6.616157055 -67.17497253 16
    vertex -9.904307365 -66.76941681 16
  endloop
endfacet
facet normal -0.07356358986 -0.9972905285 0
  outer loop
    vertex -6.616157055 -67.17497253 8
    vertex -3.312067986 -67.41869354 16
    vertex -6.616157055 -67.17497253 16
  endloop
endfacet
facet normal 0.1224105951 0.9924795445 0
  outer loop
    vertex -5.881028652 -59.71108246 8
    vertex -8.803828239 -59.35058975 16
    vertex -5.881028652 -59.71108246 16
  endloop
endfacet
facet normal 0.07356473438 0.9972904441 0
  outer loop
    vertex -2.944060564 -59.92772675 8
    vertex -5.881028652 -59.71108246 16
    vertex -2.944060564 -59.92772675 16
  endloop
endfacet
facet normal 0.02454144033 0.9996988135 0
  outer loop
    vertex -1.102182056e-14 -60 8
    vertex -2.944060564 -59.92772675 16
    vertex -1.102182141e-14 -60 16
  endloop
endfacet
facet normal -0 -0 1
  outer loop
    vertex -16.40116119 -65.47711182 16
    vertex -13.16859627 -66.20300293 16
    vertex -14.57881069 -58.20187378 16
  endloop
endfacet
facet normal -0 -0 1
  outer loop
    vertex -13.16859627 -66.20300293 16
    vertex -9.904307365 -66.76941681 16
    vertex -11.70541954 -58.84711838 16
  endloop
endfacet
facet normal -0 -0 1
  outer loop
    vertex -19.59421539 -64.59347534 16
    vertex -16.40116119 -65.47711182 16
    vertex -17.41707993 -57.41641998 16
  endloop
endfacet
facet normal 0 -0 1
  outer loop
    vertex -16.40116119 -65.47711182 16
    vertex -14.57881069 -58.20187378 16
    vertex -17.41707993 -57.41641998 16
  endloop
endfacet
facet normal 0 -0 1
  outer loop
    vertex -13.16859627 -66.20300293 16
    vertex -11.70541954 -58.84711838 16
    vertex -14.57881069 -58.20187378 16
  endloop
endfacet
facet normal 0 -0 1
  outer loop
    vertex -9.904307365 -66.76941681 16
    vertex -8.803828239 -59.35058975 16
    vertex -11.70541954 -58.84711838 16
  endloop
endfacet
facet normal -0.07356195249 -0.9972906493 0
  outer loop
    vertex -3.312067986 -67.41869354 16
    vertex -4 -67.36795044 14
    vertex -3.312067986 -67.41869354 14
  endloop
endfacet
facet normal -0.02454115376 -0.9996988205 -0
  outer loop
    vertex -3.312067986 -67.41869354 16
    vertex -3.312067986 -67.41869354 14
    vertex -1.239954845e-14 -67.5 14
  endloop
endfacet
facet normal -0 -0 1
  outer loop
    vertex -9.904307365 -66.76941681 16
    vertex -6.616157055 -67.17497253 16
    vertex -8.803828239 -59.35058975 16
  endloop
endfacet
facet normal -0 -0 1
  outer loop
    vertex -6.616157055 -67.17497253 16
    vertex -3.312067986 -67.41869354 16
    vertex -5.881028652 -59.71108246 16
  endloop
endfacet
facet normal -0.02454115376 -0.9996988205 0
  outer loop
    vertex -3.312067986 -67.41869354 16
    vertex -1.239954845e-14 -67.5 14
    vertex -1.239954845e-14 -67.5 16
  endloop
endfacet
facet normal -0 -0 1
  outer loop
    vertex -3.312067986 -67.41869354 16
    vertex -1.239954845e-14 -67.5 16
    vertex -2.944060564 -59.92772675 16
  endloop
endfacet
facet normal 0 -0 1
  outer loop
    vertex -6.616157055 -67.17497253 16
    vertex -5.881028652 -59.71108246 16
    vertex -8.803828239 -59.35058975 16
  endloop
endfacet
facet normal 0 -0 1
  outer loop
    vertex -3.312067986 -67.41869354 16
    vertex -2.944060564 -59.92772675 16
    vertex -5.881028652 -59.71108246 16
  endloop
endfacet
facet normal 0 -0 1
  outer loop
    vertex -1.239954845e-14 -67.5 16
    vertex -1.102182141e-14 -60 16
    vertex -2.944060564 -59.92772675 16
  endloop
endfacet
facet normal -0 -0 1
  outer loop
    vertex -18.52894211 -51.78492355 11.5
    vertex -15.96565723 -52.63171768 11.5
    vertex -17.18138313 -48.01874542 11.5
  endloop
endfacet
facet normal 0 -0 1
  outer loop
    vertex -15.96565723 -52.63171768 11.5
    vertex -14.8045187 -48.80395889 11.5
    vertex -17.18138313 -48.01874542 11.5
  endloop
endfacet
facet normal -0 -0 1
  outer loop
    vertex -15.96565723 -52.63171768 11.5
    vertex -13.36390972 -53.3517189 11.5
    vertex -14.8045187 -48.80395889 11.5
  endloop
endfacet
facet normal -0 0 1
  outer loop
    vertex -14.8045187 -48.80395889 11.5
    vertex -13.36390972 -53.3517189 11.5
    vertex -12.39198875 -49.47159576 11.5
  endloop
endfacet
facet normal -0 -0 1
  outer loop
    vertex -13.36390972 -53.3517189 11.5
    vertex -10.72996807 -53.94319153 11.5
    vertex -12.39198875 -49.47159576 11.5
  endloop
endfacet
facet normal 0 0 1
  outer loop
    vertex -8.070176125 -54.40470886 11.5
    vertex -9.949606895 -50.02005005 11.5
    vertex -10.72996807 -53.94319153 11.5
  endloop
endfacet
facet normal 0 -0 1
  outer loop
    vertex -10.72996807 -53.94319153 11.5
    vertex -9.949606895 -50.02005005 11.5
    vertex -12.39198875 -49.47159576 11.5
  endloop
endfacet
facet normal -0 -0 1
  outer loop
    vertex -8.070176125 -54.40470886 11.5
    vertex -5.390942574 -54.73516083 11.5
    vertex -7.483254433 -50.44800186 11.5
  endloop
endfacet
facet normal 0 -0 1
  outer loop
    vertex -8.070176125 -54.40470886 11.5
    vertex -7.483254433 -50.44800186 11.5
    vertex -9.949606895 -50.02005005 11.5
  endloop
endfacet
facet normal 0 -0 1
  outer loop
    vertex -5.390942574 -54.73516083 11.5
    vertex -4.998874187 -50.75442123 11.5
    vertex -7.483254433 -50.44800186 11.5
  endloop
endfacet
facet normal -0 -0 1
  outer loop
    vertex -5.390942574 -54.73516083 11.5
    vertex -2.698722124 -54.93375015 11.5
    vertex -4.998874187 -50.75442123 11.5
  endloop
endfacet
facet normal 0 -0 1
  outer loop
    vertex -2.698722124 -54.93375015 11.5
    vertex -2.50245142 -50.93856812 11.5
    vertex -4.998874187 -50.75442123 11.5
  endloop
endfacet
facet normal -0 -0 1
  outer loop
    vertex -2.698722124 -54.93375015 11.5
    vertex -1.010333615e-14 -55 11.5
    vertex -2.50245142 -50.93856812 11.5
  endloop
endfacet
facet normal 0 -0 1
  outer loop
    vertex -1.010333615e-14 -55 11.5
    vertex -9.368547774e-15 -51 11.5
    vertex -2.50245142 -50.93856812 11.5
  endloop
endfacet
facet normal 0 0 -1
  outer loop
    vertex -72 8.817457127e-15 0
    vertex -71.91326904 3.532872438 0
    vertex -62 7.592810115e-15 0
  endloop
endfacet
facet normal 0 0 -1
  outer loop
    vertex -71.91326904 3.532872438 0
    vertex -71.65329742 7.057234287 0
    vertex -61.92531967 3.042195797 0
  endloop
endfacet
facet normal 0 0 -1
  outer loop
    vertex -71.65329742 7.057234287 0
    vertex -71.22071075 10.56459427 0
    vertex -61.70145416 6.077062607 0
  endloop
endfacet
facet normal 0 -0 -1
  outer loop
    vertex -71.91326904 3.532872438 0
    vertex -61.92635727 3 0
    vertex -62 7.592810115e-15 0
  endloop
endfacet
facet normal 0 -0 -1
  outer loop
    vertex -71.91326904 3.532872438 0
    vertex -61.92531967 3.042195797 0
    vertex -61.92635727 3 0
  endloop
endfacet
facet normal 0 -0 -1
  outer loop
    vertex -71.65329742 7.057234287 0
    vertex -61.70145416 6.077062607 0
    vertex -61.92531967 3.042195797 0
  endloop
endfacet
facet normal 0 -0 -1
  outer loop
    vertex -71.22071075 10.56459427 0
    vertex -61.32894516 9.097289085 0
    vertex -61.70145416 6.077062607 0
  endloop
endfacet
facet normal 0 0 -1
  outer loop
    vertex -71.22071075 10.56459427 0
    vertex -70.616539 14.04650307 0
    vertex -61.32894516 9.097289085 0
  endloop
endfacet
facet normal 0 -0 -1
  outer loop
    vertex -70.616539 14.04650307 0
    vertex -60.80868912 12.09560013 0
    vertex -61.32894516 9.097289085 0
  endloop
endfacet
facet normal 0 0 -1
  outer loop
    vertex -70.616539 14.04650307 0
    vertex -69.84224701 17.49457359 0
    vertex -60.80868912 12.09560013 0
  endloop
endfacet
facet normal 0 0 -1
  outer loop
    vertex -69.84224701 17.49457359 0
    vertex -68.89970398 20.90049744 0
    vertex -60.14193726 15.0647707 0
  endloop
endfacet
facet normal 0 -0 -1
  outer loop
    vertex -69.84224701 17.49457359 0
    vertex -60.14193726 15.0647707 0
    vertex -60.80868912 12.09560013 0
  endloop
endfacet
facet normal 0 0 -1
  outer loop
    vertex -61.92635727 -3 0
    vertex -62 7.592810115e-15 0
    vertex -40 3 0
  endloop
endfacet
facet normal 0 0 -1
  outer loop
    vertex -62 7.592810115e-15 0
    vertex -61.92635727 3 0
    vertex -40 3 0
  endloop
endfacet
facet normal 0 0 -1
  outer loop
    vertex -60.14193726 15.0647707 0
    vertex -68.89970398 20.90049744 0
    vertex -59.33029938 17.99765015 0
  endloop
endfacet
facet normal -0.500000048 -0.8660253761 0
  outer loop
    vertex -60.52627945 21.08845711 -5
    vertex -55.28682709 18.06345749 -5
    vertex -55.28682709 18.06345749 -3.030863762
  endloop
endfacet
facet normal -0.4999998927 -0.8660254658 -5.50999119e-07
  outer loop
    vertex -60.52627945 21.08845711 -5
    vertex -55.28682709 18.06345749 -3.030863762
    vertex -55.50333023 18.18845558 -3
  endloop
endfacet
facet normal -0.5000000572 -0.8660253708 0
  outer loop
    vertex -60.52627945 21.08845711 -5
    vertex -55.50333023 18.18845558 -3
    vertex -55.50333023 18.18845558 -0.9194042087
  endloop
endfacet
facet normal -0.4999998337 -0.8660254998 0
  outer loop
    vertex -55.50333023 18.18845558 -3
    vertex -55.28682709 18.06345749 -3.030863762
    vertex -55.28682709 18.06345749 -3
  endloop
endfacet
facet normal 0 -0 -1
  outer loop
    vertex -60.52627945 21.08845711 -5
    vertex -48.52627945 41.87306595 -5
    vertex -55.28682709 18.06345749 -5
  endloop
endfacet
facet normal -0.8660253949 0.5000000153 0
  outer loop
    vertex -60.52627945 21.08845711 -5
    vertex -60.52627945 21.08845711 0
    vertex -48.52627945 41.87306595 -5
  endloop
endfacet
facet normal 0 0 -1
  outer loop
    vertex -59.33029938 17.99765015 0
    vertex -68.89970398 20.90049744 0
    vertex -67.79117584 24.25606918 0
  endloop
endfacet
facet normal 0 0 -1
  outer loop
    vertex -67.79117584 24.25606918 0
    vertex -66.51932526 27.5532074 0
    vertex -60.52627945 21.08845711 0
  endloop
endfacet
facet normal 0 0 -1
  outer loop
    vertex -66.51932526 27.5532074 0
    vertex -65.08722687 30.78396606 0
    vertex -60.52627945 21.08845711 0
  endloop
endfacet
facet normal 0 0 -1
  outer loop
    vertex -65.08722687 30.78396606 0
    vertex -63.49832916 33.9405632 0
    vertex -60.52627945 21.08845711 0
  endloop
endfacet
facet normal -0.5000000396 -0.8660253809 0
  outer loop
    vertex -60.52627945 21.08845711 -5
    vertex -58.66436005 20.01347733 0
    vertex -60.52627945 21.08845711 0
  endloop
endfacet
facet normal -0.5000000648 -0.8660253664 1.252246651e-08
  outer loop
    vertex -60.52627945 21.08845711 -5
    vertex -55.50333023 18.18845558 -0.9194042087
    vertex -58.66436005 20.01347733 0
  endloop
endfacet
facet normal 0 0 -1
  outer loop
    vertex -59.33029938 17.99765015 0
    vertex -67.79117584 24.25606918 0
    vertex -60.52627945 21.08845711 0
  endloop
endfacet
facet normal 0 0 -1
  outer loop
    vertex -59.33029938 17.99765015 0
    vertex -60.52627945 21.08845711 0
    vertex -58.66436005 20.01347733 0
  endloop
endfacet
facet normal -0.5000000676 -0.8660253648 0
  outer loop
    vertex -58.66436005 20.01347733 0
    vertex -55.50333023 18.18845558 -0.9194042087
    vertex -55.50333023 18.18845558 0
  endloop
endfacet
facet normal 0 0 -1
  outer loop
    vertex -63.49832916 33.9405632 0
    vertex -61.75645828 37.01539612 0
    vertex -60.52627945 21.08845711 0
  endloop
endfacet
facet normal 0 0 -1
  outer loop
    vertex -60.52627945 21.08845711 0
    vertex -61.75645828 37.01539612 0
    vertex -59.86581039 40.00105667 0
  endloop
endfacet
facet normal 0 0 -1
  outer loop
    vertex -60.52627945 21.08845711 0
    vertex -59.86581039 40.00105667 0
    vertex -57.83094406 42.89035034 0
  endloop
endfacet
facet normal -0.5000026948 -0.8660238479 0
  outer loop
    vertex -46.71317291 13.11345673 -4.253086567
    vertex -46.49666977 12.98845768 -3
    vertex -46.71317291 13.11345673 -3
  endloop
endfacet
facet normal -0.500000048 -0.8660253761 0
  outer loop
    vertex -46.71317291 13.11345673 -5
    vertex -41.47372055 10.08845711 -5
    vertex -46.71317291 13.11345673 -4.253086567
  endloop
endfacet
facet normal -0.5000001116 -0.8660253394 -5.950903867e-07
  outer loop
    vertex -46.71317291 13.11345673 -4.253086567
    vertex -41.47372055 10.08845711 -5
    vertex -46.49666977 12.98845768 -3
  endloop
endfacet
facet normal -0.4999999339 -0.866025442 0
  outer loop
    vertex -46.49666977 12.98845768 -3
    vertex -41.47372055 10.08845711 -5
    vertex -41.47372055 10.08845711 8
  endloop
endfacet
facet normal 0.8660254148 -0.4999999809 0
  outer loop
    vertex -41.47372055 10.08845711 -5
    vertex -29.47372055 30.87306786 -5
    vertex -41.47372055 10.08845711 8
  endloop
endfacet
facet normal 0.8660254148 -0.4999999809 0
  outer loop
    vertex -55.28682709 18.06345749 -5
    vertex -43.28682709 38.84806824 -4.253086567
    vertex -55.28682709 18.06345749 -3.030863762
  endloop
endfacet
facet normal 0.8660254148 -0.4999999809 0
  outer loop
    vertex -55.28682709 18.06345749 -3.030863762
    vertex -43.28682709 38.84806824 -3
    vertex -55.28682709 18.06345749 -3
  endloop
endfacet
facet normal -0 0 1
  outer loop
    vertex -55.50333023 18.18845558 -3
    vertex -55.28682709 18.06345749 -3
    vertex -43.28682709 38.84806824 -3
  endloop
endfacet
facet normal 0 0 -1
  outer loop
    vertex -55.28682709 18.06345749 -5
    vertex -48.52627945 41.87306595 -5
    vertex -43.28682709 38.84806824 -5
  endloop
endfacet
facet normal 0.8660254148 -0.4999999809 0
  outer loop
    vertex -55.28682709 18.06345749 -5
    vertex -43.28682709 38.84806824 -5
    vertex -43.28682709 38.84806824 -4.253086567
  endloop
endfacet
facet normal 0.8660254148 -0.4999999809 0
  outer loop
    vertex -55.28682709 18.06345749 -3.030863762
    vertex -43.28682709 38.84806824 -4.253086567
    vertex -43.28682709 38.84806824 -3
  endloop
endfacet
facet normal 0 -0 1
  outer loop
    vertex -55.50333023 18.18845558 -3
    vertex -43.28682709 38.84806824 -3
    vertex -43.50333023 38.97306442 -3
  endloop
endfacet
facet normal -0.8660254148 0.4999999809 0
  outer loop
    vertex -46.71317291 13.11345673 -5
    vertex -46.71317291 13.11345673 -4.253086567
    vertex -34.71317291 33.89806747 -5
  endloop
endfacet
facet normal 0 -0 -1
  outer loop
    vertex -46.71317291 13.11345673 -5
    vertex -34.71317291 33.89806747 -5
    vertex -41.47372055 10.08845711 -5
  endloop
endfacet
facet normal -0.8660254148 0.4999999809 0
  outer loop
    vertex -46.71317291 13.11345673 -4.253086567
    vertex -34.71317291 33.89806747 -3.030864
    vertex -34.71317291 33.89806747 -5
  endloop
endfacet
facet normal -0.8660254148 0.4999999809 0
  outer loop
    vertex -46.71317291 13.11345673 -4.253086567
    vertex -46.71317291 13.11345673 -3
    vertex -34.71317291 33.89806747 -3.030864
  endloop
endfacet
facet normal -0 0 1
  outer loop
    vertex -46.71317291 13.11345673 -3
    vertex -46.49666977 12.98845768 -3
    vertex -34.49666977 33.77306747 -3
  endloop
endfacet
facet normal -0.8660254148 0.4999999809 0
  outer loop
    vertex -46.71317291 13.11345673 -3
    vertex -34.71317291 33.89806747 -3
    vertex -34.71317291 33.89806747 -3.030864
  endloop
endfacet
facet normal 0 -0 1
  outer loop
    vertex -46.71317291 13.11345673 -3
    vertex -34.49666977 33.77306747 -3
    vertex -34.71317291 33.89806747 -3
  endloop
endfacet
facet normal 0.8660253949 -0.5000000153 0
  outer loop
    vertex -55.50333023 18.18845558 -3
    vertex -43.50333023 38.97306442 -3
    vertex -55.50333023 18.18845558 -0.9194042087
  endloop
endfacet
facet normal 0.8660253949 -0.5000000153 0
  outer loop
    vertex -55.50333023 18.18845558 -0.9194042087
    vertex -43.50333023 38.97306442 -1.572726607
    vertex -55.50333023 18.18845558 0
  endloop
endfacet
facet normal 0 -0 -1
  outer loop
    vertex -55.50333023 18.18845558 0
    vertex -43.50333023 38.97306824 0
    vertex -46.49666977 12.98845768 0
  endloop
endfacet
facet normal -0.8660253949 0.5000000153 0
  outer loop
    vertex -60.52627945 21.08845711 0
    vertex -48.52627945 41.87306595 0
    vertex -48.52627945 41.87306595 -5
  endloop
endfacet
facet normal 0.8660253949 -0.5000000153 0
  outer loop
    vertex -55.50333023 18.18845558 -0.9194042087
    vertex -43.50333023 38.97306442 -3
    vertex -43.50333023 38.97306442 -1.572726607
  endloop
endfacet
facet normal 0.8660254347 -0.4999999465 1.21276541e-06
  outer loop
    vertex -55.50333023 18.18845558 0
    vertex -43.50333023 38.97306442 -1.572726607
    vertex -43.50333023 38.97306824 0
  endloop
endfacet
facet normal -0.8660254049 0.4999999981 0
  outer loop
    vertex -46.49666977 12.98845768 -3
    vertex -34.49666977 33.77306747 0
    vertex -34.49666977 33.77306747 -3
  endloop
endfacet
facet normal -0.8660254049 0.4999999981 0
  outer loop
    vertex -46.49666977 12.98845768 -3
    vertex -46.49666977 12.98845768 0
    vertex -34.49666977 33.77306747 0
  endloop
endfacet
facet normal 0 0 -1
  outer loop
    vertex -46.49666977 12.98845768 0
    vertex -43.50333023 38.97306824 0
    vertex -34.49666977 33.77306747 0
  endloop
endfacet
facet normal -0.9996987923 0.02454230502 0
  outer loop
    vertex -72 8.817457127e-15 0
    vertex -71.91326904 3.532872438 8
    vertex -71.91326904 3.532872438 0
  endloop
endfacet
facet normal -0.997290476 0.07356430197 0
  outer loop
    vertex -71.91326904 3.532872438 0
    vertex -71.65329742 7.057234287 8
    vertex -71.65329742 7.057234287 0
  endloop
endfacet
facet normal -0.9924797039 0.1224093028 0
  outer loop
    vertex -71.65329742 7.057234287 0
    vertex -71.22071075 10.56459427 8
    vertex -71.22071075 10.56459427 0
  endloop
endfacet
facet normal -0.9852774868 0.1709627853 0
  outer loop
    vertex -71.22071075 10.56459427 0
    vertex -70.616539 14.04650307 8
    vertex -70.616539 14.04650307 0
  endloop
endfacet
facet normal -0.9757020173 0.219101742 0
  outer loop
    vertex -70.616539 14.04650307 0
    vertex -69.84224701 17.49457359 8
    vertex -69.84224701 17.49457359 0
  endloop
endfacet
facet normal 0.9996978012 -0.02458264022 0
  outer loop
    vertex -61.92531967 3.042195797 0
    vertex -61.92635727 3 7.900000095
    vertex -61.92635727 3 0
  endloop
endfacet
facet normal 0.9972904498 -0.07356465644 0
  outer loop
    vertex -61.92531967 3.042195797 0
    vertex -61.70145416 6.077062607 0
    vertex -61.92531967 3.042195797 7.900000095
  endloop
endfacet
facet normal 0.9924795507 -0.1224105445 0
  outer loop
    vertex -61.70145416 6.077062607 0
    vertex -61.32894516 9.097289085 0
    vertex -61.70145416 6.077062607 7.900000095
  endloop
endfacet
facet normal 0.9852776577 -0.1709618007 0
  outer loop
    vertex -61.32894516 9.097289085 0
    vertex -60.80868912 12.09560013 0
    vertex -61.32894516 9.097289085 7.900000095
  endloop
endfacet
facet normal 0.9757019675 -0.2191019639 0
  outer loop
    vertex -60.80868912 12.09560013 0
    vertex -60.14193726 15.0647707 0
    vertex -60.80868912 12.09560013 7.900000095
  endloop
endfacet
facet normal 0.963775996 -0.2667130097 0
  outer loop
    vertex -60.14193726 15.0647707 0
    vertex -59.33029938 17.99765015 0
    vertex -60.14193726 15.0647707 7.900000095
  endloop
endfacet
facet normal -0.9996987923 0.02454230502 0
  outer loop
    vertex -72 8.817457127e-15 0
    vertex -72 8.817457127e-15 8
    vertex -71.91326904 3.532872438 8
  endloop
endfacet
facet normal -0.997290476 0.07356430197 0
  outer loop
    vertex -71.91326904 3.532872438 0
    vertex -71.91326904 3.532872438 8
    vertex -71.65329742 7.057234287 8
  endloop
endfacet
facet normal -0.9924797039 0.1224093028 0
  outer loop
    vertex -71.65329742 7.057234287 0
    vertex -71.65329742 7.057234287 8
    vertex -71.22071075 10.56459427 8
  endloop
endfacet
facet normal -0.9852774868 0.1709627853 0
  outer loop
    vertex -71.22071075 10.56459427 0
    vertex -71.22071075 10.56459427 8
    vertex -70.616539 14.04650307 8
  endloop
endfacet
facet normal -0.9757020173 0.219101742 0
  outer loop
    vertex -70.616539 14.04650307 0
    vertex -70.616539 14.04650307 8
    vertex -69.84224701 17.49457359 8
  endloop
endfacet
facet normal 0.9996978012 -0.02458264022 0
  outer loop
    vertex -61.92531967 3.042195797 0
    vertex -61.92531967 3.042195797 7.900000095
    vertex -61.92635727 3 7.900000095
  endloop
endfacet
facet normal 0 1 0
  outer loop
    vertex -61.92635727 3 0
    vertex -61.92635727 3 7.900000095
    vertex -59.92359924 3 7.900000095
  endloop
endfacet
facet normal 0 1 0
  outer loop
    vertex -61.92635727 3 0
    vertex -59.92359924 3 7.900000095
    vertex -54.91152573 3 8
  endloop
endfacet
facet normal 0.9972904498 -0.07356465644 0
  outer loop
    vertex -61.70145416 6.077062607 0
    vertex -61.70145416 6.077062607 7.900000095
    vertex -61.92531967 3.042195797 7.900000095
  endloop
endfacet
facet normal 0.9924795507 -0.1224105445 0
  outer loop
    vertex -61.32894516 9.097289085 0
    vertex -61.32894516 9.097289085 7.900000095
    vertex -61.70145416 6.077062607 7.900000095
  endloop
endfacet
facet normal 0 1 0
  outer loop
    vertex -61.92635727 3 0
    vertex -54.91152573 3 8
    vertex -50.90186691 3 8
  endloop
endfacet
facet normal 0.9852776577 -0.1709618007 0
  outer loop
    vertex -60.80868912 12.09560013 0
    vertex -60.80868912 12.09560013 7.900000095
    vertex -61.32894516 9.097289085 7.900000095
  endloop
endfacet
facet normal 0.9757019675 -0.2191019639 0
  outer loop
    vertex -60.14193726 15.0647707 0
    vertex -60.14193726 15.0647707 7.900000095
    vertex -60.80868912 12.09560013 7.900000095
  endloop
endfacet
facet normal 0.963775996 -0.2667130097 0
  outer loop
    vertex -59.33029938 17.99765015 0
    vertex -59.33029938 17.99765015 7.900000095
    vertex -60.14193726 15.0647707 7.900000095
  endloop
endfacet
facet normal -0.5000001135 -0.8660253383 -1.904779325e-07
  outer loop
    vertex -46.49666977 12.98845768 0
    vertex -56.89597321 18.9924984 7.900000095
    vertex -58.66436005 20.01347733 7.900000095
  endloop
endfacet
facet normal -0.9637762867 0.2667119592 0
  outer loop
    vertex -69.84224701 17.49457359 0
    vertex -68.89970398 20.90049744 8
    vertex -68.89970398 20.90049744 0
  endloop
endfacet
facet normal -0.9495284363 0.3136809665 0
  outer loop
    vertex -68.89970398 20.90049744 0
    vertex -67.79117584 24.25606918 8
    vertex -67.79117584 24.25606918 0
  endloop
endfacet
facet normal -0.9329924159 0.3598960292 0
  outer loop
    vertex -67.79117584 24.25606918 0
    vertex -66.51932526 27.5532074 8
    vertex -66.51932526 27.5532074 0
  endloop
endfacet
facet normal -0.9142095917 0.4052416841 0
  outer loop
    vertex -66.51932526 27.5532074 0
    vertex -65.08722687 30.78396606 8
    vertex -65.08722687 30.78396606 0
  endloop
endfacet
facet normal -0.893224275 0.4496113818 0
  outer loop
    vertex -65.08722687 30.78396606 0
    vertex -63.49832916 33.9405632 8
    vertex -63.49832916 33.9405632 0
  endloop
endfacet
facet normal 0.949528183 -0.313681733 0
  outer loop
    vertex -59.33029938 17.99765015 0
    vertex -58.66436005 20.01347733 0
    vertex -59.33029938 17.99765015 7.900000095
  endloop
endfacet
facet normal -0.5000000676 -0.8660253648 0
  outer loop
    vertex -58.66436005 20.01347733 0
    vertex -55.50333023 18.18845558 0
    vertex -58.66436005 20.01347733 7.900000095
  endloop
endfacet
facet normal -0.8700870459 0.4928980955 0
  outer loop
    vertex -63.49832916 33.9405632 0
    vertex -61.75645828 37.01539612 8
    vertex -61.75645828 37.01539612 0
  endloop
endfacet
facet normal -0.9637762867 0.2667119592 0
  outer loop
    vertex -69.84224701 17.49457359 0
    vertex -69.84224701 17.49457359 8
    vertex -68.89970398 20.90049744 8
  endloop
endfacet
facet normal -0.9495284363 0.3136809665 0
  outer loop
    vertex -68.89970398 20.90049744 0
    vertex -68.89970398 20.90049744 8
    vertex -67.79117584 24.25606918 8
  endloop
endfacet
facet normal -0.9329924159 0.3598960292 0
  outer loop
    vertex -67.79117584 24.25606918 0
    vertex -67.79117584 24.25606918 8
    vertex -66.51932526 27.5532074 8
  endloop
endfacet
facet normal -0.9142095917 0.4052416841 0
  outer loop
    vertex -66.51932526 27.5532074 0
    vertex -66.51932526 27.5532074 8
    vertex -65.08722687 30.78396606 8
  endloop
endfacet
facet normal -0.893224275 0.4496113818 0
  outer loop
    vertex -65.08722687 30.78396606 0
    vertex -65.08722687 30.78396606 8
    vertex -63.49832916 33.9405632 8
  endloop
endfacet
facet normal 0.949528183 -0.313681733 0
  outer loop
    vertex -58.66436005 20.01347733 0
    vertex -58.66436005 20.01347733 7.900000095
    vertex -59.33029938 17.99765015 7.900000095
  endloop
endfacet
facet normal -0.8700870459 0.4928980955 0
  outer loop
    vertex -63.49832916 33.9405632 0
    vertex -63.49832916 33.9405632 8
    vertex -61.75645828 37.01539612 8
  endloop
endfacet
facet normal -0 1 0
  outer loop
    vertex -61.92635727 3 0
    vertex -40 3 8
    vertex -40 3 0
  endloop
endfacet
facet normal -0.5000000043 -0.8660254013 3.373292402e-08
  outer loop
    vertex -55.50333023 18.18845558 0
    vertex -46.49666977 12.98845768 0
    vertex -58.66436005 20.01347733 7.900000095
  endloop
endfacet
facet normal -0.4999999339 -0.866025442 0
  outer loop
    vertex -46.49666977 12.98845768 -3
    vertex -41.47372055 10.08845711 8
    vertex -46.49666977 12.98845768 0
  endloop
endfacet
facet normal 0 1 0
  outer loop
    vertex -61.92635727 3 0
    vertex -50.90186691 3 8
    vertex -40 3 8
  endloop
endfacet
facet normal -0.4999998901 -0.8660254672 2.016114837e-07
  outer loop
    vertex -46.49666977 12.98845768 0
    vertex -52.47499847 16.44004822 8
    vertex -56.89597321 18.9924984 7.900000095
  endloop
endfacet
facet normal -0.500000068 -0.8660253645 1.123082827e-07
  outer loop
    vertex -46.49666977 12.98845768 0
    vertex -41.47372055 10.08845711 8
    vertex -48.91943359 14.38724232 8
  endloop
endfacet
facet normal -0.4999999196 -0.8660254502 1.722510969e-07
  outer loop
    vertex -46.49666977 12.98845768 0
    vertex -48.91943359 14.38724232 8
    vertex -52.47499847 16.44004822 8
  endloop
endfacet
facet normal 1 -0 0
  outer loop
    vertex -40 -3 8
    vertex -40 3 0
    vertex -40 3 8
  endloop
endfacet
facet normal 0.5000000623 0.8660253678 -1.446813898e-07
  outer loop
    vertex -46.6629982 40.79730225 0
    vertex -36.91357803 35.16847229 8
    vertex -29.47372055 30.87306786 8
  endloop
endfacet
facet normal 0 0 -1
  outer loop
    vertex -60.52627945 21.08845711 0
    vertex -57.83094406 42.89035034 0
    vertex -55.65675354 45.67631531 0
  endloop
endfacet
facet normal 0 0 -1
  outer loop
    vertex -60.52627945 21.08845711 0
    vertex -55.65675354 45.67631531 0
    vertex -53.34848022 48.35224533 0
  endloop
endfacet
facet normal 0 0 -1
  outer loop
    vertex -60.52627945 21.08845711 0
    vertex -53.34848022 48.35224533 0
    vertex -48.52627945 41.87306595 0
  endloop
endfacet
facet normal 0.4999998115 0.8660255126 0
  outer loop
    vertex -48.52627945 41.87306595 -5
    vertex -43.28682709 38.84806824 -4.253086567
    vertex -43.28682709 38.84806824 -5
  endloop
endfacet
facet normal 0.4999996745 0.8660255917 1.281511163e-06
  outer loop
    vertex -48.52627945 41.87306595 -5
    vertex -43.50333023 38.97306442 -3
    vertex -43.28682709 38.84806824 -4.253086567
  endloop
endfacet
facet normal 0.5000000572 0.8660253708 0
  outer loop
    vertex -48.52627945 41.87306595 -5
    vertex -43.50333023 38.97306442 -1.572726607
    vertex -43.50333023 38.97306442 -3
  endloop
endfacet
facet normal 0.4999941116 0.8660288034 0
  outer loop
    vertex -43.28682709 38.84806824 -4.253086567
    vertex -43.50333023 38.97306442 -3
    vertex -43.28682709 38.84806824 -3
  endloop
endfacet
facet normal 0.5000003416 0.8660252066 -5.557929385e-07
  outer loop
    vertex -48.52627945 41.87306595 -5
    vertex -46.6629982 40.79730225 0
    vertex -43.50333023 38.97306442 -1.572726607
  endloop
endfacet
facet normal 0.499999223 0.8660258524 -0
  outer loop
    vertex -48.52627945 41.87306595 -5
    vertex -48.52627945 41.87306595 0
    vertex -46.6629982 40.79730225 0
  endloop
endfacet
facet normal 0 0 -1
  outer loop
    vertex -48.52627945 41.87306595 0
    vertex -53.34848022 48.35224533 0
    vertex -45.93896866 41.6366539 0
  endloop
endfacet
facet normal 0 -0 -1
  outer loop
    vertex -48.52627945 41.87306595 0
    vertex -45.93896866 41.6366539 0
    vertex -46.6629982 40.79730225 0
  endloop
endfacet
facet normal 0 0 -1
  outer loop
    vertex -45.93896866 41.6366539 0
    vertex -53.34848022 48.35224533 0
    vertex -50.91168976 50.91168976 0
  endloop
endfacet
facet normal 0 0 -1
  outer loop
    vertex -50.91168976 50.91168976 0
    vertex -48.35224533 53.34848022 0
    vertex -43.84062195 43.84062195 0
  endloop
endfacet
facet normal 0 0 -1
  outer loop
    vertex -45.93896866 41.6366539 0
    vertex -50.91168976 50.91168976 0
    vertex -43.84062195 43.84062195 0
  endloop
endfacet
facet normal 0 0 -1
  outer loop
    vertex -48.35224533 53.34848022 0
    vertex -45.67631531 55.65675354 0
    vertex -41.6366539 45.93896866 0
  endloop
endfacet
facet normal 0.4999997649 0.8660255395 -2.100571862e-06
  outer loop
    vertex -46.6629982 40.79730225 0
    vertex -43.50333023 38.97306824 0
    vertex -43.50333023 38.97306442 -1.572726607
  endloop
endfacet
facet normal 0 -0 -1
  outer loop
    vertex -48.35224533 53.34848022 0
    vertex -41.6366539 45.93896866 0
    vertex -43.84062195 43.84062195 0
  endloop
endfacet
facet normal 0 0 -1
  outer loop
    vertex -41.6366539 45.93896866 0
    vertex -45.67631531 55.65675354 0
    vertex -39.3323822 47.92664719 0
  endloop
endfacet
facet normal 0 0 -1
  outer loop
    vertex -39.3323822 47.92664719 0
    vertex -45.67631531 55.65675354 0
    vertex -42.89035034 57.83094406 0
  endloop
endfacet
facet normal 0 0 -1
  outer loop
    vertex -39.3323822 47.92664719 0
    vertex -42.89035034 57.83094406 0
    vertex -36.93335724 49.79886627 0
  endloop
endfacet
facet normal 0 0 -1
  outer loop
    vertex -36.93335724 49.79886627 0
    vertex -40.00105667 59.86581039 0
    vertex -34.44535446 51.55111694 0
  endloop
endfacet
facet normal 0 0 -1
  outer loop
    vertex -36.93335724 49.79886627 0
    vertex -42.89035034 57.83094406 0
    vertex -40.00105667 59.86581039 0
  endloop
endfacet
facet normal 0 0 -1
  outer loop
    vertex -40.00105667 59.86581039 0
    vertex -37.01539612 61.75645828 0
    vertex -34.44535446 51.55111694 0
  endloop
endfacet
facet normal -0.8448536683 0.5349974572 0
  outer loop
    vertex -61.75645828 37.01539612 0
    vertex -59.86581039 40.00105667 8
    vertex -59.86581039 40.00105667 0
  endloop
endfacet
facet normal -0.8175853268 0.5758074621 0
  outer loop
    vertex -59.86581039 40.00105667 0
    vertex -57.83094406 42.89035034 8
    vertex -57.83094406 42.89035034 0
  endloop
endfacet
facet normal -0.7883461363 0.6152319638 0
  outer loop
    vertex -57.83094406 42.89035034 0
    vertex -55.65675354 45.67631531 8
    vertex -55.65675354 45.67631531 0
  endloop
endfacet
facet normal -0.7572088181 0.6531728759 0
  outer loop
    vertex -55.65675354 45.67631531 0
    vertex -53.34848022 48.35224533 8
    vertex -53.34848022 48.35224533 0
  endloop
endfacet
facet normal -0.8448536683 0.5349974572 0
  outer loop
    vertex -61.75645828 37.01539612 0
    vertex -61.75645828 37.01539612 8
    vertex -59.86581039 40.00105667 8
  endloop
endfacet
facet normal -0.8175853268 0.5758074621 0
  outer loop
    vertex -59.86581039 40.00105667 0
    vertex -59.86581039 40.00105667 8
    vertex -57.83094406 42.89035034 8
  endloop
endfacet
facet normal -0.7883461363 0.6152319638 0
  outer loop
    vertex -57.83094406 42.89035034 0
    vertex -57.83094406 42.89035034 8
    vertex -55.65675354 45.67631531 8
  endloop
endfacet
facet normal -0.7572088181 0.6531728759 0
  outer loop
    vertex -55.65675354 45.67631531 0
    vertex -55.65675354 45.67631531 8
    vertex -53.34848022 48.35224533 8
  endloop
endfacet
facet normal 0.7572089246 -0.6531727524 0
  outer loop
    vertex -46.6629982 40.79730225 0
    vertex -45.93896866 41.6366539 0
    vertex -46.6629982 40.79730225 7.900000095
  endloop
endfacet
facet normal 0.7242479541 -0.6895396297 0
  outer loop
    vertex -45.93896866 41.6366539 0
    vertex -43.84062195 43.84062195 0
    vertex -45.93896866 41.6366539 7.900000095
  endloop
endfacet
facet normal -0.7242475352 0.6895400697 0
  outer loop
    vertex -53.34848022 48.35224533 0
    vertex -50.91168976 50.91168976 8
    vertex -50.91168976 50.91168976 0
  endloop
endfacet
facet normal -0.6895400697 0.7242475352 0
  outer loop
    vertex -50.91168976 50.91168976 0
    vertex -48.35224533 53.34848022 8
    vertex -48.35224533 53.34848022 0
  endloop
endfacet
facet normal 0.6895396297 -0.7242479541 0
  outer loop
    vertex -43.84062195 43.84062195 0
    vertex -41.6366539 45.93896866 0
    vertex -43.84062195 43.84062195 7.900000095
  endloop
endfacet
facet normal 0.4999997649 0.8660255395 7.072684332e-07
  outer loop
    vertex -46.6629982 40.79730225 0
    vertex -29.47372055 30.87306786 8
    vertex -43.50333023 38.97306824 0
  endloop
endfacet
facet normal 0.6531728602 -0.7572088316 0
  outer loop
    vertex -41.6366539 45.93896866 0
    vertex -39.3323822 47.92664719 0
    vertex -41.6366539 45.93896866 7.900000095
  endloop
endfacet
facet normal 0.6152319232 -0.7883461681 0
  outer loop
    vertex -39.3323822 47.92664719 0
    vertex -36.93335724 49.79886627 0
    vertex -39.3323822 47.92664719 7.900000095
  endloop
endfacet
facet normal 0.5758085027 -0.817584594 0
  outer loop
    vertex -36.93335724 49.79886627 0
    vertex -34.44535446 51.55111694 0
    vertex -36.93335724 49.79886627 7.900000095
  endloop
endfacet
facet normal 0.5000009107 0.866024878 -0
  outer loop
    vertex -46.6629982 40.79730225 0
    vertex -46.6629982 40.79730225 7.900000095
    vertex -44.90036011 39.7796402 7.900000095
  endloop
endfacet
facet normal 0.7572089246 -0.6531727524 0
  outer loop
    vertex -45.93896866 41.6366539 0
    vertex -45.93896866 41.6366539 7.900000095
    vertex -46.6629982 40.79730225 7.900000095
  endloop
endfacet
facet normal -0.7242475352 0.6895400697 0
  outer loop
    vertex -53.34848022 48.35224533 0
    vertex -53.34848022 48.35224533 8
    vertex -50.91168976 50.91168976 8
  endloop
endfacet
facet normal -0.6895400697 0.7242475352 0
  outer loop
    vertex -50.91168976 50.91168976 0
    vertex -50.91168976 50.91168976 8
    vertex -48.35224533 53.34848022 8
  endloop
endfacet
facet normal 0.499999523 0.8660256792 4.128376409e-07
  outer loop
    vertex -46.6629982 40.79730225 0
    vertex -44.90036011 39.7796402 7.900000095
    vertex -40.47644424 37.22549438 8
  endloop
endfacet
facet normal 0.5000000599 0.8660253692 -1.408202955e-07
  outer loop
    vertex -46.6629982 40.79730225 0
    vertex -40.47644424 37.22549438 8
    vertex -36.91357803 35.16847229 8
  endloop
endfacet
facet normal 0.7242479541 -0.6895396297 0
  outer loop
    vertex -43.84062195 43.84062195 0
    vertex -43.84062195 43.84062195 7.900000095
    vertex -45.93896866 41.6366539 7.900000095
  endloop
endfacet
facet normal 0.6895396297 -0.7242479541 0
  outer loop
    vertex -41.6366539 45.93896866 0
    vertex -41.6366539 45.93896866 7.900000095
    vertex -43.84062195 43.84062195 7.900000095
  endloop
endfacet
facet normal 0.6531728602 -0.7572088316 0
  outer loop
    vertex -39.3323822 47.92664719 0
    vertex -39.3323822 47.92664719 7.900000095
    vertex -41.6366539 45.93896866 7.900000095
  endloop
endfacet
facet normal 0.6152319232 -0.7883461681 0
  outer loop
    vertex -36.93335724 49.79886627 0
    vertex -36.93335724 49.79886627 7.900000095
    vertex -39.3323822 47.92664719 7.900000095
  endloop
endfacet
facet normal -0.6531728759 0.7572088181 0
  outer loop
    vertex -48.35224533 53.34848022 0
    vertex -45.67631531 55.65675354 8
    vertex -45.67631531 55.65675354 0
  endloop
endfacet
facet normal -0.6152319638 0.7883461363 0
  outer loop
    vertex -45.67631531 55.65675354 0
    vertex -42.89035034 57.83094406 8
    vertex -42.89035034 57.83094406 0
  endloop
endfacet
facet normal -0.5758074621 0.8175853268 0
  outer loop
    vertex -42.89035034 57.83094406 0
    vertex -40.00105667 59.86581039 8
    vertex -40.00105667 59.86581039 0
  endloop
endfacet
facet normal -0.5349974572 0.8448536683 0
  outer loop
    vertex -40.00105667 59.86581039 0
    vertex -37.01539612 61.75645828 8
    vertex -37.01539612 61.75645828 0
  endloop
endfacet
facet normal -0.6531728759 0.7572088181 0
  outer loop
    vertex -48.35224533 53.34848022 0
    vertex -48.35224533 53.34848022 8
    vertex -45.67631531 55.65675354 8
  endloop
endfacet
facet normal -0.6152319638 0.7883461363 0
  outer loop
    vertex -45.67631531 55.65675354 0
    vertex -45.67631531 55.65675354 8
    vertex -42.89035034 57.83094406 8
  endloop
endfacet
facet normal -0.5758074621 0.8175853268 0
  outer loop
    vertex -42.89035034 57.83094406 0
    vertex -42.89035034 57.83094406 8
    vertex -40.00105667 59.86581039 8
  endloop
endfacet
facet normal -0.5349974572 0.8448536683 0
  outer loop
    vertex -40.00105667 59.86581039 0
    vertex -40.00105667 59.86581039 8
    vertex -37.01539612 61.75645828 8
  endloop
endfacet
facet normal 0 0 -1
  outer loop
    vertex -41.47372055 10.08845711 -5
    vertex -34.71317291 33.89806747 -5
    vertex -29.47372055 30.87306786 -5
  endloop
endfacet
facet normal 0.500000048 0.8660253761 -0
  outer loop
    vertex -34.71317291 33.89806747 -5
    vertex -34.71317291 33.89806747 -3.030864
    vertex -29.47372055 30.87306786 -5
  endloop
endfacet
facet normal 0.5000040411 0.8660230705 1.416679226e-05
  outer loop
    vertex -29.47372055 30.87306786 -5
    vertex -34.71317291 33.89806747 -3.030864
    vertex -34.49666977 33.77306747 -3
  endloop
endfacet
facet normal 0.5000055558 0.8660221961 -0
  outer loop
    vertex -34.71317291 33.89806747 -3.030864
    vertex -34.71317291 33.89806747 -3
    vertex -34.49666977 33.77306747 -3
  endloop
endfacet
facet normal 0.4999998106 0.8660255132 -0
  outer loop
    vertex -29.47372055 30.87306786 -5
    vertex -34.49666977 33.77306747 -3
    vertex -34.49666977 33.77306747 0
  endloop
endfacet
facet normal 0.4999998106 0.8660255132 0
  outer loop
    vertex -29.47372055 30.87306786 -5
    vertex -34.49666977 33.77306747 0
    vertex -29.47372055 30.87306786 8
  endloop
endfacet
facet normal 0.5000002107 0.8660252822 -3.349440784e-07
  outer loop
    vertex -43.50333023 38.97306824 0
    vertex -29.47372055 30.87306786 8
    vertex -34.49666977 33.77306747 0
  endloop
endfacet
facet normal 0.8660254148 -0.4999999809 0
  outer loop
    vertex -29.47372055 30.87306786 -5
    vertex -29.47372055 30.87306786 8
    vertex -41.47372055 10.08845711 8
  endloop
endfacet
facet normal 0 -0 -1
  outer loop
    vertex -37.01539612 61.75645828 0
    vertex -31.87437057 53.17917252 0
    vertex -34.44535446 51.55111694 0
  endloop
endfacet
facet normal 0 0 -1
  outer loop
    vertex -31.87437057 53.17917252 0
    vertex -33.9405632 63.49832916 0
    vertex -29.22659683 54.67911911 0
  endloop
endfacet
facet normal 0 0 -1
  outer loop
    vertex -37.01539612 61.75645828 0
    vertex -33.9405632 63.49832916 0
    vertex -31.87437057 53.17917252 0
  endloop
endfacet
facet normal 0 0 -1
  outer loop
    vertex -29.22659683 54.67911911 0
    vertex -33.9405632 63.49832916 0
    vertex -30.78396606 65.08722687 0
  endloop
endfacet
facet normal 0 0 -1
  outer loop
    vertex -29.22659683 54.67911911 0
    vertex -30.78396606 65.08722687 0
    vertex -26.50841522 56.04733658 0
  endloop
endfacet
facet normal 0 0 -1
  outer loop
    vertex -30.78396606 65.08722687 0
    vertex -27.5532074 66.51932526 0
    vertex -26.50841522 56.04733658 0
  endloop
endfacet
facet normal 0 -0 -1
  outer loop
    vertex -27.5532074 66.51932526 0
    vertex -23.72637367 57.28053284 0
    vertex -26.50841522 56.04733658 0
  endloop
endfacet
facet normal 0 0 -1
  outer loop
    vertex -23.72637367 57.28053284 0
    vertex -24.25606918 67.79117584 0
    vertex -20.88717079 58.37573242 0
  endloop
endfacet
facet normal 0 0 -1
  outer loop
    vertex -20.88717079 58.37573242 0
    vertex -20.90049744 68.89970398 0
    vertex -17.99765015 59.33029938 0
  endloop
endfacet
facet normal 0 0 -1
  outer loop
    vertex -27.5532074 66.51932526 0
    vertex -24.25606918 67.79117584 0
    vertex -23.72637367 57.28053284 0
  endloop
endfacet
facet normal 0 0 -1
  outer loop
    vertex -20.88717079 58.37573242 0
    vertex -24.25606918 67.79117584 0
    vertex -20.90049744 68.89970398 0
  endloop
endfacet
facet normal 0 -0 -1
  outer loop
    vertex -20.90049744 68.89970398 0
    vertex -17.49457359 69.84224701 0
    vertex -17.99765015 59.33029938 0
  endloop
endfacet
facet normal 0 0 -1
  outer loop
    vertex -17.99765015 59.33029938 0
    vertex -17.49457359 69.84224701 0
    vertex -15.0647707 60.14193726 0
  endloop
endfacet
facet normal 0 0 -1
  outer loop
    vertex -15.0647707 60.14193726 0
    vertex -14.04650307 70.616539 0
    vertex -12.09560013 60.80868912 0
  endloop
endfacet
facet normal 0 0 -1
  outer loop
    vertex -15.0647707 60.14193726 0
    vertex -17.49457359 69.84224701 0
    vertex -14.04650307 70.616539 0
  endloop
endfacet
facet normal 0 0 -1
  outer loop
    vertex -12.09560013 60.80868912 0
    vertex -10.56459427 71.22071075 0
    vertex -9.097289085 61.32894516 0
  endloop
endfacet
facet normal 0 0 -1
  outer loop
    vertex -12.09560013 60.80868912 0
    vertex -14.04650307 70.616539 0
    vertex -10.56459427 71.22071075 0
  endloop
endfacet
facet normal 0 0 -1
  outer loop
    vertex -9.097289085 61.32894516 0
    vertex -7.057234287 71.65329742 0
    vertex -6.077062607 61.70145416 0
  endloop
endfacet
facet normal 0 0 -1
  outer loop
    vertex -9.097289085 61.32894516 0
    vertex -10.56459427 71.22071075 0
    vertex -7.057234287 71.65329742 0
  endloop
endfacet
facet normal 0 0 -1
  outer loop
    vertex -6.077062607 61.70145416 0
    vertex -7.057234287 71.65329742 0
    vertex -3.532872438 71.91326904 0
  endloop
endfacet
facet normal 0 0 -1
  outer loop
    vertex -6.077062607 61.70145416 0
    vertex -3.532872438 71.91326904 0
    vertex -3.042195797 61.92531967 0
  endloop
endfacet
facet normal 0 -0 -1
  outer loop
    vertex -3.042195797 61.92531967 0
    vertex 4.408728563e-15 72 0
    vertex 3.796405058e-15 62 0
  endloop
endfacet
facet normal 0 0 -1
  outer loop
    vertex -3.042195797 61.92531967 0
    vertex -3.532872438 71.91326904 0
    vertex 4.408728563e-15 72 0
  endloop
endfacet
facet normal 0.5349971464 -0.8448538651 0
  outer loop
    vertex -34.44535446 51.55111694 0
    vertex -31.87437057 53.17917252 0
    vertex -34.44535446 51.55111694 7.900000095
  endloop
endfacet
facet normal 0.4928985147 -0.8700868084 0
  outer loop
    vertex -31.87437057 53.17917252 0
    vertex -29.22659683 54.67911911 0
    vertex -31.87437057 53.17917252 7.900000095
  endloop
endfacet
facet normal 0.5758085027 -0.817584594 0
  outer loop
    vertex -34.44535446 51.55111694 0
    vertex -34.44535446 51.55111694 7.900000095
    vertex -36.93335724 49.79886627 7.900000095
  endloop
endfacet
facet normal 0.5349971464 -0.8448538651 0
  outer loop
    vertex -31.87437057 53.17917252 0
    vertex -31.87437057 53.17917252 7.900000095
    vertex -34.44535446 51.55111694 7.900000095
  endloop
endfacet
facet normal -0.4928980955 0.8700870459 0
  outer loop
    vertex -37.01539612 61.75645828 0
    vertex -33.9405632 63.49832916 8
    vertex -33.9405632 63.49832916 0
  endloop
endfacet
facet normal 0.4496112839 -0.8932243242 0
  outer loop
    vertex -29.22659683 54.67911911 0
    vertex -26.50841522 56.04733658 0
    vertex -29.22659683 54.67911911 7.900000095
  endloop
endfacet
facet normal -0.4496113818 0.893224275 0
  outer loop
    vertex -33.9405632 63.49832916 0
    vertex -30.78396606 65.08722687 8
    vertex -30.78396606 65.08722687 0
  endloop
endfacet
facet normal -0.4052416841 0.9142095917 0
  outer loop
    vertex -30.78396606 65.08722687 0
    vertex -27.5532074 66.51932526 8
    vertex -27.5532074 66.51932526 0
  endloop
endfacet
facet normal 0.4052418779 -0.9142095057 0
  outer loop
    vertex -26.50841522 56.04733658 0
    vertex -23.72637367 57.28053284 0
    vertex -26.50841522 56.04733658 7.900000095
  endloop
endfacet
facet normal 0.3598945158 -0.9329929997 0
  outer loop
    vertex -23.72637367 57.28053284 0
    vertex -20.88717079 58.37573242 0
    vertex -23.72637367 57.28053284 7.900000095
  endloop
endfacet
facet normal 0.3136812286 -0.9495283497 0
  outer loop
    vertex -20.88717079 58.37573242 0
    vertex -17.99765015 59.33029938 0
    vertex -20.88717079 58.37573242 7.900000095
  endloop
endfacet
facet normal -0.3598960292 0.9329924159 0
  outer loop
    vertex -27.5532074 66.51932526 0
    vertex -24.25606918 67.79117584 8
    vertex -24.25606918 67.79117584 0
  endloop
endfacet
facet normal -0.3136809665 0.9495284363 0
  outer loop
    vertex -24.25606918 67.79117584 0
    vertex -20.90049744 68.89970398 8
    vertex -20.90049744 68.89970398 0
  endloop
endfacet
facet normal -0.2667119592 0.9637762867 0
  outer loop
    vertex -20.90049744 68.89970398 0
    vertex -17.49457359 69.84224701 8
    vertex -17.49457359 69.84224701 0
  endloop
endfacet
facet normal -0.4928980955 0.8700870459 0
  outer loop
    vertex -37.01539612 61.75645828 0
    vertex -37.01539612 61.75645828 8
    vertex -33.9405632 63.49832916 8
  endloop
endfacet
facet normal 0.4928985147 -0.8700868084 0
  outer loop
    vertex -29.22659683 54.67911911 0
    vertex -29.22659683 54.67911911 7.900000095
    vertex -31.87437057 53.17917252 7.900000095
  endloop
endfacet
facet normal 0.4496112839 -0.8932243242 0
  outer loop
    vertex -26.50841522 56.04733658 0
    vertex -26.50841522 56.04733658 7.900000095
    vertex -29.22659683 54.67911911 7.900000095
  endloop
endfacet
facet normal -0.4496113818 0.893224275 0
  outer loop
    vertex -33.9405632 63.49832916 0
    vertex -33.9405632 63.49832916 8
    vertex -30.78396606 65.08722687 8
  endloop
endfacet
facet normal -0.4052416841 0.9142095917 0
  outer loop
    vertex -30.78396606 65.08722687 0
    vertex -30.78396606 65.08722687 8
    vertex -27.5532074 66.51932526 8
  endloop
endfacet
facet normal 0.4052418779 -0.9142095057 0
  outer loop
    vertex -23.72637367 57.28053284 0
    vertex -23.72637367 57.28053284 7.900000095
    vertex -26.50841522 56.04733658 7.900000095
  endloop
endfacet
facet normal 0.3598945158 -0.9329929997 0
  outer loop
    vertex -20.88717079 58.37573242 0
    vertex -20.88717079 58.37573242 7.900000095
    vertex -23.72637367 57.28053284 7.900000095
  endloop
endfacet
facet normal 0.3136812286 -0.9495283497 0
  outer loop
    vertex -17.99765015 59.33029938 0
    vertex -17.99765015 59.33029938 7.900000095
    vertex -20.88717079 58.37573242 7.900000095
  endloop
endfacet
facet normal -0.3598960292 0.9329924159 0
  outer loop
    vertex -27.5532074 66.51932526 0
    vertex -27.5532074 66.51932526 8
    vertex -24.25606918 67.79117584 8
  endloop
endfacet
facet normal -0.3136809665 0.9495284363 0
  outer loop
    vertex -24.25606918 67.79117584 0
    vertex -24.25606918 67.79117584 8
    vertex -20.90049744 68.89970398 8
  endloop
endfacet
facet normal -0.2667119592 0.9637762867 0
  outer loop
    vertex -20.90049744 68.89970398 0
    vertex -20.90049744 68.89970398 8
    vertex -17.49457359 69.84224701 8
  endloop
endfacet
facet normal 0.2667130097 -0.963775996 0
  outer loop
    vertex -17.99765015 59.33029938 0
    vertex -15.0647707 60.14193726 0
    vertex -17.99765015 59.33029938 7.900000095
  endloop
endfacet
facet normal 0.2191019639 -0.9757019675 0
  outer loop
    vertex -15.0647707 60.14193726 0
    vertex -12.09560013 60.80868912 0
    vertex -15.0647707 60.14193726 7.900000095
  endloop
endfacet
facet normal 0.1709618007 -0.9852776577 0
  outer loop
    vertex -12.09560013 60.80868912 0
    vertex -9.097289085 61.32894516 0
    vertex -12.09560013 60.80868912 7.900000095
  endloop
endfacet
facet normal -0.219101742 0.9757020173 0
  outer loop
    vertex -17.49457359 69.84224701 0
    vertex -14.04650307 70.616539 8
    vertex -14.04650307 70.616539 0
  endloop
endfacet
facet normal -0.1709627853 0.9852774868 0
  outer loop
    vertex -14.04650307 70.616539 0
    vertex -10.56459427 71.22071075 8
    vertex -10.56459427 71.22071075 0
  endloop
endfacet
facet normal 0.1224105445 -0.9924795507 0
  outer loop
    vertex -9.097289085 61.32894516 0
    vertex -6.077062607 61.70145416 0
    vertex -9.097289085 61.32894516 7.900000095
  endloop
endfacet
facet normal 0.07356465644 -0.9972904498 0
  outer loop
    vertex -6.077062607 61.70145416 0
    vertex -3.042195797 61.92531967 0
    vertex -6.077062607 61.70145416 7.900000095
  endloop
endfacet
facet normal 0.02454077313 -0.9996988299 0
  outer loop
    vertex -3.042195797 61.92531967 0
    vertex 3.796405058e-15 62 0
    vertex -3.042195797 61.92531967 7.900000095
  endloop
endfacet
facet normal -0.1224093028 0.9924797039 0
  outer loop
    vertex -10.56459427 71.22071075 0
    vertex -7.057234287 71.65329742 8
    vertex -7.057234287 71.65329742 0
  endloop
endfacet
facet normal -0.07356430197 0.997290476 0
  outer loop
    vertex -7.057234287 71.65329742 0
    vertex -3.532872438 71.91326904 8
    vertex -3.532872438 71.91326904 0
  endloop
endfacet
facet normal -0.02454230502 0.9996987923 0
  outer loop
    vertex -3.532872438 71.91326904 0
    vertex 4.408728563e-15 72 8
    vertex 4.408728563e-15 72 0
  endloop
endfacet
facet normal 0.2667130097 -0.963775996 0
  outer loop
    vertex -15.0647707 60.14193726 0
    vertex -15.0647707 60.14193726 7.900000095
    vertex -17.99765015 59.33029938 7.900000095
  endloop
endfacet
facet normal 0.2191019639 -0.9757019675 0
  outer loop
    vertex -12.09560013 60.80868912 0
    vertex -12.09560013 60.80868912 7.900000095
    vertex -15.0647707 60.14193726 7.900000095
  endloop
endfacet
facet normal 0.1709618007 -0.9852776577 0
  outer loop
    vertex -9.097289085 61.32894516 0
    vertex -9.097289085 61.32894516 7.900000095
    vertex -12.09560013 60.80868912 7.900000095
  endloop
endfacet
facet normal -0.219101742 0.9757020173 0
  outer loop
    vertex -17.49457359 69.84224701 0
    vertex -17.49457359 69.84224701 8
    vertex -14.04650307 70.616539 8
  endloop
endfacet
facet normal -0.1709627853 0.9852774868 0
  outer loop
    vertex -14.04650307 70.616539 0
    vertex -14.04650307 70.616539 8
    vertex -10.56459427 71.22071075 8
  endloop
endfacet
facet normal -0.1224093028 0.9924797039 0
  outer loop
    vertex -10.56459427 71.22071075 0
    vertex -10.56459427 71.22071075 8
    vertex -7.057234287 71.65329742 8
  endloop
endfacet
facet normal 0.1224105445 -0.9924795507 0
  outer loop
    vertex -6.077062607 61.70145416 0
    vertex -6.077062607 61.70145416 7.900000095
    vertex -9.097289085 61.32894516 7.900000095
  endloop
endfacet
facet normal 0.07356465644 -0.9972904498 0
  outer loop
    vertex -3.042195797 61.92531967 0
    vertex -3.042195797 61.92531967 7.900000095
    vertex -6.077062607 61.70145416 7.900000095
  endloop
endfacet
facet normal 0.02454077313 -0.9996988299 0
  outer loop
    vertex -3.042195797 61.92531967 7.900000095
    vertex 3.796405058e-15 62 0
    vertex 3.796405058e-15 62 7.900000095
  endloop
endfacet
facet normal -0.07356430197 0.997290476 0
  outer loop
    vertex -7.057234287 71.65329742 0
    vertex -7.057234287 71.65329742 8
    vertex -3.532872438 71.91326904 8
  endloop
endfacet
facet normal -0.02454230502 0.9996987923 0
  outer loop
    vertex -3.532872438 71.91326904 0
    vertex -3.532872438 71.91326904 8
    vertex 4.408728563e-15 72 8
  endloop
endfacet
facet normal 0 -0 1
  outer loop
    vertex -72 8.817457127e-15 8
    vertex -67.41869354 3.312067986 8
    vertex -71.91326904 3.532872438 8
  endloop
endfacet
facet normal -0 0 1
  outer loop
    vertex -72 8.817457127e-15 8
    vertex -67.5 8.266365633e-15 8
    vertex -67.41869354 3.312067986 8
  endloop
endfacet
facet normal -0 0 1
  outer loop
    vertex -71.91326904 3.532872438 8
    vertex -67.41869354 3.312067986 8
    vertex -67.17497253 6.616157055 8
  endloop
endfacet
facet normal 0 -0 1
  outer loop
    vertex -71.91326904 3.532872438 8
    vertex -67.17497253 6.616157055 8
    vertex -71.65329742 7.057234287 8
  endloop
endfacet
facet normal -0 0 1
  outer loop
    vertex -71.65329742 7.057234287 8
    vertex -67.17497253 6.616157055 8
    vertex -66.76941681 9.904307365 8
  endloop
endfacet
facet normal 0 -0 1
  outer loop
    vertex -71.65329742 7.057234287 8
    vertex -66.76941681 9.904307365 8
    vertex -71.22071075 10.56459427 8
  endloop
endfacet
facet normal -0 0 1
  outer loop
    vertex -71.22071075 10.56459427 8
    vertex -66.76941681 9.904307365 8
    vertex -66.20300293 13.16859627 8
  endloop
endfacet
facet normal 0 -0 1
  outer loop
    vertex -71.22071075 10.56459427 8
    vertex -66.20300293 13.16859627 8
    vertex -70.616539 14.04650307 8
  endloop
endfacet
facet normal 0 -0 1
  outer loop
    vertex -70.616539 14.04650307 8
    vertex -65.47711182 16.40116119 8
    vertex -69.84224701 17.49457359 8
  endloop
endfacet
facet normal -0 0 1
  outer loop
    vertex -70.616539 14.04650307 8
    vertex -66.20300293 13.16859627 8
    vertex -65.47711182 16.40116119 8
  endloop
endfacet
facet normal -0 0 1
  outer loop
    vertex -69.84224701 17.49457359 8
    vertex -65.47711182 16.40116119 8
    vertex -64.59347534 19.59421539 8
  endloop
endfacet
facet normal -0 -0 -1
  outer loop
    vertex -61.92531967 3.042195797 7.900000095
    vertex -59.92359924 3 7.900000095
    vertex -61.92635727 3 7.900000095
  endloop
endfacet
facet normal 0 -0 -1
  outer loop
    vertex -61.92531967 3.042195797 7.900000095
    vertex -59.71108246 5.881028652 7.900000095
    vertex -59.92359924 3 7.900000095
  endloop
endfacet
facet normal 0.9972904733 -0.07356433773 0
  outer loop
    vertex -59.92359924 3 7.900000095
    vertex -59.71108246 5.881028652 7.900000095
    vertex -59.92359924 3 8
  endloop
endfacet
facet normal 0 0 -1
  outer loop
    vertex -61.92531967 3.042195797 7.900000095
    vertex -61.70145416 6.077062607 7.900000095
    vertex -59.71108246 5.881028652 7.900000095
  endloop
endfacet
facet normal 0 0 -1
  outer loop
    vertex -61.70145416 6.077062607 7.900000095
    vertex -61.32894516 9.097289085 7.900000095
    vertex -59.35058975 8.803828239 7.900000095
  endloop
endfacet
facet normal 0 -0 -1
  outer loop
    vertex -61.70145416 6.077062607 7.900000095
    vertex -59.35058975 8.803828239 7.900000095
    vertex -59.71108246 5.881028652 7.900000095
  endloop
endfacet
facet normal 0 -0 1
  outer loop
    vertex -60 7.347880374e-15 8
    vertex -54.93375015 2.698722124 8
    vertex -59.92772675 2.944060564 8
  endloop
endfacet
facet normal -0 0 1
  outer loop
    vertex -60 7.347880374e-15 8
    vertex -55 6.735557292e-15 8
    vertex -54.93375015 2.698722124 8
  endloop
endfacet
facet normal 0 1 0
  outer loop
    vertex -59.92359924 3 7.900000095
    vertex -59.92359924 3 8
    vertex -54.91152573 3 8
  endloop
endfacet
facet normal 0 -0 1
  outer loop
    vertex -59.92772675 2.944060564 8
    vertex -54.91152573 3 8
    vertex -59.92359924 3 8
  endloop
endfacet
facet normal -0 0 1
  outer loop
    vertex -59.92772675 2.944060564 8
    vertex -54.93375015 2.698722124 8
    vertex -54.91152573 3 8
  endloop
endfacet
facet normal 0 0 -1
  outer loop
    vertex -59.35058975 8.803828239 7.900000095
    vertex -61.32894516 9.097289085 7.900000095
    vertex -58.84711838 11.70541954 7.900000095
  endloop
endfacet
facet normal 0 0 -1
  outer loop
    vertex -61.32894516 9.097289085 7.900000095
    vertex -60.80868912 12.09560013 7.900000095
    vertex -58.84711838 11.70541954 7.900000095
  endloop
endfacet
facet normal 0 -0 -1
  outer loop
    vertex -60.80868912 12.09560013 7.900000095
    vertex -58.20187378 14.57881069 7.900000095
    vertex -58.84711838 11.70541954 7.900000095
  endloop
endfacet
facet normal 0 0 -1
  outer loop
    vertex -60.80868912 12.09560013 7.900000095
    vertex -60.14193726 15.0647707 7.900000095
    vertex -58.20187378 14.57881069 7.900000095
  endloop
endfacet
facet normal 0 -0 -1
  outer loop
    vertex -60.14193726 15.0647707 7.900000095
    vertex -57.41641998 17.41707993 7.900000095
    vertex -58.20187378 14.57881069 7.900000095
  endloop
endfacet
facet normal 0 0 -1
  outer loop
    vertex -60.14193726 15.0647707 7.900000095
    vertex -59.33029938 17.99765015 7.900000095
    vertex -57.41641998 17.41707993 7.900000095
  endloop
endfacet
facet normal -0.9996988205 0.02454115376 0
  outer loop
    vertex -67.5 8.266365633e-15 8
    vertex -67.41869354 3.312067986 11.5
    vertex -67.41869354 3.312067986 8
  endloop
endfacet
facet normal -0.9972905285 0.07356358986 -3.235802733e-07
  outer loop
    vertex -67.41869354 3.312067986 8
    vertex -67.36795044 4 11.5
    vertex -67.17497253 6.616157055 8
  endloop
endfacet
facet normal -0.9996988205 0.02454115376 0
  outer loop
    vertex -67.5 8.266365633e-15 8
    vertex -67.5 8.266365633e-15 11.5
    vertex -67.41869354 3.312067986 11.5
  endloop
endfacet
facet normal -0.9972906493 0.07356195249 0
  outer loop
    vertex -67.41869354 3.312067986 8
    vertex -67.41869354 3.312067986 11.5
    vertex -67.36795044 4 11.5
  endloop
endfacet
facet normal -0.9924794955 0.122410992 0
  outer loop
    vertex -67.17497253 6.616157055 8
    vertex -67.17497253 6.616157055 16
    vertex -66.76941681 9.904307365 8
  endloop
endfacet
facet normal -0.9852773361 0.1709636539 0
  outer loop
    vertex -66.76941681 9.904307365 8
    vertex -66.76941681 9.904307365 16
    vertex -66.20300293 13.16859627 8
  endloop
endfacet
facet normal -0.9757024924 0.2190996266 0
  outer loop
    vertex -66.20300293 13.16859627 8
    vertex -66.20300293 13.16859627 16
    vertex -65.47711182 16.40116119 8
  endloop
endfacet
facet normal -0.9637761145 0.2667125814 0
  outer loop
    vertex -65.47711182 16.40116119 8
    vertex -65.47711182 16.40116119 16
    vertex -64.59347534 19.59421539 8
  endloop
endfacet
facet normal -0.9996988193 0.0245412055 0
  outer loop
    vertex -55 6.735557292e-15 8
    vertex -54.93375015 2.698722124 11.5
    vertex -54.93375015 2.698722124 8
  endloop
endfacet
facet normal -0.9972902539 0.07356731274 -2.350131238e-06
  outer loop
    vertex -54.93375015 2.698722124 8
    vertex -54.73516083 5.390942574 11.5
    vertex -54.91152573 3 8
  endloop
endfacet
facet normal -0.9972905063 0.0735638911 0
  outer loop
    vertex -54.91152573 3 8
    vertex -54.73516083 5.390942574 11.5
    vertex -54.73516083 5.390942574 8
  endloop
endfacet
facet normal -0.9924795335 0.1224106843 0
  outer loop
    vertex -54.73516083 5.390942574 8
    vertex -54.40470886 8.070176125 11.5
    vertex -54.40470886 8.070176125 8
  endloop
endfacet
facet normal 0.9996988135 -0.02454144033 0
  outer loop
    vertex -60 7.347880374e-15 8
    vertex -59.92772675 2.944060564 8
    vertex -59.92772675 2.944060564 16
  endloop
endfacet
facet normal 0.9972889369 -0.07358516316 7.540646418e-06
  outer loop
    vertex -59.92772675 2.944060564 8
    vertex -59.92359924 3 8
    vertex -59.71108246 5.881028652 16
  endloop
endfacet
facet normal 0.9972904733 -0.07356433773 0
  outer loop
    vertex -59.92359924 3 8
    vertex -59.71108246 5.881028652 7.900000095
    vertex -59.71108246 5.881028652 16
  endloop
endfacet
facet normal 0.9924795445 -0.1224105951 0
  outer loop
    vertex -59.71108246 5.881028652 7.900000095
    vertex -59.35058975 8.803828239 7.900000095
    vertex -59.35058975 8.803828239 16
  endloop
endfacet
facet normal -0.9996988193 0.0245412055 0
  outer loop
    vertex -55 6.735557292e-15 8
    vertex -55 6.735557292e-15 11.5
    vertex -54.93375015 2.698722124 11.5
  endloop
endfacet
facet normal -0.997290478 0.073564274 0
  outer loop
    vertex -54.93375015 2.698722124 8
    vertex -54.93375015 2.698722124 11.5
    vertex -54.73516083 5.390942574 11.5
  endloop
endfacet
facet normal -0.9924795335 0.1224106843 0
  outer loop
    vertex -54.73516083 5.390942574 8
    vertex -54.73516083 5.390942574 11.5
    vertex -54.40470886 8.070176125 11.5
  endloop
endfacet
facet normal -0.9852776642 0.1709617632 0
  outer loop
    vertex -54.40470886 8.070176125 8
    vertex -54.40470886 8.070176125 11.5
    vertex -53.94319153 10.72996807 11.5
  endloop
endfacet
facet normal -0.9852776642 0.1709617632 0
  outer loop
    vertex -54.40470886 8.070176125 8
    vertex -53.94319153 10.72996807 11.5
    vertex -53.94319153 10.72996807 8
  endloop
endfacet
facet normal 0.9852777841 -0.1709610723 0
  outer loop
    vertex -59.35058975 8.803828239 7.900000095
    vertex -58.84711838 11.70541954 7.900000095
    vertex -58.84711838 11.70541954 16
  endloop
endfacet
facet normal 0.9757019095 -0.2191022223 0
  outer loop
    vertex -58.84711838 11.70541954 7.900000095
    vertex -58.20187378 14.57881069 7.900000095
    vertex -58.20187378 14.57881069 16
  endloop
endfacet
facet normal 0.9637761603 -0.2667124158 0
  outer loop
    vertex -58.20187378 14.57881069 7.900000095
    vertex -57.41641998 17.41707993 7.900000095
    vertex -57.41641998 17.41707993 16
  endloop
endfacet
facet normal 0 -0 1
  outer loop
    vertex -69.84224701 17.49457359 8
    vertex -64.59347534 19.59421539 8
    vertex -68.89970398 20.90049744 8
  endloop
endfacet
facet normal -0 0 1
  outer loop
    vertex -68.89970398 20.90049744 8
    vertex -64.59347534 19.59421539 8
    vertex -63.55422592 22.74006462 8
  endloop
endfacet
facet normal 0 -0 1
  outer loop
    vertex -68.89970398 20.90049744 8
    vertex -63.55422592 22.74006462 8
    vertex -67.79117584 24.25606918 8
  endloop
endfacet
facet normal 0 -0 1
  outer loop
    vertex -67.79117584 24.25606918 8
    vertex -62.36186981 25.83113098 8
    vertex -66.51932526 27.5532074 8
  endloop
endfacet
facet normal -0 0 1
  outer loop
    vertex -67.79117584 24.25606918 8
    vertex -63.55422592 22.74006462 8
    vertex -62.36186981 25.83113098 8
  endloop
endfacet
facet normal -0 0 1
  outer loop
    vertex -66.51932526 27.5532074 8
    vertex -62.36186981 25.83113098 8
    vertex -61.01927567 28.85996819 8
  endloop
endfacet
facet normal 0 -0 1
  outer loop
    vertex -66.51932526 27.5532074 8
    vertex -57.89668274 34.70193481 8
    vertex -65.08722687 30.78396606 8
  endloop
endfacet
facet normal 0 0 -1
  outer loop
    vertex -59.33029938 17.99765015 7.900000095
    vertex -58.66436005 20.01347733 7.900000095
    vertex -56.89597321 18.9924984 7.900000095
  endloop
endfacet
facet normal 0 -0 -1
  outer loop
    vertex -59.33029938 17.99765015 7.900000095
    vertex -56.89597321 18.9924984 7.900000095
    vertex -57.41641998 17.41707993 7.900000095
  endloop
endfacet
facet normal 0.9495283936 -0.3136810956 0
  outer loop
    vertex -57.41641998 17.41707993 7.900000095
    vertex -56.89597321 18.9924984 7.900000095
    vertex -56.89597321 18.9924984 8
  endloop
endfacet
facet normal -0.4999998867 -0.8660254692 0
  outer loop
    vertex -56.89597321 18.9924984 7.900000095
    vertex -52.47499847 16.44004822 8
    vertex -56.89597321 18.9924984 8
  endloop
endfacet
facet normal -0 -0 1
  outer loop
    vertex -56.89597321 18.9924984 8
    vertex -51.78492355 18.52894211 8
    vertex -56.49264526 20.21339035 8
  endloop
endfacet
facet normal 0 -0 1
  outer loop
    vertex -55.43277359 22.96100616 8
    vertex -52.91527557 28.28380394 8
    vertex -54.23935699 25.65330505 8
  endloop
endfacet
facet normal 0 0 1
  outer loop
    vertex -66.51932526 27.5532074 8
    vertex -61.01927567 28.85996819 8
    vertex -59.52968597 31.81928062 8
  endloop
endfacet
facet normal 0 0 1
  outer loop
    vertex -66.51932526 27.5532074 8
    vertex -59.52968597 31.81928062 8
    vertex -57.89668274 34.70193481 8
  endloop
endfacet
facet normal 0 -0 1
  outer loop
    vertex -65.08722687 30.78396606 8
    vertex -56.12419891 37.50099182 8
    vertex -63.49832916 33.9405632 8
  endloop
endfacet
facet normal 0 0 1
  outer loop
    vertex -65.08722687 30.78396606 8
    vertex -57.89668274 34.70193481 8
    vertex -56.12419891 37.50099182 8
  endloop
endfacet
facet normal -0.9495280717 0.3136820701 0
  outer loop
    vertex -64.59347534 19.59421539 8
    vertex -64.59347534 19.59421539 16
    vertex -63.55422592 22.74006462 8
  endloop
endfacet
facet normal -0.9329927746 0.3598950994 0
  outer loop
    vertex -63.55422592 22.74006462 8
    vertex -63.55422592 22.74006462 16
    vertex -62.36186981 25.83113098 8
  endloop
endfacet
facet normal -0.9142094256 0.4052420586 0
  outer loop
    vertex -62.36186981 25.83113098 8
    vertex -62.36186981 25.83113098 16
    vertex -61.01927567 28.85996819 8
  endloop
endfacet
facet normal 0.949528395 -0.3136810912 -7.667582993e-08
  outer loop
    vertex -57.41641998 17.41707993 7.900000095
    vertex -56.89597321 18.9924984 8
    vertex -56.49264526 20.21339035 16
  endloop
endfacet
facet normal 0.9495282454 -0.3136815442 0
  outer loop
    vertex -56.89597321 18.9924984 8
    vertex -56.49264526 20.21339035 8
    vertex -56.49264526 20.21339035 16
  endloop
endfacet
facet normal 0.9329928788 -0.3598948291 0
  outer loop
    vertex -56.49264526 20.21339035 8
    vertex -55.43277359 22.96100616 8
    vertex -55.43277359 22.96100616 16
  endloop
endfacet
facet normal 0.9142094317 -0.405242045 0
  outer loop
    vertex -55.43277359 22.96100616 8
    vertex -54.23935699 25.65330505 8
    vertex -54.23935699 25.65330505 16
  endloop
endfacet
facet normal -0.8932246662 0.4496106045 0
  outer loop
    vertex -61.01927567 28.85996819 8
    vertex -61.01927567 28.85996819 16
    vertex -59.52968597 31.81928062 8
  endloop
endfacet
facet normal -0.8700870161 0.4928981481 0
  outer loop
    vertex -59.52968597 31.81928062 8
    vertex -59.52968597 31.81928062 16
    vertex -57.89668274 34.70193481 8
  endloop
endfacet
facet normal -0.8448534937 0.5349977328 0
  outer loop
    vertex -57.89668274 34.70193481 8
    vertex -57.89668274 34.70193481 16
    vertex -56.12419891 37.50099182 8
  endloop
endfacet
facet normal 0 0 -1
  outer loop
    vertex -54.91152573 3 8
    vertex -54.73516083 5.390942574 8
    vertex -50.90186691 3 8
  endloop
endfacet
facet normal 0 -0 -1
  outer loop
    vertex -54.73516083 5.390942574 8
    vertex -50.75442123 4.998874187 8
    vertex -50.90186691 3 8
  endloop
endfacet
facet normal 0 0 -1
  outer loop
    vertex -54.73516083 5.390942574 8
    vertex -54.40470886 8.070176125 8
    vertex -50.75442123 4.998874187 8
  endloop
endfacet
facet normal 0 0 -1
  outer loop
    vertex -54.40470886 8.070176125 8
    vertex -53.94319153 10.72996807 8
    vertex -50.44800186 7.483254433 8
  endloop
endfacet
facet normal 0 -0 -1
  outer loop
    vertex -54.40470886 8.070176125 8
    vertex -50.44800186 7.483254433 8
    vertex -50.75442123 4.998874187 8
  endloop
endfacet
facet normal 0 -0 1
  outer loop
    vertex -50.93856812 -2.50245142 8
    vertex -40 3 8
    vertex -51 6.245698657e-15 8
  endloop
endfacet
facet normal 0 -0 1
  outer loop
    vertex -51 6.245698657e-15 8
    vertex -40 3 8
    vertex -50.93856812 2.50245142 8
  endloop
endfacet
facet normal 0 -0 1
  outer loop
    vertex -50.93856812 2.50245142 8
    vertex -40 3 8
    vertex -50.90186691 3 8
  endloop
endfacet
facet normal 0 0 -1
  outer loop
    vertex -53.94319153 10.72996807 8
    vertex -53.3517189 13.36390972 8
    vertex -50.02005005 9.949606895 8
  endloop
endfacet
facet normal 0 0 -1
  outer loop
    vertex -50.44800186 7.483254433 8
    vertex -53.94319153 10.72996807 8
    vertex -50.02005005 9.949606895 8
  endloop
endfacet
facet normal 0 -0 -1
  outer loop
    vertex -53.3517189 13.36390972 8
    vertex -49.47159576 12.39198875 8
    vertex -50.02005005 9.949606895 8
  endloop
endfacet
facet normal 0 0 -1
  outer loop
    vertex -53.3517189 13.36390972 8
    vertex -52.63171768 15.96565723 8
    vertex -49.47159576 12.39198875 8
  endloop
endfacet
facet normal -0 0 1
  outer loop
    vertex -56.89597321 18.9924984 8
    vertex -52.47499847 16.44004822 8
    vertex -51.78492355 18.52894211 8
  endloop
endfacet
facet normal 0 0 -1
  outer loop
    vertex -52.63171768 15.96565723 8
    vertex -52.47499847 16.44004822 8
    vertex -49.47159576 12.39198875 8
  endloop
endfacet
facet normal 0 -0 -1
  outer loop
    vertex -52.47499847 16.44004822 8
    vertex -48.91943359 14.38724232 8
    vertex -49.47159576 12.39198875 8
  endloop
endfacet
facet normal -0 -0 1
  outer loop
    vertex -48.91943359 14.38724232 8
    vertex -41.47372055 10.08845711 8
    vertex -48.80395889 14.8045187 8
  endloop
endfacet
facet normal -0 -0 1
  outer loop
    vertex -48.80395889 14.8045187 8
    vertex -41.47372055 10.08845711 8
    vertex -48.01874542 17.18138313 8
  endloop
endfacet
facet normal -0 -0 1
  outer loop
    vertex -48.01874542 17.18138313 8
    vertex -41.47372055 10.08845711 8
    vertex -47.11785507 19.51685524 8
  endloop
endfacet
facet normal 0 0 1
  outer loop
    vertex -41.47372055 10.08845711 8
    vertex -46.10345459 21.8053093 8
    vertex -47.11785507 19.51685524 8
  endloop
endfacet
facet normal 0.9996988172 -0.02454128862 0
  outer loop
    vertex -51 6.245698657e-15 8
    vertex -50.93856812 2.50245142 8
    vertex -50.93856812 2.50245142 11.5
  endloop
endfacet
facet normal 0.997290484 -0.07356419324 -1.729421566e-07
  outer loop
    vertex -50.93856812 2.50245142 8
    vertex -50.90186691 3 8
    vertex -50.75442123 4.998874187 11.5
  endloop
endfacet
facet normal 0.9972904618 -0.07356449442 0
  outer loop
    vertex -50.90186691 3 8
    vertex -50.75442123 4.998874187 8
    vertex -50.75442123 4.998874187 11.5
  endloop
endfacet
facet normal 0.9924795203 -0.1224107914 0
  outer loop
    vertex -50.75442123 4.998874187 8
    vertex -50.44800186 7.483254433 8
    vertex -50.44800186 7.483254433 11.5
  endloop
endfacet
facet normal 0.9996988172 -0.02454128862 0
  outer loop
    vertex -51 6.245698657e-15 8
    vertex -50.93856812 2.50245142 11.5
    vertex -51 6.245698657e-15 11.5
  endloop
endfacet
facet normal 0.9972904662 -0.07356443439 0
  outer loop
    vertex -50.93856812 2.50245142 8
    vertex -50.75442123 4.998874187 11.5
    vertex -50.93856812 2.50245142 11.5
  endloop
endfacet
facet normal 0.9924795203 -0.1224107914 0
  outer loop
    vertex -50.75442123 4.998874187 8
    vertex -50.44800186 7.483254433 11.5
    vertex -50.75442123 4.998874187 11.5
  endloop
endfacet
facet normal 0.9852777054 -0.1709615258 0
  outer loop
    vertex -50.44800186 7.483254433 8
    vertex -50.02005005 9.949606895 11.5
    vertex -50.44800186 7.483254433 11.5
  endloop
endfacet
facet normal -0.9757020311 0.2191016806 0
  outer loop
    vertex -53.94319153 10.72996807 8
    vertex -53.3517189 13.36390972 11.5
    vertex -53.3517189 13.36390972 8
  endloop
endfacet
facet normal 0.9852777054 -0.1709615258 0
  outer loop
    vertex -50.44800186 7.483254433 8
    vertex -50.02005005 9.949606895 8
    vertex -50.02005005 9.949606895 11.5
  endloop
endfacet
facet normal 0.9757022071 -0.219100897 0
  outer loop
    vertex -50.02005005 9.949606895 8
    vertex -49.47159576 12.39198875 8
    vertex -49.47159576 12.39198875 11.5
  endloop
endfacet
facet normal -0.9637759976 0.266713004 0
  outer loop
    vertex -53.3517189 13.36390972 8
    vertex -52.63171768 15.96565723 11.5
    vertex -52.63171768 15.96565723 8
  endloop
endfacet
facet normal -0.9495272295 0.3136846194 -2.559293712e-06
  outer loop
    vertex -52.63171768 15.96565723 8
    vertex -51.78492355 18.52894211 11.5
    vertex -52.47499847 16.44004822 8
  endloop
endfacet
facet normal -0.9495285067 0.3136807532 0
  outer loop
    vertex -52.47499847 16.44004822 8
    vertex -51.78492355 18.52894211 11.5
    vertex -51.78492355 18.52894211 8
  endloop
endfacet
facet normal 0.9637759235 -0.2667132717 4.03614969e-07
  outer loop
    vertex -49.47159576 12.39198875 8
    vertex -48.91943359 14.38724232 8
    vertex -48.80395889 14.8045187 11.5
  endloop
endfacet
facet normal 0.9637767937 -0.2667101271 0
  outer loop
    vertex -48.91943359 14.38724232 8
    vertex -48.80395889 14.8045187 8
    vertex -48.80395889 14.8045187 11.5
  endloop
endfacet
facet normal 0.9495277613 -0.3136830096 0
  outer loop
    vertex -48.80395889 14.8045187 8
    vertex -48.01874542 17.18138313 8
    vertex -48.01874542 17.18138313 11.5
  endloop
endfacet
facet normal -0.9757020311 0.2191016806 0
  outer loop
    vertex -53.94319153 10.72996807 8
    vertex -53.94319153 10.72996807 11.5
    vertex -53.3517189 13.36390972 11.5
  endloop
endfacet
facet normal 0.9757022071 -0.219100897 0
  outer loop
    vertex -50.02005005 9.949606895 8
    vertex -49.47159576 12.39198875 11.5
    vertex -50.02005005 9.949606895 11.5
  endloop
endfacet
facet normal -0.9637759976 0.266713004 0
  outer loop
    vertex -53.3517189 13.36390972 8
    vertex -53.3517189 13.36390972 11.5
    vertex -52.63171768 15.96565723 11.5
  endloop
endfacet
facet normal -0.9495282703 0.3136814687 0
  outer loop
    vertex -52.63171768 15.96565723 8
    vertex -52.63171768 15.96565723 11.5
    vertex -51.78492355 18.52894211 11.5
  endloop
endfacet
facet normal 0.963776074 -0.2667127278 0
  outer loop
    vertex -49.47159576 12.39198875 8
    vertex -48.80395889 14.8045187 11.5
    vertex -49.47159576 12.39198875 11.5
  endloop
endfacet
facet normal 0.9495277613 -0.3136830096 0
  outer loop
    vertex -48.80395889 14.8045187 8
    vertex -48.01874542 17.18138313 11.5
    vertex -48.80395889 14.8045187 11.5
  endloop
endfacet
facet normal 0.9329928865 -0.3598948092 0
  outer loop
    vertex -48.01874542 17.18138313 8
    vertex -47.11785507 19.51685524 11.5
    vertex -48.01874542 17.18138313 11.5
  endloop
endfacet
facet normal -0 0 1
  outer loop
    vertex -56.49264526 20.21339035 8
    vertex -51.78492355 18.52894211 8
    vertex -50.81337357 21.04758835 8
  endloop
endfacet
facet normal 0 -0 1
  outer loop
    vertex -56.49264526 20.21339035 8
    vertex -49.71940994 23.51552963 8
    vertex -55.43277359 22.96100616 8
  endloop
endfacet
facet normal 0 0 1
  outer loop
    vertex -56.49264526 20.21339035 8
    vertex -50.81337357 21.04758835 8
    vertex -49.71940994 23.51552963 8
  endloop
endfacet
facet normal 0 -0 1
  outer loop
    vertex -55.43277359 22.96100616 8
    vertex -47.17507172 28.27565002 8
    vertex -52.91527557 28.28380394 8
  endloop
endfacet
facet normal 0 0 1
  outer loop
    vertex -55.43277359 22.96100616 8
    vertex -49.71940994 23.51552963 8
    vertex -48.50566864 25.92682076 8
  endloop
endfacet
facet normal 0 0 1
  outer loop
    vertex -55.43277359 22.96100616 8
    vertex -48.50566864 25.92682076 8
    vertex -47.17507172 28.27565002 8
  endloop
endfacet
facet normal -0 -0 1
  outer loop
    vertex -52.91527557 28.28380394 8
    vertex -47.17507172 28.27565002 8
    vertex -51.46371841 30.8461647 8
  endloop
endfacet
facet normal -0 -0 1
  outer loop
    vertex -51.46371841 30.8461647 8
    vertex -47.17507172 28.27565002 8
    vertex -49.88817596 33.33421326 8
  endloop
endfacet
facet normal -0 0 1
  outer loop
    vertex -49.88817596 33.33421326 8
    vertex -47.17507172 28.27565002 8
    vertex -45.73082733 30.55636215 8
  endloop
endfacet
facet normal -0 -0 1
  outer loop
    vertex -49.88817596 33.33421326 8
    vertex -45.73082733 30.55636215 8
    vertex -48.19245148 35.74195862 8
  endloop
endfacet
facet normal 0 -0 1
  outer loop
    vertex -45.73082733 30.55636215 8
    vertex -44.17641449 32.76346207 8
    vertex -48.19245148 35.74195862 8
  endloop
endfacet
facet normal 0 -0 1
  outer loop
    vertex -41.47372055 10.08845711 8
    vertex -29.47372055 30.87306786 8
    vertex -46.10345459 21.8053093 8
  endloop
endfacet
facet normal 0 -0 1
  outer loop
    vertex -46.10345459 21.8053093 8
    vertex -29.47372055 30.87306786 8
    vertex -44.97798538 24.04123306 8
  endloop
endfacet
facet normal -0 0 1
  outer loop
    vertex -48.19245148 35.74195862 8
    vertex -44.17641449 32.76346207 8
    vertex -42.51557541 34.89163208 8
  endloop
endfacet
facet normal 0 -0 1
  outer loop
    vertex -44.97798538 24.04123306 8
    vertex -29.47372055 30.87306786 8
    vertex -43.7441597 26.21924019 8
  endloop
endfacet
facet normal 0 -0 1
  outer loop
    vertex -43.7441597 26.21924019 8
    vertex -29.47372055 30.87306786 8
    vertex -42.40494919 28.33408165 8
  endloop
endfacet
facet normal 0 -0 1
  outer loop
    vertex -42.40494919 28.33408165 8
    vertex -29.47372055 30.87306786 8
    vertex -40.9635849 30.38066483 8
  endloop
endfacet
facet normal 0 -0 1
  outer loop
    vertex -40.9635849 30.38066483 8
    vertex -29.47372055 30.87306786 8
    vertex -39.42353439 32.35405731 8
  endloop
endfacet
facet normal -0.932992684 0.3598953343 0
  outer loop
    vertex -51.78492355 18.52894211 8
    vertex -50.81337357 21.04758835 11.5
    vertex -50.81337357 21.04758835 8
  endloop
endfacet
facet normal -0.9142096885 0.4052414656 0
  outer loop
    vertex -50.81337357 21.04758835 8
    vertex -49.71940994 23.51552963 11.5
    vertex -49.71940994 23.51552963 8
  endloop
endfacet
facet normal 0.9329928865 -0.3598948092 0
  outer loop
    vertex -48.01874542 17.18138313 8
    vertex -47.11785507 19.51685524 8
    vertex -47.11785507 19.51685524 11.5
  endloop
endfacet
facet normal 0.914209968 -0.405240835 0
  outer loop
    vertex -47.11785507 19.51685524 8
    vertex -46.10345459 21.8053093 8
    vertex -46.10345459 21.8053093 11.5
  endloop
endfacet
facet normal -0.893224398 0.4496111374 0
  outer loop
    vertex -49.71940994 23.51552963 8
    vertex -48.50566864 25.92682076 11.5
    vertex -48.50566864 25.92682076 8
  endloop
endfacet
facet normal 0.8932243391 -0.4496112543 0
  outer loop
    vertex -46.10345459 21.8053093 8
    vertex -44.97798538 24.04123306 8
    vertex -44.97798538 24.04123306 11.5
  endloop
endfacet
facet normal -0.932992684 0.3598953343 0
  outer loop
    vertex -51.78492355 18.52894211 8
    vertex -51.78492355 18.52894211 11.5
    vertex -50.81337357 21.04758835 11.5
  endloop
endfacet
facet normal -0.9142096885 0.4052414656 0
  outer loop
    vertex -50.81337357 21.04758835 8
    vertex -50.81337357 21.04758835 11.5
    vertex -49.71940994 23.51552963 11.5
  endloop
endfacet
facet normal 0.914209968 -0.405240835 0
  outer loop
    vertex -47.11785507 19.51685524 8
    vertex -46.10345459 21.8053093 11.5
    vertex -47.11785507 19.51685524 11.5
  endloop
endfacet
facet normal -0.893224398 0.4496111374 0
  outer loop
    vertex -49.71940994 23.51552963 8
    vertex -49.71940994 23.51552963 11.5
    vertex -48.50566864 25.92682076 11.5
  endloop
endfacet
facet normal -0.8700867404 0.4928986348 0
  outer loop
    vertex -48.50566864 25.92682076 8
    vertex -48.50566864 25.92682076 11.5
    vertex -47.17507172 28.27565002 11.5
  endloop
endfacet
facet normal 0.8932243391 -0.4496112543 0
  outer loop
    vertex -46.10345459 21.8053093 8
    vertex -44.97798538 24.04123306 11.5
    vertex -46.10345459 21.8053093 11.5
  endloop
endfacet
facet normal -0.8700867404 0.4928986348 0
  outer loop
    vertex -48.50566864 25.92682076 8
    vertex -47.17507172 28.27565002 11.5
    vertex -47.17507172 28.27565002 8
  endloop
endfacet
facet normal -0.8448536727 0.5349974501 0
  outer loop
    vertex -47.17507172 28.27565002 8
    vertex -45.73082733 30.55636215 11.5
    vertex -45.73082733 30.55636215 8
  endloop
endfacet
facet normal 0.8932243623 -0.4496112084 0
  outer loop
    vertex -54.23935699 25.65330505 8
    vertex -52.91527557 28.28380394 8
    vertex -52.91527557 28.28380394 16
  endloop
endfacet
facet normal 0.8700873237 -0.4928976052 0
  outer loop
    vertex -52.91527557 28.28380394 8
    vertex -51.46371841 30.8461647 8
    vertex -51.46371841 30.8461647 16
  endloop
endfacet
facet normal 0.8448530926 -0.5349983663 0
  outer loop
    vertex -51.46371841 30.8461647 8
    vertex -49.88817596 33.33421326 8
    vertex -49.88817596 33.33421326 16
  endloop
endfacet
facet normal -0.8448536727 0.5349974501 0
  outer loop
    vertex -47.17507172 28.27565002 8
    vertex -47.17507172 28.27565002 11.5
    vertex -45.73082733 30.55636215 11.5
  endloop
endfacet
facet normal -0.8175852136 0.5758076229 0
  outer loop
    vertex -45.73082733 30.55636215 8
    vertex -45.73082733 30.55636215 11.5
    vertex -44.17641449 32.76346207 11.5
  endloop
endfacet
facet normal 0.8175849918 -0.5758079377 0
  outer loop
    vertex -49.88817596 33.33421326 8
    vertex -48.19245148 35.74195862 8
    vertex -48.19245148 35.74195862 16
  endloop
endfacet
facet normal 0.8700870105 -0.492898158 0
  outer loop
    vertex -44.97798538 24.04123306 8
    vertex -43.7441597 26.21924019 8
    vertex -43.7441597 26.21924019 11.5
  endloop
endfacet
facet normal 0.8700870105 -0.492898158 0
  outer loop
    vertex -44.97798538 24.04123306 8
    vertex -43.7441597 26.21924019 11.5
    vertex -44.97798538 24.04123306 11.5
  endloop
endfacet
facet normal 0.8448532177 -0.5349981687 0
  outer loop
    vertex -43.7441597 26.21924019 8
    vertex -42.40494919 28.33408165 11.5
    vertex -43.7441597 26.21924019 11.5
  endloop
endfacet
facet normal 0.8448532177 -0.5349981687 0
  outer loop
    vertex -43.7441597 26.21924019 8
    vertex -42.40494919 28.33408165 8
    vertex -42.40494919 28.33408165 11.5
  endloop
endfacet
facet normal 0.8175852283 -0.575807602 0
  outer loop
    vertex -42.40494919 28.33408165 8
    vertex -40.9635849 30.38066483 8
    vertex -40.9635849 30.38066483 11.5
  endloop
endfacet
facet normal -0.8175852136 0.5758076229 0
  outer loop
    vertex -45.73082733 30.55636215 8
    vertex -44.17641449 32.76346207 11.5
    vertex -44.17641449 32.76346207 8
  endloop
endfacet
facet normal -0.788346625 0.6152313376 0
  outer loop
    vertex -44.17641449 32.76346207 8
    vertex -42.51557541 34.89163208 11.5
    vertex -42.51557541 34.89163208 8
  endloop
endfacet
facet normal 0.7883464481 -0.6152315644 0
  outer loop
    vertex -40.9635849 30.38066483 8
    vertex -39.42353439 32.35405731 8
    vertex -39.42353439 32.35405731 11.5
  endloop
endfacet
facet normal 0.7572084683 -0.6531732814 0
  outer loop
    vertex -39.42353439 32.35405731 8
    vertex -37.78850555 34.2495079 8
    vertex -37.78850555 34.2495079 11.5
  endloop
endfacet
facet normal 0.7242468105 -0.6895408309 7.298282823e-07
  outer loop
    vertex -37.78850555 34.2495079 8
    vertex -36.91357803 35.16847229 8
    vertex -36.06244659 36.06244659 11.5
  endloop
endfacet
facet normal 0.7242482374 -0.6895393321 0
  outer loop
    vertex -36.91357803 35.16847229 8
    vertex -36.06244659 36.06244659 8
    vertex -36.06244659 36.06244659 11.5
  endloop
endfacet
facet normal 0.8175852283 -0.575807602 0
  outer loop
    vertex -42.40494919 28.33408165 8
    vertex -40.9635849 30.38066483 11.5
    vertex -42.40494919 28.33408165 11.5
  endloop
endfacet
facet normal -0.788346625 0.6152313376 0
  outer loop
    vertex -44.17641449 32.76346207 8
    vertex -44.17641449 32.76346207 11.5
    vertex -42.51557541 34.89163208 11.5
  endloop
endfacet
facet normal -0.7572083233 0.6531734495 0
  outer loop
    vertex -42.51557541 34.89163208 8
    vertex -42.51557541 34.89163208 11.5
    vertex -40.75231171 36.93574142 11.5
  endloop
endfacet
facet normal 0.7883464481 -0.6152315644 0
  outer loop
    vertex -40.9635849 30.38066483 8
    vertex -39.42353439 32.35405731 11.5
    vertex -40.9635849 30.38066483 11.5
  endloop
endfacet
facet normal 0.7572084683 -0.6531732814 0
  outer loop
    vertex -39.42353439 32.35405731 8
    vertex -37.78850555 34.2495079 11.5
    vertex -39.42353439 32.35405731 11.5
  endloop
endfacet
facet normal 0.7242475141 -0.6895400919 0
  outer loop
    vertex -37.78850555 34.2495079 8
    vertex -36.06244659 36.06244659 11.5
    vertex -37.78850555 34.2495079 11.5
  endloop
endfacet
facet normal 0 0 -1
  outer loop
    vertex -68.19999695 -4 11.5
    vertex -68.19999695 4 11.5
    vertex -67.5 8.266365633e-15 11.5
  endloop
endfacet
facet normal 0 -0 -1
  outer loop
    vertex -68.19999695 4 11.5
    vertex -67.41869354 3.312067986 11.5
    vertex -67.5 8.266365633e-15 11.5
  endloop
endfacet
facet normal 0 -0 -1
  outer loop
    vertex -68.19999695 4 11.5
    vertex -67.36795044 4 11.5
    vertex -67.41869354 3.312067986 11.5
  endloop
endfacet
facet normal -0.9972904967 0.07356402042 0
  outer loop
    vertex -67.17497253 6.616157055 8
    vertex -67.36795044 4 11.5
    vertex -67.36795044 4 14
  endloop
endfacet
facet normal -0 1 0
  outer loop
    vertex -68.19999695 4 11.5
    vertex -67.36795044 4 14
    vertex -67.36795044 4 11.5
  endloop
endfacet
facet normal -1 0 0
  outer loop
    vertex -68.19999695 -4 11.5
    vertex -68.19999695 4 15.5
    vertex -68.19999695 4 11.5
  endloop
endfacet
facet normal 0 1 0
  outer loop
    vertex -68.19999695 4 11.5
    vertex -67.90000153 4 14
    vertex -67.36795044 4 14
  endloop
endfacet
facet normal -0.9972899268 0.07357174686 3.38726016e-06
  outer loop
    vertex -67.17497253 6.616157055 8
    vertex -67.36795044 4 14
    vertex -67.41869354 3.312067986 16
  endloop
endfacet
facet normal -0.9972905285 0.07356358986 0
  outer loop
    vertex -67.17497253 6.616157055 8
    vertex -67.41869354 3.312067986 16
    vertex -67.17497253 6.616157055 16
  endloop
endfacet
facet normal -0.9924794955 0.122410992 0
  outer loop
    vertex -66.76941681 9.904307365 8
    vertex -67.17497253 6.616157055 16
    vertex -66.76941681 9.904307365 16
  endloop
endfacet
facet normal -0.9852773361 0.1709636539 0
  outer loop
    vertex -66.20300293 13.16859627 8
    vertex -66.76941681 9.904307365 16
    vertex -66.20300293 13.16859627 16
  endloop
endfacet
facet normal -0.9757024924 0.2190996266 0
  outer loop
    vertex -65.47711182 16.40116119 8
    vertex -66.20300293 13.16859627 16
    vertex -65.47711182 16.40116119 16
  endloop
endfacet
facet normal 0.9996988135 -0.02454144033 0
  outer loop
    vertex -60 7.347880374e-15 8
    vertex -59.92772675 2.944060564 16
    vertex -60 7.347880374e-15 16
  endloop
endfacet
facet normal 0.9972904441 -0.07356473438 0
  outer loop
    vertex -59.92772675 2.944060564 8
    vertex -59.71108246 5.881028652 16
    vertex -59.92772675 2.944060564 16
  endloop
endfacet
facet normal 0.9924795445 -0.1224105951 0
  outer loop
    vertex -59.71108246 5.881028652 7.900000095
    vertex -59.35058975 8.803828239 16
    vertex -59.71108246 5.881028652 16
  endloop
endfacet
facet normal 0.9852777841 -0.1709610723 0
  outer loop
    vertex -59.35058975 8.803828239 7.900000095
    vertex -58.84711838 11.70541954 16
    vertex -59.35058975 8.803828239 16
  endloop
endfacet
facet normal 0.9757019095 -0.2191022223 0
  outer loop
    vertex -58.84711838 11.70541954 7.900000095
    vertex -58.20187378 14.57881069 16
    vertex -58.84711838 11.70541954 16
  endloop
endfacet
facet normal 0.9637761603 -0.2667124158 0
  outer loop
    vertex -58.20187378 14.57881069 7.900000095
    vertex -57.41641998 17.41707993 16
    vertex -58.20187378 14.57881069 16
  endloop
endfacet
facet normal 0 -0 1
  outer loop
    vertex -67.90000153 -4 14
    vertex -67.5 8.266365633e-15 14
    vertex -67.90000153 4 14
  endloop
endfacet
facet normal -0 1 0
  outer loop
    vertex -68.19999695 4 11.5
    vertex -68.19999695 4 15.5
    vertex -67.90000153 4 14
  endloop
endfacet
facet normal -0 0 1
  outer loop
    vertex -67.90000153 4 14
    vertex -67.5 8.266365633e-15 14
    vertex -67.41869354 3.312067986 14
  endloop
endfacet
facet normal -0 0 1
  outer loop
    vertex -67.90000153 4 14
    vertex -67.41869354 3.312067986 14
    vertex -67.36795044 4 14
  endloop
endfacet
facet normal 1 0 0
  outer loop
    vertex -67.90000153 -4 14
    vertex -67.90000153 4 14
    vertex -67.90000153 4 15.5
  endloop
endfacet
facet normal -0.9996988205 0.02454115376 0
  outer loop
    vertex -67.5 8.266365633e-15 14
    vertex -67.41869354 3.312067986 16
    vertex -67.41869354 3.312067986 14
  endloop
endfacet
facet normal -0.9972906493 0.07356195249 0
  outer loop
    vertex -67.41869354 3.312067986 14
    vertex -67.41869354 3.312067986 16
    vertex -67.36795044 4 14
  endloop
endfacet
facet normal 0 1 -0
  outer loop
    vertex -67.90000153 4 14
    vertex -68.19999695 4 15.5
    vertex -67.90000153 4 15.5
  endloop
endfacet
facet normal 0 -0 1
  outer loop
    vertex -68.19999695 -4 15.5
    vertex -67.90000153 4 15.5
    vertex -68.19999695 4 15.5
  endloop
endfacet
facet normal -0.9996988205 0.02454115376 0
  outer loop
    vertex -67.5 8.266365633e-15 14
    vertex -67.5 8.266365633e-15 16
    vertex -67.41869354 3.312067986 16
  endloop
endfacet
facet normal 0 -0 1
  outer loop
    vertex -67.5 8.266365633e-15 16
    vertex -59.92772675 2.944060564 16
    vertex -67.41869354 3.312067986 16
  endloop
endfacet
facet normal 0 -0 1
  outer loop
    vertex -67.41869354 3.312067986 16
    vertex -59.71108246 5.881028652 16
    vertex -67.17497253 6.616157055 16
  endloop
endfacet
facet normal 0 -0 1
  outer loop
    vertex -67.17497253 6.616157055 16
    vertex -59.35058975 8.803828239 16
    vertex -66.76941681 9.904307365 16
  endloop
endfacet
facet normal 0 -0 1
  outer loop
    vertex -66.76941681 9.904307365 16
    vertex -58.84711838 11.70541954 16
    vertex -66.20300293 13.16859627 16
  endloop
endfacet
facet normal 0 -0 1
  outer loop
    vertex -66.20300293 13.16859627 16
    vertex -58.20187378 14.57881069 16
    vertex -65.47711182 16.40116119 16
  endloop
endfacet
facet normal -0 0 1
  outer loop
    vertex -67.5 8.266365633e-15 16
    vertex -60 7.347880374e-15 16
    vertex -59.92772675 2.944060564 16
  endloop
endfacet
facet normal -0 0 1
  outer loop
    vertex -67.41869354 3.312067986 16
    vertex -59.92772675 2.944060564 16
    vertex -59.71108246 5.881028652 16
  endloop
endfacet
facet normal -0 0 1
  outer loop
    vertex -67.17497253 6.616157055 16
    vertex -59.71108246 5.881028652 16
    vertex -59.35058975 8.803828239 16
  endloop
endfacet
facet normal -0 0 1
  outer loop
    vertex -66.76941681 9.904307365 16
    vertex -59.35058975 8.803828239 16
    vertex -58.84711838 11.70541954 16
  endloop
endfacet
facet normal -0 0 1
  outer loop
    vertex -66.20300293 13.16859627 16
    vertex -58.84711838 11.70541954 16
    vertex -58.20187378 14.57881069 16
  endloop
endfacet
facet normal 0 -0 1
  outer loop
    vertex -65.47711182 16.40116119 16
    vertex -57.41641998 17.41707993 16
    vertex -64.59347534 19.59421539 16
  endloop
endfacet
facet normal -0 0 1
  outer loop
    vertex -65.47711182 16.40116119 16
    vertex -58.20187378 14.57881069 16
    vertex -57.41641998 17.41707993 16
  endloop
endfacet
facet normal -0.9637761145 0.2667125814 0
  outer loop
    vertex -64.59347534 19.59421539 8
    vertex -65.47711182 16.40116119 16
    vertex -64.59347534 19.59421539 16
  endloop
endfacet
facet normal -0.9495280717 0.3136820701 0
  outer loop
    vertex -63.55422592 22.74006462 8
    vertex -64.59347534 19.59421539 16
    vertex -63.55422592 22.74006462 16
  endloop
endfacet
facet normal -0.9329927746 0.3598950994 0
  outer loop
    vertex -62.36186981 25.83113098 8
    vertex -63.55422592 22.74006462 16
    vertex -62.36186981 25.83113098 16
  endloop
endfacet
facet normal 0.9495283289 -0.3136812915 0
  outer loop
    vertex -57.41641998 17.41707993 7.900000095
    vertex -56.49264526 20.21339035 16
    vertex -57.41641998 17.41707993 16
  endloop
endfacet
facet normal 0.9329928788 -0.3598948291 0
  outer loop
    vertex -56.49264526 20.21339035 8
    vertex -55.43277359 22.96100616 16
    vertex -56.49264526 20.21339035 16
  endloop
endfacet
facet normal 0.9142094317 -0.405242045 0
  outer loop
    vertex -55.43277359 22.96100616 8
    vertex -54.23935699 25.65330505 16
    vertex -55.43277359 22.96100616 16
  endloop
endfacet
facet normal -0.9142094256 0.4052420586 0
  outer loop
    vertex -61.01927567 28.85996819 8
    vertex -62.36186981 25.83113098 16
    vertex -61.01927567 28.85996819 16
  endloop
endfacet
facet normal -0.8932246662 0.4496106045 0
  outer loop
    vertex -59.52968597 31.81928062 8
    vertex -61.01927567 28.85996819 16
    vertex -59.52968597 31.81928062 16
  endloop
endfacet
facet normal -0.8700870161 0.4928981481 0
  outer loop
    vertex -57.89668274 34.70193481 8
    vertex -59.52968597 31.81928062 16
    vertex -57.89668274 34.70193481 16
  endloop
endfacet
facet normal 0 -0 1
  outer loop
    vertex -64.59347534 19.59421539 16
    vertex -56.49264526 20.21339035 16
    vertex -63.55422592 22.74006462 16
  endloop
endfacet
facet normal 0 -0 1
  outer loop
    vertex -57.41641998 17.41707993 16
    vertex -56.49264526 20.21339035 16
    vertex -64.59347534 19.59421539 16
  endloop
endfacet
facet normal 0 -0 1
  outer loop
    vertex -63.55422592 22.74006462 16
    vertex -55.43277359 22.96100616 16
    vertex -62.36186981 25.83113098 16
  endloop
endfacet
facet normal -0 -0 1
  outer loop
    vertex -62.36186981 25.83113098 16
    vertex -54.23935699 25.65330505 16
    vertex -61.01927567 28.85996819 16
  endloop
endfacet
facet normal -0 0 1
  outer loop
    vertex -63.55422592 22.74006462 16
    vertex -56.49264526 20.21339035 16
    vertex -55.43277359 22.96100616 16
  endloop
endfacet
facet normal -0 0 1
  outer loop
    vertex -62.36186981 25.83113098 16
    vertex -55.43277359 22.96100616 16
    vertex -54.23935699 25.65330505 16
  endloop
endfacet
facet normal -0 -0 1
  outer loop
    vertex -61.01927567 28.85996819 16
    vertex -52.91527557 28.28380394 16
    vertex -59.52968597 31.81928062 16
  endloop
endfacet
facet normal 0 -0 1
  outer loop
    vertex -54.23935699 25.65330505 16
    vertex -52.91527557 28.28380394 16
    vertex -61.01927567 28.85996819 16
  endloop
endfacet
facet normal -0 0 1
  outer loop
    vertex -59.52968597 31.81928062 16
    vertex -52.91527557 28.28380394 16
    vertex -51.46371841 30.8461647 16
  endloop
endfacet
facet normal -0 -0 1
  outer loop
    vertex -59.52968597 31.81928062 16
    vertex -51.46371841 30.8461647 16
    vertex -57.89668274 34.70193481 16
  endloop
endfacet
facet normal -0 -0 1
  outer loop
    vertex -57.89668274 34.70193481 16
    vertex -49.88817596 33.33421326 16
    vertex -56.12419891 37.50099182 16
  endloop
endfacet
facet normal 0 -0 1
  outer loop
    vertex -55 6.735557292e-15 11.5
    vertex -50.93856812 2.50245142 11.5
    vertex -54.93375015 2.698722124 11.5
  endloop
endfacet
facet normal -0 0 1
  outer loop
    vertex -55 6.735557292e-15 11.5
    vertex -51 6.245698657e-15 11.5
    vertex -50.93856812 2.50245142 11.5
  endloop
endfacet
facet normal 0 -0 1
  outer loop
    vertex -54.93375015 2.698722124 11.5
    vertex -50.75442123 4.998874187 11.5
    vertex -54.73516083 5.390942574 11.5
  endloop
endfacet
facet normal -0 0 1
  outer loop
    vertex -54.93375015 2.698722124 11.5
    vertex -50.93856812 2.50245142 11.5
    vertex -50.75442123 4.998874187 11.5
  endloop
endfacet
facet normal -0 0 1
  outer loop
    vertex -54.73516083 5.390942574 11.5
    vertex -50.75442123 4.998874187 11.5
    vertex -50.44800186 7.483254433 11.5
  endloop
endfacet
facet normal 0 -0 1
  outer loop
    vertex -54.73516083 5.390942574 11.5
    vertex -50.44800186 7.483254433 11.5
    vertex -54.40470886 8.070176125 11.5
  endloop
endfacet
facet normal -0 0 1
  outer loop
    vertex -54.40470886 8.070176125 11.5
    vertex -50.44800186 7.483254433 11.5
    vertex -50.02005005 9.949606895 11.5
  endloop
endfacet
facet normal 0 -0 1
  outer loop
    vertex -54.40470886 8.070176125 11.5
    vertex -50.02005005 9.949606895 11.5
    vertex -53.94319153 10.72996807 11.5
  endloop
endfacet
facet normal 0 -0 1
  outer loop
    vertex -53.94319153 10.72996807 11.5
    vertex -49.47159576 12.39198875 11.5
    vertex -53.3517189 13.36390972 11.5
  endloop
endfacet
facet normal -0 0 1
  outer loop
    vertex -53.94319153 10.72996807 11.5
    vertex -50.02005005 9.949606895 11.5
    vertex -49.47159576 12.39198875 11.5
  endloop
endfacet
facet normal 0 -0 1
  outer loop
    vertex -53.3517189 13.36390972 11.5
    vertex -48.80395889 14.8045187 11.5
    vertex -52.63171768 15.96565723 11.5
  endloop
endfacet
facet normal -0 0 1
  outer loop
    vertex -53.3517189 13.36390972 11.5
    vertex -49.47159576 12.39198875 11.5
    vertex -48.80395889 14.8045187 11.5
  endloop
endfacet
facet normal 0 -0 1
  outer loop
    vertex -52.63171768 15.96565723 11.5
    vertex -48.01874542 17.18138313 11.5
    vertex -51.78492355 18.52894211 11.5
  endloop
endfacet
facet normal -0 0 1
  outer loop
    vertex -52.63171768 15.96565723 11.5
    vertex -48.80395889 14.8045187 11.5
    vertex -48.01874542 17.18138313 11.5
  endloop
endfacet
facet normal 0 -0 1
  outer loop
    vertex -51.78492355 18.52894211 11.5
    vertex -47.11785507 19.51685524 11.5
    vertex -50.81337357 21.04758835 11.5
  endloop
endfacet
facet normal 0 -0 1
  outer loop
    vertex -48.01874542 17.18138313 11.5
    vertex -47.11785507 19.51685524 11.5
    vertex -51.78492355 18.52894211 11.5
  endloop
endfacet
facet normal 0 -0 1
  outer loop
    vertex -50.81337357 21.04758835 11.5
    vertex -46.10345459 21.8053093 11.5
    vertex -49.71940994 23.51552963 11.5
  endloop
endfacet
facet normal -0 0 1
  outer loop
    vertex -50.81337357 21.04758835 11.5
    vertex -47.11785507 19.51685524 11.5
    vertex -46.10345459 21.8053093 11.5
  endloop
endfacet
facet normal 0 -0 1
  outer loop
    vertex -49.71940994 23.51552963 11.5
    vertex -44.97798538 24.04123306 11.5
    vertex -48.50566864 25.92682076 11.5
  endloop
endfacet
facet normal -0 0 1
  outer loop
    vertex -49.71940994 23.51552963 11.5
    vertex -46.10345459 21.8053093 11.5
    vertex -44.97798538 24.04123306 11.5
  endloop
endfacet
facet normal 0 -0 1
  outer loop
    vertex -48.50566864 25.92682076 11.5
    vertex -43.7441597 26.21924019 11.5
    vertex -47.17507172 28.27565002 11.5
  endloop
endfacet
facet normal -0 0 1
  outer loop
    vertex -48.50566864 25.92682076 11.5
    vertex -44.97798538 24.04123306 11.5
    vertex -43.7441597 26.21924019 11.5
  endloop
endfacet
facet normal 0.8932243623 -0.4496112084 0
  outer loop
    vertex -54.23935699 25.65330505 8
    vertex -52.91527557 28.28380394 16
    vertex -54.23935699 25.65330505 16
  endloop
endfacet
facet normal 0 -0 1
  outer loop
    vertex -47.17507172 28.27565002 11.5
    vertex -42.40494919 28.33408165 11.5
    vertex -45.73082733 30.55636215 11.5
  endloop
endfacet
facet normal 0.8700873237 -0.4928976052 0
  outer loop
    vertex -52.91527557 28.28380394 8
    vertex -51.46371841 30.8461647 16
    vertex -52.91527557 28.28380394 16
  endloop
endfacet
facet normal 0.8448530926 -0.5349983663 0
  outer loop
    vertex -51.46371841 30.8461647 8
    vertex -49.88817596 33.33421326 16
    vertex -51.46371841 30.8461647 16
  endloop
endfacet
facet normal 0.8175849918 -0.5758079377 0
  outer loop
    vertex -49.88817596 33.33421326 8
    vertex -48.19245148 35.74195862 16
    vertex -49.88817596 33.33421326 16
  endloop
endfacet
facet normal -0 0 1
  outer loop
    vertex -47.17507172 28.27565002 11.5
    vertex -43.7441597 26.21924019 11.5
    vertex -42.40494919 28.33408165 11.5
  endloop
endfacet
facet normal -0 0 1
  outer loop
    vertex -45.73082733 30.55636215 11.5
    vertex -42.40494919 28.33408165 11.5
    vertex -40.9635849 30.38066483 11.5
  endloop
endfacet
facet normal -0 -0 1
  outer loop
    vertex -45.73082733 30.55636215 11.5
    vertex -40.9635849 30.38066483 11.5
    vertex -44.17641449 32.76346207 11.5
  endloop
endfacet
facet normal -0 -0 1
  outer loop
    vertex -44.17641449 32.76346207 11.5
    vertex -39.42353439 32.35405731 11.5
    vertex -42.51557541 34.89163208 11.5
  endloop
endfacet
facet normal 0 -0 1
  outer loop
    vertex -40.9635849 30.38066483 11.5
    vertex -39.42353439 32.35405731 11.5
    vertex -44.17641449 32.76346207 11.5
  endloop
endfacet
facet normal -0 0 1
  outer loop
    vertex -42.51557541 34.89163208 11.5
    vertex -39.42353439 32.35405731 11.5
    vertex -37.78850555 34.2495079 11.5
  endloop
endfacet
facet normal -0 -0 1
  outer loop
    vertex -42.51557541 34.89163208 11.5
    vertex -37.78850555 34.2495079 11.5
    vertex -40.75231171 36.93574142 11.5
  endloop
endfacet
facet normal 0 -0 1
  outer loop
    vertex -37.78850555 34.2495079 11.5
    vertex -36.06244659 36.06244659 11.5
    vertex -40.75231171 36.93574142 11.5
  endloop
endfacet
facet normal -0 0 1
  outer loop
    vertex -57.89668274 34.70193481 16
    vertex -51.46371841 30.8461647 16
    vertex -49.88817596 33.33421326 16
  endloop
endfacet
facet normal 0 -0 1
  outer loop
    vertex -49.88817596 33.33421326 16
    vertex -48.19245148 35.74195862 16
    vertex -56.12419891 37.50099182 16
  endloop
endfacet
facet normal 0 -0 1
  outer loop
    vertex -63.49832916 33.9405632 8
    vertex -56.12419891 37.50099182 8
    vertex -61.75645828 37.01539612 8
  endloop
endfacet
facet normal 0 -0 1
  outer loop
    vertex -61.75645828 37.01539612 8
    vertex -54.21650696 40.20970154 8
    vertex -59.86581039 40.00105667 8
  endloop
endfacet
facet normal 0 0 1
  outer loop
    vertex -61.75645828 37.01539612 8
    vertex -56.12419891 37.50099182 8
    vertex -54.21650696 40.20970154 8
  endloop
endfacet
facet normal 0 -0 1
  outer loop
    vertex -59.86581039 40.00105667 8
    vertex -52.1782074 42.82154846 8
    vertex -57.83094406 42.89035034 8
  endloop
endfacet
facet normal 0 0 1
  outer loop
    vertex -59.86581039 40.00105667 8
    vertex -54.21650696 40.20970154 8
    vertex -52.1782074 42.82154846 8
  endloop
endfacet
facet normal -0 -0 1
  outer loop
    vertex -57.83094406 42.89035034 8
    vertex -52.1782074 42.82154846 8
    vertex -55.65675354 45.67631531 8
  endloop
endfacet
facet normal -0.817584339 0.5758088646 0
  outer loop
    vertex -56.12419891 37.50099182 8
    vertex -56.12419891 37.50099182 16
    vertex -54.21650696 40.20970154 8
  endloop
endfacet
facet normal -0 0 1
  outer loop
    vertex -55.65675354 45.67631531 8
    vertex -52.1782074 42.82154846 8
    vertex -50.01420212 45.33023071 8
  endloop
endfacet
facet normal -0 -0 1
  outer loop
    vertex -48.19245148 35.74195862 8
    vertex -42.51557541 34.89163208 8
    vertex -46.38062668 38.06359863 8
  endloop
endfacet
facet normal 0 -0 -1
  outer loop
    vertex -46.6629982 40.79730225 7.900000095
    vertex -44.4570694 40.29353714 7.900000095
    vertex -44.90036011 39.7796402 7.900000095
  endloop
endfacet
facet normal 0 0 -1
  outer loop
    vertex -46.6629982 40.79730225 7.900000095
    vertex -45.93896866 41.6366539 7.900000095
    vertex -44.4570694 40.29353714 7.900000095
  endloop
endfacet
facet normal -0 -0 1
  outer loop
    vertex -55.65675354 45.67631531 8
    vertex -50.01420212 45.33023071 8
    vertex -53.34848022 48.35224533 8
  endloop
endfacet
facet normal -0 0 1
  outer loop
    vertex -53.34848022 48.35224533 8
    vertex -50.01420212 45.33023071 8
    vertex -47.72970963 47.72970963 8
  endloop
endfacet
facet normal -0 -0 1
  outer loop
    vertex -53.34848022 48.35224533 8
    vertex -47.72970963 47.72970963 8
    vertex -50.91168976 50.91168976 8
  endloop
endfacet
facet normal -0 0 1
  outer loop
    vertex -50.91168976 50.91168976 8
    vertex -47.72970963 47.72970963 8
    vertex -45.33023071 50.01420212 8
  endloop
endfacet
facet normal -0 -0 1
  outer loop
    vertex -50.91168976 50.91168976 8
    vertex -45.33023071 50.01420212 8
    vertex -48.35224533 53.34848022 8
  endloop
endfacet
facet normal -0 0 1
  outer loop
    vertex -48.35224533 53.34848022 8
    vertex -45.33023071 50.01420212 8
    vertex -42.82154846 52.1782074 8
  endloop
endfacet
facet normal -0 -0 1
  outer loop
    vertex -48.35224533 53.34848022 8
    vertex -42.82154846 52.1782074 8
    vertex -45.67631531 55.65675354 8
  endloop
endfacet
facet normal 0 -0 1
  outer loop
    vertex -42.51557541 34.89163208 8
    vertex -40.75231171 36.93574142 8
    vertex -46.38062668 38.06359863 8
  endloop
endfacet
facet normal -0 -0 1
  outer loop
    vertex -46.38062668 38.06359863 8
    vertex -40.75231171 36.93574142 8
    vertex -44.90036011 39.7796402 8
  endloop
endfacet
facet normal 0.7572087302 -0.6531729778 0
  outer loop
    vertex -44.90036011 39.7796402 7.900000095
    vertex -44.4570694 40.29353714 7.900000095
    vertex -44.90036011 39.7796402 8
  endloop
endfacet
facet normal 0.49999953 0.8660256752 -0
  outer loop
    vertex -44.90036011 39.7796402 7.900000095
    vertex -44.90036011 39.7796402 8
    vertex -40.47644424 37.22549438 8
  endloop
endfacet
facet normal -0 0 1
  outer loop
    vertex -44.90036011 39.7796402 8
    vertex -40.75231171 36.93574142 8
    vertex -40.47644424 37.22549438 8
  endloop
endfacet
facet normal 0 -0 -1
  outer loop
    vertex -45.93896866 41.6366539 7.900000095
    vertex -42.42640686 42.42640686 7.900000095
    vertex -44.4570694 40.29353714 7.900000095
  endloop
endfacet
facet normal 0 0 -1
  outer loop
    vertex -45.93896866 41.6366539 7.900000095
    vertex -43.84062195 43.84062195 7.900000095
    vertex -42.42640686 42.42640686 7.900000095
  endloop
endfacet
facet normal 0 -0 -1
  outer loop
    vertex -43.84062195 43.84062195 7.900000095
    vertex -40.29353714 44.4570694 7.900000095
    vertex -42.42640686 42.42640686 7.900000095
  endloop
endfacet
facet normal 0 0 -1
  outer loop
    vertex -43.84062195 43.84062195 7.900000095
    vertex -41.6366539 45.93896866 7.900000095
    vertex -40.29353714 44.4570694 7.900000095
  endloop
endfacet
facet normal 0 0 -1
  outer loop
    vertex -36.91357803 35.16847229 8
    vertex -40.47644424 37.22549438 8
    vertex -38.89087296 38.89087296 8
  endloop
endfacet
facet normal 0 0 -1
  outer loop
    vertex -36.91357803 35.16847229 8
    vertex -38.89087296 38.89087296 8
    vertex -36.06244659 36.06244659 8
  endloop
endfacet
facet normal 0 0 -1
  outer loop
    vertex -38.89087296 38.89087296 8
    vertex -36.93574142 40.75231171 8
    vertex -36.06244659 36.06244659 8
  endloop
endfacet
facet normal 0 0 -1
  outer loop
    vertex -40.29353714 44.4570694 7.900000095
    vertex -41.6366539 45.93896866 7.900000095
    vertex -38.06359863 46.38062668 7.900000095
  endloop
endfacet
facet normal 0 0 -1
  outer loop
    vertex -41.6366539 45.93896866 7.900000095
    vertex -39.3323822 47.92664719 7.900000095
    vertex -38.06359863 46.38062668 7.900000095
  endloop
endfacet
facet normal 0 -0 -1
  outer loop
    vertex -39.3323822 47.92664719 7.900000095
    vertex -35.74195862 48.19245148 7.900000095
    vertex -38.06359863 46.38062668 7.900000095
  endloop
endfacet
facet normal 0 0 -1
  outer loop
    vertex -39.3323822 47.92664719 7.900000095
    vertex -36.93335724 49.79886627 7.900000095
    vertex -35.74195862 48.19245148 7.900000095
  endloop
endfacet
facet normal -0.7883472745 0.6152305055 0
  outer loop
    vertex -54.21650696 40.20970154 8
    vertex -54.21650696 40.20970154 16
    vertex -52.1782074 42.82154846 8
  endloop
endfacet
facet normal -0.7572086841 0.6531730312 0
  outer loop
    vertex -52.1782074 42.82154846 8
    vertex -52.1782074 42.82154846 16
    vertex -50.01420212 45.33023071 8
  endloop
endfacet
facet normal 0.7883465679 -0.6152314108 0
  outer loop
    vertex -48.19245148 35.74195862 8
    vertex -46.38062668 38.06359863 8
    vertex -46.38062668 38.06359863 16
  endloop
endfacet
facet normal 0.7572090785 -0.653172574 -4.523250424e-08
  outer loop
    vertex -46.38062668 38.06359863 8
    vertex -44.90036011 39.7796402 8
    vertex -44.4570694 40.29353714 16
  endloop
endfacet
facet normal -0.7242472853 0.6895403322 0
  outer loop
    vertex -50.01420212 45.33023071 8
    vertex -50.01420212 45.33023071 16
    vertex -47.72970963 47.72970963 8
  endloop
endfacet
facet normal -0.6895403322 0.7242472853 0
  outer loop
    vertex -47.72970963 47.72970963 8
    vertex -47.72970963 47.72970963 16
    vertex -45.33023071 50.01420212 8
  endloop
endfacet
facet normal -0.7572083233 0.6531734495 0
  outer loop
    vertex -42.51557541 34.89163208 8
    vertex -40.75231171 36.93574142 11.5
    vertex -40.75231171 36.93574142 8
  endloop
endfacet
facet normal -0.7242474436 0.6895401659 1.534213574e-07
  outer loop
    vertex -40.75231171 36.93574142 8
    vertex -38.89087296 38.89087296 11.5
    vertex -40.47644424 37.22549438 8
  endloop
endfacet
facet normal -0.7242472826 0.689540335 0
  outer loop
    vertex -40.47644424 37.22549438 8
    vertex -38.89087296 38.89087296 11.5
    vertex -38.89087296 38.89087296 8
  endloop
endfacet
facet normal -0.68954031 0.7242473065 0
  outer loop
    vertex -38.89087296 38.89087296 8
    vertex -36.93574142 40.75231171 11.5
    vertex -36.93574142 40.75231171 8
  endloop
endfacet
facet normal 0.7572087302 -0.6531729778 0
  outer loop
    vertex -44.4570694 40.29353714 7.900000095
    vertex -44.4570694 40.29353714 16
    vertex -44.90036011 39.7796402 8
  endloop
endfacet
facet normal 0.7242467857 -0.689540857 0
  outer loop
    vertex -44.4570694 40.29353714 7.900000095
    vertex -42.42640686 42.42640686 7.900000095
    vertex -42.42640686 42.42640686 16
  endloop
endfacet
facet normal 0.689540857 -0.7242467857 0
  outer loop
    vertex -42.42640686 42.42640686 7.900000095
    vertex -40.29353714 44.4570694 7.900000095
    vertex -40.29353714 44.4570694 16
  endloop
endfacet
facet normal -0.7242473065 0.68954031 0
  outer loop
    vertex -40.75231171 36.93574142 8
    vertex -40.75231171 36.93574142 11.5
    vertex -38.89087296 38.89087296 11.5
  endloop
endfacet
facet normal -0.68954031 0.7242473065 0
  outer loop
    vertex -38.89087296 38.89087296 8
    vertex -38.89087296 38.89087296 11.5
    vertex -36.93574142 40.75231171 11.5
  endloop
endfacet
facet normal -0.6531734495 0.7572083233 0
  outer loop
    vertex -36.93574142 40.75231171 8
    vertex -36.93574142 40.75231171 11.5
    vertex -34.89163208 42.51557541 11.5
  endloop
endfacet
facet normal -0.6531730312 0.7572086841 0
  outer loop
    vertex -45.33023071 50.01420212 8
    vertex -45.33023071 50.01420212 16
    vertex -42.82154846 52.1782074 8
  endloop
endfacet
facet normal -0.6152305055 0.7883472745 0
  outer loop
    vertex -42.82154846 52.1782074 8
    vertex -42.82154846 52.1782074 16
    vertex -40.20970154 54.21650696 8
  endloop
endfacet
facet normal 0.6531726671 -0.7572089982 0
  outer loop
    vertex -40.29353714 44.4570694 7.900000095
    vertex -38.06359863 46.38062668 7.900000095
    vertex -38.06359863 46.38062668 16
  endloop
endfacet
facet normal 0.6152314108 -0.7883465679 0
  outer loop
    vertex -38.06359863 46.38062668 7.900000095
    vertex -35.74195862 48.19245148 7.900000095
    vertex -35.74195862 48.19245148 16
  endloop
endfacet
facet normal 0 -0 1
  outer loop
    vertex -42.82154846 52.1782074 8
    vertex -40.20970154 54.21650696 8
    vertex -45.67631531 55.65675354 8
  endloop
endfacet
facet normal -0 -0 1
  outer loop
    vertex -45.67631531 55.65675354 8
    vertex -40.20970154 54.21650696 8
    vertex -42.89035034 57.83094406 8
  endloop
endfacet
facet normal -0 0 1
  outer loop
    vertex -42.89035034 57.83094406 8
    vertex -40.20970154 54.21650696 8
    vertex -37.50099182 56.12419891 8
  endloop
endfacet
facet normal -0 -0 1
  outer loop
    vertex -42.89035034 57.83094406 8
    vertex -37.50099182 56.12419891 8
    vertex -40.00105667 59.86581039 8
  endloop
endfacet
facet normal 0 -0 1
  outer loop
    vertex -37.50099182 56.12419891 8
    vertex -34.70193481 57.89668274 8
    vertex -40.00105667 59.86581039 8
  endloop
endfacet
facet normal -0 -0 1
  outer loop
    vertex -40.00105667 59.86581039 8
    vertex -34.70193481 57.89668274 8
    vertex -37.01539612 61.75645828 8
  endloop
endfacet
facet normal -0.5758088646 0.817584339 0
  outer loop
    vertex -40.20970154 54.21650696 8
    vertex -40.20970154 54.21650696 16
    vertex -37.50099182 56.12419891 8
  endloop
endfacet
facet normal -0.5349977328 0.8448534937 0
  outer loop
    vertex -37.50099182 56.12419891 8
    vertex -37.50099182 56.12419891 16
    vertex -34.70193481 57.89668274 8
  endloop
endfacet
facet normal -0.8448534937 0.5349977328 0
  outer loop
    vertex -57.89668274 34.70193481 16
    vertex -56.12419891 37.50099182 16
    vertex -56.12419891 37.50099182 8
  endloop
endfacet
facet normal -0.817584339 0.5758088646 0
  outer loop
    vertex -54.21650696 40.20970154 8
    vertex -56.12419891 37.50099182 16
    vertex -54.21650696 40.20970154 16
  endloop
endfacet
facet normal -0.7883472745 0.6152305055 0
  outer loop
    vertex -52.1782074 42.82154846 8
    vertex -54.21650696 40.20970154 16
    vertex -52.1782074 42.82154846 16
  endloop
endfacet
facet normal -0.7572086841 0.6531730312 0
  outer loop
    vertex -50.01420212 45.33023071 8
    vertex -52.1782074 42.82154846 16
    vertex -50.01420212 45.33023071 16
  endloop
endfacet
facet normal 0.7883465679 -0.6152314108 0
  outer loop
    vertex -48.19245148 35.74195862 8
    vertex -46.38062668 38.06359863 16
    vertex -48.19245148 35.74195862 16
  endloop
endfacet
facet normal 0.7572089982 -0.6531726671 0
  outer loop
    vertex -46.38062668 38.06359863 8
    vertex -44.4570694 40.29353714 16
    vertex -46.38062668 38.06359863 16
  endloop
endfacet
facet normal -0.7242472853 0.6895403322 0
  outer loop
    vertex -47.72970963 47.72970963 8
    vertex -50.01420212 45.33023071 16
    vertex -47.72970963 47.72970963 16
  endloop
endfacet
facet normal -0.6895403322 0.7242472853 0
  outer loop
    vertex -45.33023071 50.01420212 8
    vertex -47.72970963 47.72970963 16
    vertex -45.33023071 50.01420212 16
  endloop
endfacet
facet normal -0 -0 1
  outer loop
    vertex -40.75231171 36.93574142 11.5
    vertex -36.06244659 36.06244659 11.5
    vertex -38.89087296 38.89087296 11.5
  endloop
endfacet
facet normal -0 0 1
  outer loop
    vertex -38.89087296 38.89087296 11.5
    vertex -36.06244659 36.06244659 11.5
    vertex -34.2495079 37.78850555 11.5
  endloop
endfacet
facet normal -0 -0 1
  outer loop
    vertex -38.89087296 38.89087296 11.5
    vertex -34.2495079 37.78850555 11.5
    vertex -36.93574142 40.75231171 11.5
  endloop
endfacet
facet normal 0.7242467857 -0.689540857 0
  outer loop
    vertex -44.4570694 40.29353714 7.900000095
    vertex -42.42640686 42.42640686 16
    vertex -44.4570694 40.29353714 16
  endloop
endfacet
facet normal 0.689540857 -0.7242467857 0
  outer loop
    vertex -42.42640686 42.42640686 7.900000095
    vertex -40.29353714 44.4570694 16
    vertex -42.42640686 42.42640686 16
  endloop
endfacet
facet normal -0.6531730312 0.7572086841 0
  outer loop
    vertex -42.82154846 52.1782074 8
    vertex -45.33023071 50.01420212 16
    vertex -42.82154846 52.1782074 16
  endloop
endfacet
facet normal -0.6152305055 0.7883472745 0
  outer loop
    vertex -40.20970154 54.21650696 8
    vertex -42.82154846 52.1782074 16
    vertex -40.20970154 54.21650696 16
  endloop
endfacet
facet normal 0.6531726671 -0.7572089982 0
  outer loop
    vertex -40.29353714 44.4570694 7.900000095
    vertex -38.06359863 46.38062668 16
    vertex -40.29353714 44.4570694 16
  endloop
endfacet
facet normal 0.6152314108 -0.7883465679 0
  outer loop
    vertex -38.06359863 46.38062668 7.900000095
    vertex -35.74195862 48.19245148 16
    vertex -38.06359863 46.38062668 16
  endloop
endfacet
facet normal 0 0 1
  outer loop
    vertex -48.19245148 35.74195862 16
    vertex -54.21650696 40.20970154 16
    vertex -56.12419891 37.50099182 16
  endloop
endfacet
facet normal 0 -0 1
  outer loop
    vertex -48.19245148 35.74195862 16
    vertex -46.38062668 38.06359863 16
    vertex -54.21650696 40.20970154 16
  endloop
endfacet
facet normal -0 -0 1
  outer loop
    vertex -54.21650696 40.20970154 16
    vertex -46.38062668 38.06359863 16
    vertex -52.1782074 42.82154846 16
  endloop
endfacet
facet normal -0 0 1
  outer loop
    vertex -52.1782074 42.82154846 16
    vertex -46.38062668 38.06359863 16
    vertex -44.4570694 40.29353714 16
  endloop
endfacet
facet normal -0 -0 1
  outer loop
    vertex -52.1782074 42.82154846 16
    vertex -44.4570694 40.29353714 16
    vertex -50.01420212 45.33023071 16
  endloop
endfacet
facet normal -0 0 1
  outer loop
    vertex -50.01420212 45.33023071 16
    vertex -44.4570694 40.29353714 16
    vertex -42.42640686 42.42640686 16
  endloop
endfacet
facet normal -0 -0 1
  outer loop
    vertex -50.01420212 45.33023071 16
    vertex -42.42640686 42.42640686 16
    vertex -47.72970963 47.72970963 16
  endloop
endfacet
facet normal -0 0 1
  outer loop
    vertex -47.72970963 47.72970963 16
    vertex -42.42640686 42.42640686 16
    vertex -40.29353714 44.4570694 16
  endloop
endfacet
facet normal -0 -0 1
  outer loop
    vertex -47.72970963 47.72970963 16
    vertex -40.29353714 44.4570694 16
    vertex -45.33023071 50.01420212 16
  endloop
endfacet
facet normal -0 0 1
  outer loop
    vertex -45.33023071 50.01420212 16
    vertex -40.29353714 44.4570694 16
    vertex -38.06359863 46.38062668 16
  endloop
endfacet
facet normal -0 -0 1
  outer loop
    vertex -45.33023071 50.01420212 16
    vertex -38.06359863 46.38062668 16
    vertex -42.82154846 52.1782074 16
  endloop
endfacet
facet normal -0 0 1
  outer loop
    vertex -42.82154846 52.1782074 16
    vertex -38.06359863 46.38062668 16
    vertex -35.74195862 48.19245148 16
  endloop
endfacet
facet normal -0 -0 1
  outer loop
    vertex -42.82154846 52.1782074 16
    vertex -35.74195862 48.19245148 16
    vertex -40.20970154 54.21650696 16
  endloop
endfacet
facet normal -0 0 1
  outer loop
    vertex -40.20970154 54.21650696 16
    vertex -35.74195862 48.19245148 16
    vertex -33.33421326 49.88817596 16
  endloop
endfacet
facet normal -0 -0 1
  outer loop
    vertex -40.20970154 54.21650696 16
    vertex -33.33421326 49.88817596 16
    vertex -37.50099182 56.12419891 16
  endloop
endfacet
facet normal -0.5758088646 0.817584339 0
  outer loop
    vertex -37.50099182 56.12419891 8
    vertex -40.20970154 54.21650696 16
    vertex -37.50099182 56.12419891 16
  endloop
endfacet
facet normal -0 -0 1
  outer loop
    vertex -39.42353439 32.35405731 8
    vertex -29.47372055 30.87306786 8
    vertex -37.78850555 34.2495079 8
  endloop
endfacet
facet normal -0 -0 1
  outer loop
    vertex -37.78850555 34.2495079 8
    vertex -29.47372055 30.87306786 8
    vertex -36.91357803 35.16847229 8
  endloop
endfacet
facet normal 0 0 -1
  outer loop
    vertex -36.06244659 36.06244659 8
    vertex -36.93574142 40.75231171 8
    vertex -34.2495079 37.78850555 8
  endloop
endfacet
facet normal 0 0 -1
  outer loop
    vertex -36.93574142 40.75231171 8
    vertex -34.89163208 42.51557541 8
    vertex -34.2495079 37.78850555 8
  endloop
endfacet
facet normal 0 0 -1
  outer loop
    vertex -34.2495079 37.78850555 8
    vertex -34.89163208 42.51557541 8
    vertex -32.35405731 39.42353439 8
  endloop
endfacet
facet normal 0 0 -1
  outer loop
    vertex -32.35405731 39.42353439 8
    vertex -34.89163208 42.51557541 8
    vertex -32.76346207 44.17641449 8
  endloop
endfacet
facet normal 0 0 -1
  outer loop
    vertex -32.35405731 39.42353439 8
    vertex -32.76346207 44.17641449 8
    vertex -30.38066483 40.9635849 8
  endloop
endfacet
facet normal 0 0 -1
  outer loop
    vertex -32.76346207 44.17641449 8
    vertex -30.55636215 45.73082733 8
    vertex -30.38066483 40.9635849 8
  endloop
endfacet
facet normal 0 0 -1
  outer loop
    vertex -30.38066483 40.9635849 8
    vertex -30.55636215 45.73082733 8
    vertex -28.33408165 42.40494919 8
  endloop
endfacet
facet normal 0 0 -1
  outer loop
    vertex -28.33408165 42.40494919 8
    vertex -28.27565002 47.17507172 8
    vertex -26.21924019 43.7441597 8
  endloop
endfacet
facet normal 0 -0 -1
  outer loop
    vertex -36.93335724 49.79886627 7.900000095
    vertex -33.33421326 49.88817596 7.900000095
    vertex -35.74195862 48.19245148 7.900000095
  endloop
endfacet
facet normal 0 0 -1
  outer loop
    vertex -36.93335724 49.79886627 7.900000095
    vertex -34.44535446 51.55111694 7.900000095
    vertex -33.33421326 49.88817596 7.900000095
  endloop
endfacet
facet normal 0 -0 -1
  outer loop
    vertex -34.44535446 51.55111694 7.900000095
    vertex -30.8461647 51.46371841 7.900000095
    vertex -33.33421326 49.88817596 7.900000095
  endloop
endfacet
facet normal 0 0 -1
  outer loop
    vertex -34.44535446 51.55111694 7.900000095
    vertex -31.87437057 53.17917252 7.900000095
    vertex -30.8461647 51.46371841 7.900000095
  endloop
endfacet
facet normal 0 0 -1
  outer loop
    vertex -28.33408165 42.40494919 8
    vertex -30.55636215 45.73082733 8
    vertex -28.27565002 47.17507172 8
  endloop
endfacet
facet normal 0 -0 -1
  outer loop
    vertex -31.87437057 53.17917252 7.900000095
    vertex -28.28380394 52.91527557 7.900000095
    vertex -30.8461647 51.46371841 7.900000095
  endloop
endfacet
facet normal 0 0 -1
  outer loop
    vertex -31.87437057 53.17917252 7.900000095
    vertex -29.22659683 54.67911911 7.900000095
    vertex -28.28380394 52.91527557 7.900000095
  endloop
endfacet
facet normal 0 0 -1
  outer loop
    vertex -28.28380394 52.91527557 7.900000095
    vertex -29.22659683 54.67911911 7.900000095
    vertex -25.65330505 54.23935699 7.900000095
  endloop
endfacet
facet normal 0 -0 -1
  outer loop
    vertex -28.27565002 47.17507172 8
    vertex -25.92682076 48.50566864 8
    vertex -26.21924019 43.7441597 8
  endloop
endfacet
facet normal 0 0 -1
  outer loop
    vertex -26.21924019 43.7441597 8
    vertex -25.92682076 48.50566864 8
    vertex -24.04123306 44.97798538 8
  endloop
endfacet
facet normal 0 0 -1
  outer loop
    vertex -24.04123306 44.97798538 8
    vertex -23.51552963 49.71940994 8
    vertex -21.8053093 46.10345459 8
  endloop
endfacet
facet normal 0 0 -1
  outer loop
    vertex -24.04123306 44.97798538 8
    vertex -25.92682076 48.50566864 8
    vertex -23.51552963 49.71940994 8
  endloop
endfacet
facet normal 0 -0 -1
  outer loop
    vertex -23.51552963 49.71940994 8
    vertex -21.04758835 50.81337357 8
    vertex -21.8053093 46.10345459 8
  endloop
endfacet
facet normal 0 0 -1
  outer loop
    vertex -21.8053093 46.10345459 8
    vertex -21.04758835 50.81337357 8
    vertex -19.51685524 47.11785507 8
  endloop
endfacet
facet normal 0 0 -1
  outer loop
    vertex -19.51685524 47.11785507 8
    vertex -18.52894211 51.78492355 8
    vertex -17.18138313 48.01874542 8
  endloop
endfacet
facet normal 0 0 -1
  outer loop
    vertex -19.51685524 47.11785507 8
    vertex -21.04758835 50.81337357 8
    vertex -18.52894211 51.78492355 8
  endloop
endfacet
facet normal 0.6895400919 -0.7242475141 0
  outer loop
    vertex -36.06244659 36.06244659 8
    vertex -34.2495079 37.78850555 8
    vertex -34.2495079 37.78850555 11.5
  endloop
endfacet
facet normal 0.6531732814 -0.7572084683 0
  outer loop
    vertex -34.2495079 37.78850555 8
    vertex -32.35405731 39.42353439 8
    vertex -32.35405731 39.42353439 11.5
  endloop
endfacet
facet normal -0.6531734495 0.7572083233 0
  outer loop
    vertex -36.93574142 40.75231171 8
    vertex -34.89163208 42.51557541 11.5
    vertex -34.89163208 42.51557541 8
  endloop
endfacet
facet normal -0.6152313376 0.788346625 0
  outer loop
    vertex -34.89163208 42.51557541 8
    vertex -32.76346207 44.17641449 11.5
    vertex -32.76346207 44.17641449 8
  endloop
endfacet
facet normal 0.6152315644 -0.7883464481 0
  outer loop
    vertex -32.35405731 39.42353439 8
    vertex -30.38066483 40.9635849 8
    vertex -30.38066483 40.9635849 11.5
  endloop
endfacet
facet normal 0.575807602 -0.8175852283 0
  outer loop
    vertex -30.38066483 40.9635849 8
    vertex -28.33408165 42.40494919 8
    vertex -28.33408165 42.40494919 11.5
  endloop
endfacet
facet normal 0.6895400919 -0.7242475141 0
  outer loop
    vertex -36.06244659 36.06244659 8
    vertex -34.2495079 37.78850555 11.5
    vertex -36.06244659 36.06244659 11.5
  endloop
endfacet
facet normal 0.6531732814 -0.7572084683 0
  outer loop
    vertex -34.2495079 37.78850555 8
    vertex -32.35405731 39.42353439 11.5
    vertex -34.2495079 37.78850555 11.5
  endloop
endfacet
facet normal 0.6152315644 -0.7883464481 0
  outer loop
    vertex -32.35405731 39.42353439 8
    vertex -30.38066483 40.9635849 11.5
    vertex -32.35405731 39.42353439 11.5
  endloop
endfacet
facet normal -0.6152313376 0.788346625 0
  outer loop
    vertex -34.89163208 42.51557541 8
    vertex -34.89163208 42.51557541 11.5
    vertex -32.76346207 44.17641449 11.5
  endloop
endfacet
facet normal -0.5758076229 0.8175852136 0
  outer loop
    vertex -32.76346207 44.17641449 8
    vertex -32.76346207 44.17641449 11.5
    vertex -30.55636215 45.73082733 11.5
  endloop
endfacet
facet normal 0.575807602 -0.8175852283 0
  outer loop
    vertex -30.38066483 40.9635849 8
    vertex -28.33408165 42.40494919 11.5
    vertex -30.38066483 40.9635849 11.5
  endloop
endfacet
facet normal 0.5349981687 -0.8448532177 0
  outer loop
    vertex -28.33408165 42.40494919 8
    vertex -26.21924019 43.7441597 11.5
    vertex -28.33408165 42.40494919 11.5
  endloop
endfacet
facet normal -0.5758076229 0.8175852136 0
  outer loop
    vertex -32.76346207 44.17641449 8
    vertex -30.55636215 45.73082733 11.5
    vertex -30.55636215 45.73082733 8
  endloop
endfacet
facet normal -0.5349974501 0.8448536727 0
  outer loop
    vertex -30.55636215 45.73082733 8
    vertex -28.27565002 47.17507172 11.5
    vertex -28.27565002 47.17507172 8
  endloop
endfacet
facet normal 0.5758079377 -0.8175849918 0
  outer loop
    vertex -35.74195862 48.19245148 7.900000095
    vertex -33.33421326 49.88817596 7.900000095
    vertex -33.33421326 49.88817596 16
  endloop
endfacet
facet normal 0.5349983663 -0.8448530926 0
  outer loop
    vertex -33.33421326 49.88817596 7.900000095
    vertex -30.8461647 51.46371841 7.900000095
    vertex -30.8461647 51.46371841 16
  endloop
endfacet
facet normal -0.5349974501 0.8448536727 0
  outer loop
    vertex -30.55636215 45.73082733 8
    vertex -30.55636215 45.73082733 11.5
    vertex -28.27565002 47.17507172 11.5
  endloop
endfacet
facet normal -0.4928986348 0.8700867404 0
  outer loop
    vertex -28.27565002 47.17507172 8
    vertex -28.27565002 47.17507172 11.5
    vertex -25.92682076 48.50566864 11.5
  endloop
endfacet
facet normal 0.4928976052 -0.8700873237 0
  outer loop
    vertex -30.8461647 51.46371841 7.900000095
    vertex -28.28380394 52.91527557 7.900000095
    vertex -28.28380394 52.91527557 16
  endloop
endfacet
facet normal 0.5349981687 -0.8448532177 0
  outer loop
    vertex -28.33408165 42.40494919 8
    vertex -26.21924019 43.7441597 8
    vertex -26.21924019 43.7441597 11.5
  endloop
endfacet
facet normal 0.492898158 -0.8700870105 0
  outer loop
    vertex -26.21924019 43.7441597 8
    vertex -24.04123306 44.97798538 8
    vertex -24.04123306 44.97798538 11.5
  endloop
endfacet
facet normal 0.492898158 -0.8700870105 0
  outer loop
    vertex -26.21924019 43.7441597 8
    vertex -24.04123306 44.97798538 11.5
    vertex -26.21924019 43.7441597 11.5
  endloop
endfacet
facet normal -0.4928986348 0.8700867404 0
  outer loop
    vertex -28.27565002 47.17507172 8
    vertex -25.92682076 48.50566864 11.5
    vertex -25.92682076 48.50566864 8
  endloop
endfacet
facet normal 0.4496112543 -0.8932243391 0
  outer loop
    vertex -24.04123306 44.97798538 8
    vertex -21.8053093 46.10345459 8
    vertex -21.8053093 46.10345459 11.5
  endloop
endfacet
facet normal -0.4496111374 0.893224398 0
  outer loop
    vertex -25.92682076 48.50566864 8
    vertex -23.51552963 49.71940994 11.5
    vertex -23.51552963 49.71940994 8
  endloop
endfacet
facet normal 0.405240835 -0.914209968 0
  outer loop
    vertex -21.8053093 46.10345459 8
    vertex -19.51685524 47.11785507 8
    vertex -19.51685524 47.11785507 11.5
  endloop
endfacet
facet normal -0.4052414656 0.9142096885 0
  outer loop
    vertex -23.51552963 49.71940994 8
    vertex -21.04758835 50.81337357 11.5
    vertex -21.04758835 50.81337357 8
  endloop
endfacet
facet normal -0.3598953343 0.932992684 0
  outer loop
    vertex -21.04758835 50.81337357 8
    vertex -18.52894211 51.78492355 11.5
    vertex -18.52894211 51.78492355 8
  endloop
endfacet
facet normal -0.4496111374 0.893224398 0
  outer loop
    vertex -25.92682076 48.50566864 8
    vertex -25.92682076 48.50566864 11.5
    vertex -23.51552963 49.71940994 11.5
  endloop
endfacet
facet normal 0.4496112543 -0.8932243391 0
  outer loop
    vertex -24.04123306 44.97798538 8
    vertex -21.8053093 46.10345459 11.5
    vertex -24.04123306 44.97798538 11.5
  endloop
endfacet
facet normal 0.4496112084 -0.8932243623 0
  outer loop
    vertex -28.28380394 52.91527557 7.900000095
    vertex -25.65330505 54.23935699 7.900000095
    vertex -25.65330505 54.23935699 16
  endloop
endfacet
facet normal -0.4052414656 0.9142096885 0
  outer loop
    vertex -23.51552963 49.71940994 8
    vertex -23.51552963 49.71940994 11.5
    vertex -21.04758835 50.81337357 11.5
  endloop
endfacet
facet normal 0.405240835 -0.914209968 0
  outer loop
    vertex -21.8053093 46.10345459 8
    vertex -19.51685524 47.11785507 11.5
    vertex -21.8053093 46.10345459 11.5
  endloop
endfacet
facet normal 0.3598948092 -0.9329928865 0
  outer loop
    vertex -19.51685524 47.11785507 8
    vertex -17.18138313 48.01874542 11.5
    vertex -19.51685524 47.11785507 11.5
  endloop
endfacet
facet normal -0.3598953343 0.932992684 0
  outer loop
    vertex -21.04758835 50.81337357 8
    vertex -21.04758835 50.81337357 11.5
    vertex -18.52894211 51.78492355 11.5
  endloop
endfacet
facet normal -0 0 1
  outer loop
    vertex -37.01539612 61.75645828 8
    vertex -34.70193481 57.89668274 8
    vertex -31.81928062 59.52968597 8
  endloop
endfacet
facet normal -0 -0 1
  outer loop
    vertex -37.01539612 61.75645828 8
    vertex -31.81928062 59.52968597 8
    vertex -33.9405632 63.49832916 8
  endloop
endfacet
facet normal 0 -0 1
  outer loop
    vertex -31.81928062 59.52968597 8
    vertex -28.85996819 61.01927567 8
    vertex -33.9405632 63.49832916 8
  endloop
endfacet
facet normal 0 0 -1
  outer loop
    vertex -29.22659683 54.67911911 7.900000095
    vertex -26.50841522 56.04733658 7.900000095
    vertex -25.65330505 54.23935699 7.900000095
  endloop
endfacet
facet normal 0 -0 1
  outer loop
    vertex -28.85996819 61.01927567 8
    vertex -25.83113098 62.36186981 8
    vertex -30.78396606 65.08722687 8
  endloop
endfacet
facet normal 0 0 1
  outer loop
    vertex -28.85996819 61.01927567 8
    vertex -30.78396606 65.08722687 8
    vertex -33.9405632 63.49832916 8
  endloop
endfacet
facet normal -0 -0 1
  outer loop
    vertex -30.78396606 65.08722687 8
    vertex -25.83113098 62.36186981 8
    vertex -27.5532074 66.51932526 8
  endloop
endfacet
facet normal 0 -0 -1
  outer loop
    vertex -26.50841522 56.04733658 7.900000095
    vertex -22.96100616 55.43277359 7.900000095
    vertex -25.65330505 54.23935699 7.900000095
  endloop
endfacet
facet normal 0 0 -1
  outer loop
    vertex -26.50841522 56.04733658 7.900000095
    vertex -23.72637367 57.28053284 7.900000095
    vertex -22.96100616 55.43277359 7.900000095
  endloop
endfacet
facet normal 0 0 -1
  outer loop
    vertex -22.96100616 55.43277359 7.900000095
    vertex -23.72637367 57.28053284 7.900000095
    vertex -20.21339035 56.49264526 7.900000095
  endloop
endfacet
facet normal 0 0 -1
  outer loop
    vertex -23.72637367 57.28053284 7.900000095
    vertex -20.88717079 58.37573242 7.900000095
    vertex -20.21339035 56.49264526 7.900000095
  endloop
endfacet
facet normal 0 -0 -1
  outer loop
    vertex -20.88717079 58.37573242 7.900000095
    vertex -17.41707993 57.41641998 7.900000095
    vertex -20.21339035 56.49264526 7.900000095
  endloop
endfacet
facet normal 0 0 -1
  outer loop
    vertex -20.88717079 58.37573242 7.900000095
    vertex -17.99765015 59.33029938 7.900000095
    vertex -17.41707993 57.41641998 7.900000095
  endloop
endfacet
facet normal -0 0 1
  outer loop
    vertex -27.5532074 66.51932526 8
    vertex -25.83113098 62.36186981 8
    vertex -22.74006462 63.55422592 8
  endloop
endfacet
facet normal -0 -0 1
  outer loop
    vertex -27.5532074 66.51932526 8
    vertex -22.74006462 63.55422592 8
    vertex -24.25606918 67.79117584 8
  endloop
endfacet
facet normal 0 -0 1
  outer loop
    vertex -22.74006462 63.55422592 8
    vertex -19.59421539 64.59347534 8
    vertex -24.25606918 67.79117584 8
  endloop
endfacet
facet normal -0 -0 1
  outer loop
    vertex -24.25606918 67.79117584 8
    vertex -19.59421539 64.59347534 8
    vertex -20.90049744 68.89970398 8
  endloop
endfacet
facet normal 0 -0 1
  outer loop
    vertex -19.59421539 64.59347534 8
    vertex -16.40116119 65.47711182 8
    vertex -20.90049744 68.89970398 8
  endloop
endfacet
facet normal -0 -0 1
  outer loop
    vertex -20.90049744 68.89970398 8
    vertex -16.40116119 65.47711182 8
    vertex -17.49457359 69.84224701 8
  endloop
endfacet
facet normal -0.4928981481 0.8700870161 0
  outer loop
    vertex -34.70193481 57.89668274 8
    vertex -34.70193481 57.89668274 16
    vertex -31.81928062 59.52968597 8
  endloop
endfacet
facet normal -0.4496106045 0.8932246662 0
  outer loop
    vertex -31.81928062 59.52968597 8
    vertex -31.81928062 59.52968597 16
    vertex -28.85996819 61.01927567 8
  endloop
endfacet
facet normal -0.4052420586 0.9142094256 0
  outer loop
    vertex -28.85996819 61.01927567 8
    vertex -28.85996819 61.01927567 16
    vertex -25.83113098 62.36186981 8
  endloop
endfacet
facet normal 0.405242045 -0.9142094317 0
  outer loop
    vertex -25.65330505 54.23935699 7.900000095
    vertex -22.96100616 55.43277359 7.900000095
    vertex -22.96100616 55.43277359 16
  endloop
endfacet
facet normal -0.3598950994 0.9329927746 0
  outer loop
    vertex -25.83113098 62.36186981 8
    vertex -25.83113098 62.36186981 16
    vertex -22.74006462 63.55422592 8
  endloop
endfacet
facet normal 0.3598948291 -0.9329928788 0
  outer loop
    vertex -22.96100616 55.43277359 7.900000095
    vertex -20.21339035 56.49264526 7.900000095
    vertex -20.21339035 56.49264526 16
  endloop
endfacet
facet normal 0.3136812915 -0.9495283289 0
  outer loop
    vertex -20.21339035 56.49264526 7.900000095
    vertex -17.41707993 57.41641998 7.900000095
    vertex -17.41707993 57.41641998 16
  endloop
endfacet
facet normal -0.3136820701 0.9495280717 0
  outer loop
    vertex -22.74006462 63.55422592 8
    vertex -22.74006462 63.55422592 16
    vertex -19.59421539 64.59347534 8
  endloop
endfacet
facet normal -0.2667125814 0.9637761145 0
  outer loop
    vertex -19.59421539 64.59347534 8
    vertex -19.59421539 64.59347534 16
    vertex -16.40116119 65.47711182 8
  endloop
endfacet
facet normal 0 -0 -1
  outer loop
    vertex -18.52894211 51.78492355 8
    vertex -15.96565723 52.63171768 8
    vertex -17.18138313 48.01874542 8
  endloop
endfacet
facet normal 0 0 -1
  outer loop
    vertex -17.18138313 48.01874542 8
    vertex -15.96565723 52.63171768 8
    vertex -14.8045187 48.80395889 8
  endloop
endfacet
facet normal 0 0 -1
  outer loop
    vertex -14.8045187 48.80395889 8
    vertex -15.96565723 52.63171768 8
    vertex -13.36390972 53.3517189 8
  endloop
endfacet
facet normal 0 0 -1
  outer loop
    vertex -14.8045187 48.80395889 8
    vertex -13.36390972 53.3517189 8
    vertex -12.39198875 49.47159576 8
  endloop
endfacet
facet normal 0 0 -1
  outer loop
    vertex -12.39198875 49.47159576 8
    vertex -13.36390972 53.3517189 8
    vertex -10.72996807 53.94319153 8
  endloop
endfacet
facet normal 0 0 -1
  outer loop
    vertex -12.39198875 49.47159576 8
    vertex -10.72996807 53.94319153 8
    vertex -9.949606895 50.02005005 8
  endloop
endfacet
facet normal 0 0 -1
  outer loop
    vertex -9.949606895 50.02005005 8
    vertex -10.72996807 53.94319153 8
    vertex -8.070176125 54.40470886 8
  endloop
endfacet
facet normal 0 0 -1
  outer loop
    vertex -9.949606895 50.02005005 8
    vertex -8.070176125 54.40470886 8
    vertex -7.483254433 50.44800186 8
  endloop
endfacet
facet normal 0 0 -1
  outer loop
    vertex -7.483254433 50.44800186 8
    vertex -8.070176125 54.40470886 8
    vertex -5.390942574 54.73516083 8
  endloop
endfacet
facet normal 0 0 -1
  outer loop
    vertex -7.483254433 50.44800186 8
    vertex -5.390942574 54.73516083 8
    vertex -4.998874187 50.75442123 8
  endloop
endfacet
facet normal 0 0 -1
  outer loop
    vertex -4.998874187 50.75442123 8
    vertex -2.698722124 54.93375015 8
    vertex -2.50245142 50.93856812 8
  endloop
endfacet
facet normal 0 0 -1
  outer loop
    vertex -4.998874187 50.75442123 8
    vertex -5.390942574 54.73516083 8
    vertex -2.698722124 54.93375015 8
  endloop
endfacet
facet normal 0 0 -1
  outer loop
    vertex -2.50245142 50.93856812 8
    vertex -2.698722124 54.93375015 8
    vertex 3.367778646e-15 55 8
  endloop
endfacet
facet normal 0 -0 -1
  outer loop
    vertex -2.50245142 50.93856812 8
    vertex 3.367778646e-15 55 8
    vertex 3.122849329e-15 51 8
  endloop
endfacet
facet normal 0.3598948092 -0.9329928865 0
  outer loop
    vertex -19.51685524 47.11785507 8
    vertex -17.18138313 48.01874542 8
    vertex -17.18138313 48.01874542 11.5
  endloop
endfacet
facet normal 0.3136830096 -0.9495277613 0
  outer loop
    vertex -17.18138313 48.01874542 8
    vertex -14.8045187 48.80395889 8
    vertex -14.8045187 48.80395889 11.5
  endloop
endfacet
facet normal -0.3136814687 0.9495282703 0
  outer loop
    vertex -18.52894211 51.78492355 8
    vertex -15.96565723 52.63171768 11.5
    vertex -15.96565723 52.63171768 8
  endloop
endfacet
facet normal -0.266713004 0.9637759976 0
  outer loop
    vertex -15.96565723 52.63171768 8
    vertex -13.36390972 53.3517189 11.5
    vertex -13.36390972 53.3517189 8
  endloop
endfacet
facet normal 0.2667127278 -0.963776074 0
  outer loop
    vertex -14.8045187 48.80395889 8
    vertex -12.39198875 49.47159576 8
    vertex -12.39198875 49.47159576 11.5
  endloop
endfacet
facet normal -0.2191016806 0.9757020311 0
  outer loop
    vertex -13.36390972 53.3517189 8
    vertex -10.72996807 53.94319153 11.5
    vertex -10.72996807 53.94319153 8
  endloop
endfacet
facet normal 0.219100897 -0.9757022071 0
  outer loop
    vertex -12.39198875 49.47159576 8
    vertex -9.949606895 50.02005005 8
    vertex -9.949606895 50.02005005 11.5
  endloop
endfacet
facet normal 0.3136830096 -0.9495277613 0
  outer loop
    vertex -17.18138313 48.01874542 8
    vertex -14.8045187 48.80395889 11.5
    vertex -17.18138313 48.01874542 11.5
  endloop
endfacet
facet normal 0.2667127278 -0.963776074 0
  outer loop
    vertex -14.8045187 48.80395889 8
    vertex -12.39198875 49.47159576 11.5
    vertex -14.8045187 48.80395889 11.5
  endloop
endfacet
facet normal -0.3136814687 0.9495282703 0
  outer loop
    vertex -18.52894211 51.78492355 8
    vertex -18.52894211 51.78492355 11.5
    vertex -15.96565723 52.63171768 11.5
  endloop
endfacet
facet normal -0.266713004 0.9637759976 0
  outer loop
    vertex -15.96565723 52.63171768 8
    vertex -15.96565723 52.63171768 11.5
    vertex -13.36390972 53.3517189 11.5
  endloop
endfacet
facet normal 0.219100897 -0.9757022071 0
  outer loop
    vertex -12.39198875 49.47159576 8
    vertex -9.949606895 50.02005005 11.5
    vertex -12.39198875 49.47159576 11.5
  endloop
endfacet
facet normal -0.2191016806 0.9757020311 0
  outer loop
    vertex -13.36390972 53.3517189 8
    vertex -13.36390972 53.3517189 11.5
    vertex -10.72996807 53.94319153 11.5
  endloop
endfacet
facet normal 0.1709615258 -0.9852777054 0
  outer loop
    vertex -9.949606895 50.02005005 8
    vertex -7.483254433 50.44800186 11.5
    vertex -9.949606895 50.02005005 11.5
  endloop
endfacet
facet normal 0.1709615258 -0.9852777054 0
  outer loop
    vertex -9.949606895 50.02005005 8
    vertex -7.483254433 50.44800186 8
    vertex -7.483254433 50.44800186 11.5
  endloop
endfacet
facet normal 0.1224107914 -0.9924795203 0
  outer loop
    vertex -7.483254433 50.44800186 8
    vertex -4.998874187 50.75442123 8
    vertex -4.998874187 50.75442123 11.5
  endloop
endfacet
facet normal 0.07356443439 -0.9972904662 0
  outer loop
    vertex -4.998874187 50.75442123 8
    vertex -2.50245142 50.93856812 8
    vertex -2.50245142 50.93856812 11.5
  endloop
endfacet
facet normal 0.02454128862 -0.9996988172 0
  outer loop
    vertex -2.50245142 50.93856812 8
    vertex 3.122849329e-15 51 8
    vertex 3.122849329e-15 51 11.5
  endloop
endfacet
facet normal 0.1224107914 -0.9924795203 0
  outer loop
    vertex -7.483254433 50.44800186 8
    vertex -4.998874187 50.75442123 11.5
    vertex -7.483254433 50.44800186 11.5
  endloop
endfacet
facet normal 0.07356443439 -0.9972904662 0
  outer loop
    vertex -4.998874187 50.75442123 8
    vertex -2.50245142 50.93856812 11.5
    vertex -4.998874187 50.75442123 11.5
  endloop
endfacet
facet normal 0.02454128862 -0.9996988172 0
  outer loop
    vertex -2.50245142 50.93856812 8
    vertex 3.122849329e-15 51 11.5
    vertex -2.50245142 50.93856812 11.5
  endloop
endfacet
facet normal 0 0 -1
  outer loop
    vertex -17.41707993 57.41641998 7.900000095
    vertex -17.99765015 59.33029938 7.900000095
    vertex -14.57881069 58.20187378 7.900000095
  endloop
endfacet
facet normal 0 0 -1
  outer loop
    vertex -14.57881069 58.20187378 7.900000095
    vertex -17.99765015 59.33029938 7.900000095
    vertex -15.0647707 60.14193726 7.900000095
  endloop
endfacet
facet normal 0 0 -1
  outer loop
    vertex -14.57881069 58.20187378 7.900000095
    vertex -15.0647707 60.14193726 7.900000095
    vertex -11.70541954 58.84711838 7.900000095
  endloop
endfacet
facet normal 0 0 -1
  outer loop
    vertex -15.0647707 60.14193726 7.900000095
    vertex -12.09560013 60.80868912 7.900000095
    vertex -11.70541954 58.84711838 7.900000095
  endloop
endfacet
facet normal 0 0 -1
  outer loop
    vertex -11.70541954 58.84711838 7.900000095
    vertex -12.09560013 60.80868912 7.900000095
    vertex -8.803828239 59.35058975 7.900000095
  endloop
endfacet
facet normal 0 0 -1
  outer loop
    vertex -12.09560013 60.80868912 7.900000095
    vertex -9.097289085 61.32894516 7.900000095
    vertex -8.803828239 59.35058975 7.900000095
  endloop
endfacet
facet normal 0 -0 1
  outer loop
    vertex -16.40116119 65.47711182 8
    vertex -13.16859627 66.20300293 8
    vertex -17.49457359 69.84224701 8
  endloop
endfacet
facet normal -0 -0 1
  outer loop
    vertex -17.49457359 69.84224701 8
    vertex -13.16859627 66.20300293 8
    vertex -14.04650307 70.616539 8
  endloop
endfacet
facet normal -0 0 1
  outer loop
    vertex -14.04650307 70.616539 8
    vertex -13.16859627 66.20300293 8
    vertex -9.904307365 66.76941681 8
  endloop
endfacet
facet normal -0 -0 1
  outer loop
    vertex -14.04650307 70.616539 8
    vertex -9.904307365 66.76941681 8
    vertex -10.56459427 71.22071075 8
  endloop
endfacet
facet normal 0 -0 1
  outer loop
    vertex -9.904307365 66.76941681 8
    vertex -6.616157055 67.17497253 8
    vertex -10.56459427 71.22071075 8
  endloop
endfacet
facet normal 0 -0 -1
  outer loop
    vertex -9.097289085 61.32894516 7.900000095
    vertex -5.881028652 59.71108246 7.900000095
    vertex -8.803828239 59.35058975 7.900000095
  endloop
endfacet
facet normal 0 0 -1
  outer loop
    vertex -9.097289085 61.32894516 7.900000095
    vertex -6.077062607 61.70145416 7.900000095
    vertex -5.881028652 59.71108246 7.900000095
  endloop
endfacet
facet normal 0 0 -1
  outer loop
    vertex -5.881028652 59.71108246 7.900000095
    vertex -6.077062607 61.70145416 7.900000095
    vertex -2.944060564 59.92772675 7.900000095
  endloop
endfacet
facet normal 0 0 -1
  outer loop
    vertex -6.077062607 61.70145416 7.900000095
    vertex -3.042195797 61.92531967 7.900000095
    vertex -2.944060564 59.92772675 7.900000095
  endloop
endfacet
facet normal 0 0 -1
  outer loop
    vertex -2.944060564 59.92772675 7.900000095
    vertex -3.042195797 61.92531967 7.900000095
    vertex 3.673940187e-15 60 7.900000095
  endloop
endfacet
facet normal 0 -0 -1
  outer loop
    vertex -3.042195797 61.92531967 7.900000095
    vertex 3.796405058e-15 62 7.900000095
    vertex 3.673940187e-15 60 7.900000095
  endloop
endfacet
facet normal -0 -0 1
  outer loop
    vertex -10.56459427 71.22071075 8
    vertex -6.616157055 67.17497253 8
    vertex -7.057234287 71.65329742 8
  endloop
endfacet
facet normal 0 -0 1
  outer loop
    vertex -6.616157055 67.17497253 8
    vertex -3.312067986 67.41869354 8
    vertex -7.057234287 71.65329742 8
  endloop
endfacet
facet normal -0 -0 1
  outer loop
    vertex -7.057234287 71.65329742 8
    vertex -3.312067986 67.41869354 8
    vertex -3.532872438 71.91326904 8
  endloop
endfacet
facet normal 0 -0 1
  outer loop
    vertex -3.312067986 67.41869354 8
    vertex 4.133182816e-15 67.5 8
    vertex -3.532872438 71.91326904 8
  endloop
endfacet
facet normal -0 0 1
  outer loop
    vertex -3.532872438 71.91326904 8
    vertex 4.133182816e-15 67.5 8
    vertex 4.408728563e-15 72 8
  endloop
endfacet
facet normal 0.2667124158 -0.9637761603 0
  outer loop
    vertex -17.41707993 57.41641998 7.900000095
    vertex -14.57881069 58.20187378 7.900000095
    vertex -14.57881069 58.20187378 16
  endloop
endfacet
facet normal -0.1709617632 0.9852776642 0
  outer loop
    vertex -10.72996807 53.94319153 8
    vertex -10.72996807 53.94319153 11.5
    vertex -8.070176125 54.40470886 11.5
  endloop
endfacet
facet normal 0.2191022223 -0.9757019095 0
  outer loop
    vertex -14.57881069 58.20187378 7.900000095
    vertex -11.70541954 58.84711838 7.900000095
    vertex -11.70541954 58.84711838 16
  endloop
endfacet
facet normal 0.1709610723 -0.9852777841 0
  outer loop
    vertex -11.70541954 58.84711838 7.900000095
    vertex -8.803828239 59.35058975 7.900000095
    vertex -8.803828239 59.35058975 16
  endloop
endfacet
facet normal -0.2190996266 0.9757024924 0
  outer loop
    vertex -16.40116119 65.47711182 8
    vertex -16.40116119 65.47711182 16
    vertex -13.16859627 66.20300293 8
  endloop
endfacet
facet normal -0.1709636539 0.9852773361 0
  outer loop
    vertex -13.16859627 66.20300293 8
    vertex -13.16859627 66.20300293 16
    vertex -9.904307365 66.76941681 8
  endloop
endfacet
facet normal -0.1709617632 0.9852776642 0
  outer loop
    vertex -10.72996807 53.94319153 8
    vertex -8.070176125 54.40470886 11.5
    vertex -8.070176125 54.40470886 8
  endloop
endfacet
facet normal -0.1224106843 0.9924795335 0
  outer loop
    vertex -8.070176125 54.40470886 8
    vertex -5.390942574 54.73516083 11.5
    vertex -5.390942574 54.73516083 8
  endloop
endfacet
facet normal -0.073564274 0.997290478 0
  outer loop
    vertex -5.390942574 54.73516083 8
    vertex -2.698722124 54.93375015 11.5
    vertex -2.698722124 54.93375015 8
  endloop
endfacet
facet normal -0.0245412055 0.9996988193 0
  outer loop
    vertex -2.698722124 54.93375015 8
    vertex 3.367778646e-15 55 11.5
    vertex 3.367778646e-15 55 8
  endloop
endfacet
facet normal -0.1224106843 0.9924795335 0
  outer loop
    vertex -8.070176125 54.40470886 8
    vertex -8.070176125 54.40470886 11.5
    vertex -5.390942574 54.73516083 11.5
  endloop
endfacet
facet normal 0.1224105951 -0.9924795445 0
  outer loop
    vertex -8.803828239 59.35058975 7.900000095
    vertex -5.881028652 59.71108246 7.900000095
    vertex -5.881028652 59.71108246 16
  endloop
endfacet
facet normal -0.073564274 0.997290478 0
  outer loop
    vertex -5.390942574 54.73516083 8
    vertex -5.390942574 54.73516083 11.5
    vertex -2.698722124 54.93375015 11.5
  endloop
endfacet
facet normal -0.0245412055 0.9996988193 0
  outer loop
    vertex -2.698722124 54.93375015 8
    vertex -2.698722124 54.93375015 11.5
    vertex 3.367778646e-15 55 11.5
  endloop
endfacet
facet normal 0.07356473438 -0.9972904441 0
  outer loop
    vertex -5.881028652 59.71108246 7.900000095
    vertex -2.944060564 59.92772675 7.900000095
    vertex -2.944060564 59.92772675 16
  endloop
endfacet
facet normal 0.02454144033 -0.9996988135 0
  outer loop
    vertex -2.944060564 59.92772675 7.900000095
    vertex 3.673940187e-15 60 7.900000095
    vertex 3.673940187e-15 60 16
  endloop
endfacet
facet normal -0.02454115376 0.9996988205 0
  outer loop
    vertex -3.312067986 67.41869354 8
    vertex 4.133182816e-15 67.5 11.5
    vertex 4.133182816e-15 67.5 8
  endloop
endfacet
facet normal -0.122410992 0.9924794955 0
  outer loop
    vertex -9.904307365 66.76941681 8
    vertex -9.904307365 66.76941681 16
    vertex -6.616157055 67.17497253 8
  endloop
endfacet
facet normal -0.07356358986 0.9972905285 0
  outer loop
    vertex -6.616157055 67.17497253 8
    vertex -6.616157055 67.17497253 16
    vertex -3.312067986 67.41869354 8
  endloop
endfacet
facet normal -0.07356195249 0.9972906493 0
  outer loop
    vertex -3.312067986 67.41869354 8
    vertex -4 67.36795044 11.5
    vertex -3.312067986 67.41869354 11.5
  endloop
endfacet
facet normal -0.02454115376 0.9996988205 0
  outer loop
    vertex -3.312067986 67.41869354 8
    vertex -3.312067986 67.41869354 11.5
    vertex 4.133182816e-15 67.5 11.5
  endloop
endfacet
facet normal -0 0 1
  outer loop
    vertex -36.93574142 40.75231171 11.5
    vertex -34.2495079 37.78850555 11.5
    vertex -32.35405731 39.42353439 11.5
  endloop
endfacet
facet normal -0 -0 1
  outer loop
    vertex -36.93574142 40.75231171 11.5
    vertex -32.35405731 39.42353439 11.5
    vertex -34.89163208 42.51557541 11.5
  endloop
endfacet
facet normal -0 -0 1
  outer loop
    vertex -34.89163208 42.51557541 11.5
    vertex -30.38066483 40.9635849 11.5
    vertex -32.76346207 44.17641449 11.5
  endloop
endfacet
facet normal 0 -0 1
  outer loop
    vertex -32.35405731 39.42353439 11.5
    vertex -30.38066483 40.9635849 11.5
    vertex -34.89163208 42.51557541 11.5
  endloop
endfacet
facet normal -0 0 1
  outer loop
    vertex -32.76346207 44.17641449 11.5
    vertex -30.38066483 40.9635849 11.5
    vertex -28.33408165 42.40494919 11.5
  endloop
endfacet
facet normal -0 -0 1
  outer loop
    vertex -32.76346207 44.17641449 11.5
    vertex -28.33408165 42.40494919 11.5
    vertex -30.55636215 45.73082733 11.5
  endloop
endfacet
facet normal 0 -0 1
  outer loop
    vertex -28.33408165 42.40494919 11.5
    vertex -26.21924019 43.7441597 11.5
    vertex -30.55636215 45.73082733 11.5
  endloop
endfacet
facet normal -0 -0 1
  outer loop
    vertex -30.55636215 45.73082733 11.5
    vertex -26.21924019 43.7441597 11.5
    vertex -28.27565002 47.17507172 11.5
  endloop
endfacet
facet normal 0.5758079377 -0.8175849918 0
  outer loop
    vertex -35.74195862 48.19245148 7.900000095
    vertex -33.33421326 49.88817596 16
    vertex -35.74195862 48.19245148 16
  endloop
endfacet
facet normal 0.5349983663 -0.8448530926 0
  outer loop
    vertex -33.33421326 49.88817596 7.900000095
    vertex -30.8461647 51.46371841 16
    vertex -33.33421326 49.88817596 16
  endloop
endfacet
facet normal 0.4928976052 -0.8700873237 0
  outer loop
    vertex -30.8461647 51.46371841 7.900000095
    vertex -28.28380394 52.91527557 16
    vertex -30.8461647 51.46371841 16
  endloop
endfacet
facet normal 0.4496112084 -0.8932243623 0
  outer loop
    vertex -28.28380394 52.91527557 7.900000095
    vertex -25.65330505 54.23935699 16
    vertex -28.28380394 52.91527557 16
  endloop
endfacet
facet normal -0 0 1
  outer loop
    vertex -28.27565002 47.17507172 11.5
    vertex -26.21924019 43.7441597 11.5
    vertex -24.04123306 44.97798538 11.5
  endloop
endfacet
facet normal -0 -0 1
  outer loop
    vertex -28.27565002 47.17507172 11.5
    vertex -24.04123306 44.97798538 11.5
    vertex -25.92682076 48.50566864 11.5
  endloop
endfacet
facet normal 0 -0 1
  outer loop
    vertex -24.04123306 44.97798538 11.5
    vertex -21.8053093 46.10345459 11.5
    vertex -25.92682076 48.50566864 11.5
  endloop
endfacet
facet normal -0 -0 1
  outer loop
    vertex -25.92682076 48.50566864 11.5
    vertex -21.8053093 46.10345459 11.5
    vertex -23.51552963 49.71940994 11.5
  endloop
endfacet
facet normal -0 0 1
  outer loop
    vertex -23.51552963 49.71940994 11.5
    vertex -21.8053093 46.10345459 11.5
    vertex -19.51685524 47.11785507 11.5
  endloop
endfacet
facet normal -0 -0 1
  outer loop
    vertex -23.51552963 49.71940994 11.5
    vertex -19.51685524 47.11785507 11.5
    vertex -21.04758835 50.81337357 11.5
  endloop
endfacet
facet normal 0 -0 1
  outer loop
    vertex -19.51685524 47.11785507 11.5
    vertex -17.18138313 48.01874542 11.5
    vertex -21.04758835 50.81337357 11.5
  endloop
endfacet
facet normal -0 -0 1
  outer loop
    vertex -21.04758835 50.81337357 11.5
    vertex -17.18138313 48.01874542 11.5
    vertex -18.52894211 51.78492355 11.5
  endloop
endfacet
facet normal -0 0 1
  outer loop
    vertex -37.50099182 56.12419891 16
    vertex -33.33421326 49.88817596 16
    vertex -30.8461647 51.46371841 16
  endloop
endfacet
facet normal -0.5349977328 0.8448534937 0
  outer loop
    vertex -37.50099182 56.12419891 16
    vertex -34.70193481 57.89668274 16
    vertex -34.70193481 57.89668274 8
  endloop
endfacet
facet normal -0.4928981481 0.8700870161 0
  outer loop
    vertex -31.81928062 59.52968597 8
    vertex -34.70193481 57.89668274 16
    vertex -31.81928062 59.52968597 16
  endloop
endfacet
facet normal -0.4496106045 0.8932246662 0
  outer loop
    vertex -28.85996819 61.01927567 8
    vertex -31.81928062 59.52968597 16
    vertex -28.85996819 61.01927567 16
  endloop
endfacet
facet normal 0.405242045 -0.9142094317 0
  outer loop
    vertex -25.65330505 54.23935699 7.900000095
    vertex -22.96100616 55.43277359 16
    vertex -25.65330505 54.23935699 16
  endloop
endfacet
facet normal -0.4052420586 0.9142094256 0
  outer loop
    vertex -25.83113098 62.36186981 8
    vertex -28.85996819 61.01927567 16
    vertex -25.83113098 62.36186981 16
  endloop
endfacet
facet normal 0.3598948291 -0.9329928788 0
  outer loop
    vertex -22.96100616 55.43277359 7.900000095
    vertex -20.21339035 56.49264526 16
    vertex -22.96100616 55.43277359 16
  endloop
endfacet
facet normal 0.3136812915 -0.9495283289 0
  outer loop
    vertex -20.21339035 56.49264526 7.900000095
    vertex -17.41707993 57.41641998 16
    vertex -20.21339035 56.49264526 16
  endloop
endfacet
facet normal -0.3598950994 0.9329927746 0
  outer loop
    vertex -22.74006462 63.55422592 8
    vertex -25.83113098 62.36186981 16
    vertex -22.74006462 63.55422592 16
  endloop
endfacet
facet normal -0.3136820701 0.9495280717 0
  outer loop
    vertex -19.59421539 64.59347534 8
    vertex -22.74006462 63.55422592 16
    vertex -19.59421539 64.59347534 16
  endloop
endfacet
facet normal -0 -0 1
  outer loop
    vertex -37.50099182 56.12419891 16
    vertex -30.8461647 51.46371841 16
    vertex -34.70193481 57.89668274 16
  endloop
endfacet
facet normal 0 0 1
  outer loop
    vertex -28.28380394 52.91527557 16
    vertex -31.81928062 59.52968597 16
    vertex -34.70193481 57.89668274 16
  endloop
endfacet
facet normal 0 -0 1
  outer loop
    vertex -30.8461647 51.46371841 16
    vertex -28.28380394 52.91527557 16
    vertex -34.70193481 57.89668274 16
  endloop
endfacet
facet normal 0 -0 1
  outer loop
    vertex -28.28380394 52.91527557 16
    vertex -25.65330505 54.23935699 16
    vertex -31.81928062 59.52968597 16
  endloop
endfacet
facet normal -0 -0 1
  outer loop
    vertex -31.81928062 59.52968597 16
    vertex -25.65330505 54.23935699 16
    vertex -28.85996819 61.01927567 16
  endloop
endfacet
facet normal -0 0 1
  outer loop
    vertex -28.85996819 61.01927567 16
    vertex -25.65330505 54.23935699 16
    vertex -22.96100616 55.43277359 16
  endloop
endfacet
facet normal 0 -0 1
  outer loop
    vertex -22.96100616 55.43277359 16
    vertex -20.21339035 56.49264526 16
    vertex -25.83113098 62.36186981 16
  endloop
endfacet
facet normal -0 -0 1
  outer loop
    vertex -28.85996819 61.01927567 16
    vertex -22.96100616 55.43277359 16
    vertex -25.83113098 62.36186981 16
  endloop
endfacet
facet normal -0 -0 1
  outer loop
    vertex -25.83113098 62.36186981 16
    vertex -20.21339035 56.49264526 16
    vertex -22.74006462 63.55422592 16
  endloop
endfacet
facet normal 0 -0 1
  outer loop
    vertex -20.21339035 56.49264526 16
    vertex -17.41707993 57.41641998 16
    vertex -22.74006462 63.55422592 16
  endloop
endfacet
facet normal -0 -0 1
  outer loop
    vertex -22.74006462 63.55422592 16
    vertex -17.41707993 57.41641998 16
    vertex -19.59421539 64.59347534 16
  endloop
endfacet
facet normal -0 0 1
  outer loop
    vertex -18.52894211 51.78492355 11.5
    vertex -17.18138313 48.01874542 11.5
    vertex -14.8045187 48.80395889 11.5
  endloop
endfacet
facet normal -0 -0 1
  outer loop
    vertex -18.52894211 51.78492355 11.5
    vertex -14.8045187 48.80395889 11.5
    vertex -15.96565723 52.63171768 11.5
  endloop
endfacet
facet normal 0 -0 1
  outer loop
    vertex -14.8045187 48.80395889 11.5
    vertex -12.39198875 49.47159576 11.5
    vertex -15.96565723 52.63171768 11.5
  endloop
endfacet
facet normal -0 -0 1
  outer loop
    vertex -15.96565723 52.63171768 11.5
    vertex -12.39198875 49.47159576 11.5
    vertex -13.36390972 53.3517189 11.5
  endloop
endfacet
facet normal 0 -0 1
  outer loop
    vertex -12.39198875 49.47159576 11.5
    vertex -9.949606895 50.02005005 11.5
    vertex -13.36390972 53.3517189 11.5
  endloop
endfacet
facet normal -0 -0 1
  outer loop
    vertex -13.36390972 53.3517189 11.5
    vertex -9.949606895 50.02005005 11.5
    vertex -10.72996807 53.94319153 11.5
  endloop
endfacet
facet normal 0 -0 1
  outer loop
    vertex -9.949606895 50.02005005 11.5
    vertex -7.483254433 50.44800186 11.5
    vertex -10.72996807 53.94319153 11.5
  endloop
endfacet
facet normal -0 -0 1
  outer loop
    vertex -10.72996807 53.94319153 11.5
    vertex -7.483254433 50.44800186 11.5
    vertex -8.070176125 54.40470886 11.5
  endloop
endfacet
facet normal 0 -0 1
  outer loop
    vertex -7.483254433 50.44800186 11.5
    vertex -4.998874187 50.75442123 11.5
    vertex -8.070176125 54.40470886 11.5
  endloop
endfacet
facet normal 0 0 1
  outer loop
    vertex -4.998874187 50.75442123 11.5
    vertex -5.390942574 54.73516083 11.5
    vertex -8.070176125 54.40470886 11.5
  endloop
endfacet
facet normal 0 -0 1
  outer loop
    vertex -4.998874187 50.75442123 11.5
    vertex -2.50245142 50.93856812 11.5
    vertex -5.390942574 54.73516083 11.5
  endloop
endfacet
facet normal 0 0 1
  outer loop
    vertex -2.50245142 50.93856812 11.5
    vertex -2.698722124 54.93375015 11.5
    vertex -5.390942574 54.73516083 11.5
  endloop
endfacet
facet normal 0 -0 1
  outer loop
    vertex -2.50245142 50.93856812 11.5
    vertex 3.122849329e-15 51 11.5
    vertex -2.698722124 54.93375015 11.5
  endloop
endfacet
facet normal -0 0 1
  outer loop
    vertex -2.698722124 54.93375015 11.5
    vertex 3.122849329e-15 51 11.5
    vertex 3.367778646e-15 55 11.5
  endloop
endfacet
facet normal 0.2667124158 -0.9637761603 0
  outer loop
    vertex -17.41707993 57.41641998 7.900000095
    vertex -14.57881069 58.20187378 16
    vertex -17.41707993 57.41641998 16
  endloop
endfacet
facet normal 0.2191022223 -0.9757019095 0
  outer loop
    vertex -14.57881069 58.20187378 7.900000095
    vertex -11.70541954 58.84711838 16
    vertex -14.57881069 58.20187378 16
  endloop
endfacet
facet normal 0.1709610723 -0.9852777841 0
  outer loop
    vertex -11.70541954 58.84711838 7.900000095
    vertex -8.803828239 59.35058975 16
    vertex -11.70541954 58.84711838 16
  endloop
endfacet
facet normal -0.2667125814 0.9637761145 0
  outer loop
    vertex -16.40116119 65.47711182 8
    vertex -19.59421539 64.59347534 16
    vertex -16.40116119 65.47711182 16
  endloop
endfacet
facet normal -0.2190996266 0.9757024924 0
  outer loop
    vertex -13.16859627 66.20300293 8
    vertex -16.40116119 65.47711182 16
    vertex -13.16859627 66.20300293 16
  endloop
endfacet
facet normal -0.1709636539 0.9852773361 0
  outer loop
    vertex -9.904307365 66.76941681 8
    vertex -13.16859627 66.20300293 16
    vertex -9.904307365 66.76941681 16
  endloop
endfacet
facet normal 0.1224105951 -0.9924795445 0
  outer loop
    vertex -8.803828239 59.35058975 7.900000095
    vertex -5.881028652 59.71108246 16
    vertex -8.803828239 59.35058975 16
  endloop
endfacet
facet normal 0.07356473438 -0.9972904441 0
  outer loop
    vertex -5.881028652 59.71108246 7.900000095
    vertex -2.944060564 59.92772675 16
    vertex -5.881028652 59.71108246 16
  endloop
endfacet
facet normal 0.02454144033 -0.9996988135 0
  outer loop
    vertex -2.944060564 59.92772675 7.900000095
    vertex 3.673940187e-15 60 16
    vertex -2.944060564 59.92772675 16
  endloop
endfacet
facet normal -0.07356507665 0.9972904188 -6.174017288e-07
  outer loop
    vertex -3.312067986 67.41869354 8
    vertex -6.616157055 67.17497253 16
    vertex -4 67.36795044 11.5
  endloop
endfacet
facet normal 0 0 -1
  outer loop
    vertex -4 67.36795044 11.5
    vertex -4 68.19999695 11.5
    vertex -3.312067986 67.41869354 11.5
  endloop
endfacet
facet normal 0 0 -1
  outer loop
    vertex -3.312067986 67.41869354 11.5
    vertex -4 68.19999695 11.5
    vertex 4.133182816e-15 67.5 11.5
  endloop
endfacet
facet normal -0.122410992 0.9924794955 0
  outer loop
    vertex -6.616157055 67.17497253 8
    vertex -9.904307365 66.76941681 16
    vertex -6.616157055 67.17497253 16
  endloop
endfacet
facet normal -1 0 0
  outer loop
    vertex -4 67.36795044 11.5
    vertex -4 67.90000153 14
    vertex -4 68.19999695 11.5
  endloop
endfacet
facet normal -1 0 0
  outer loop
    vertex -4 67.36795044 11.5
    vertex -4 67.36795044 14
    vertex -4 67.90000153 14
  endloop
endfacet
facet normal -0 0 1
  outer loop
    vertex -19.59421539 64.59347534 16
    vertex -17.41707993 57.41641998 16
    vertex -14.57881069 58.20187378 16
  endloop
endfacet
facet normal -0 -0 1
  outer loop
    vertex -19.59421539 64.59347534 16
    vertex -14.57881069 58.20187378 16
    vertex -16.40116119 65.47711182 16
  endloop
endfacet
facet normal 0 -0 1
  outer loop
    vertex -14.57881069 58.20187378 16
    vertex -11.70541954 58.84711838 16
    vertex -16.40116119 65.47711182 16
  endloop
endfacet
facet normal 0 -0 1
  outer loop
    vertex -11.70541954 58.84711838 16
    vertex -8.803828239 59.35058975 16
    vertex -13.16859627 66.20300293 16
  endloop
endfacet
facet normal 0 0 1
  outer loop
    vertex -11.70541954 58.84711838 16
    vertex -13.16859627 66.20300293 16
    vertex -16.40116119 65.47711182 16
  endloop
endfacet
facet normal -0 -0 1
  outer loop
    vertex -13.16859627 66.20300293 16
    vertex -8.803828239 59.35058975 16
    vertex -9.904307365 66.76941681 16
  endloop
endfacet
facet normal -0 0 1
  outer loop
    vertex -9.904307365 66.76941681 16
    vertex -8.803828239 59.35058975 16
    vertex -5.881028652 59.71108246 16
  endloop
endfacet
facet normal 0 -0 1
  outer loop
    vertex -5.881028652 59.71108246 16
    vertex -2.944060564 59.92772675 16
    vertex -6.616157055 67.17497253 16
  endloop
endfacet
facet normal 0 -0 1
  outer loop
    vertex -2.944060564 59.92772675 16
    vertex 3.673940187e-15 60 16
    vertex -3.312067986 67.41869354 16
  endloop
endfacet
facet normal -0.07356402042 0.9972904967 0
  outer loop
    vertex -4 67.36795044 11.5
    vertex -6.616157055 67.17497253 16
    vertex -4 67.36795044 14
  endloop
endfacet
facet normal -0.07356195249 0.9972906493 0
  outer loop
    vertex -4 67.36795044 14
    vertex -3.312067986 67.41869354 16
    vertex -3.312067986 67.41869354 14
  endloop
endfacet
facet normal -0.02454115376 0.9996988205 0
  outer loop
    vertex -3.312067986 67.41869354 14
    vertex 4.133182816e-15 67.5 16
    vertex 4.133182816e-15 67.5 14
  endloop
endfacet
facet normal -1 0 0
  outer loop
    vertex -4 68.19999695 11.5
    vertex -4 67.90000153 14
    vertex -4 67.90000153 15.5
  endloop
endfacet
facet normal 0 -0 1
  outer loop
    vertex -4 67.36795044 14
    vertex -3.312067986 67.41869354 14
    vertex -4 67.90000153 14
  endloop
endfacet
facet normal 0 -0 1
  outer loop
    vertex -3.312067986 67.41869354 14
    vertex 4.133182816e-15 67.5 14
    vertex -4 67.90000153 14
  endloop
endfacet
facet normal -1 0 0
  outer loop
    vertex -4 68.19999695 11.5
    vertex -4 67.90000153 15.5
    vertex -4 68.19999695 15.5
  endloop
endfacet
facet normal 0 1 0
  outer loop
    vertex -4 68.19999695 11.5
    vertex -4 68.19999695 15.5
    vertex 4 68.19999695 15.5
  endloop
endfacet
facet normal -0.07356358986 0.9972905285 5.662654782e-07
  outer loop
    vertex -4 67.36795044 14
    vertex -6.616157055 67.17497253 16
    vertex -3.312067986 67.41869354 16
  endloop
endfacet
facet normal -0 -0 1
  outer loop
    vertex -9.904307365 66.76941681 16
    vertex -5.881028652 59.71108246 16
    vertex -6.616157055 67.17497253 16
  endloop
endfacet
facet normal -0.02454115376 0.9996988205 0
  outer loop
    vertex -3.312067986 67.41869354 14
    vertex -3.312067986 67.41869354 16
    vertex 4.133182816e-15 67.5 16
  endloop
endfacet
facet normal 0 0 1
  outer loop
    vertex -2.944060564 59.92772675 16
    vertex -3.312067986 67.41869354 16
    vertex -6.616157055 67.17497253 16
  endloop
endfacet
facet normal -0 0 1
  outer loop
    vertex -3.312067986 67.41869354 16
    vertex 3.673940187e-15 60 16
    vertex 4.133182816e-15 67.5 16
  endloop
endfacet
facet normal 0 -1 0
  outer loop
    vertex -4 67.90000153 14
    vertex 4 67.90000153 15.5
    vertex -4 67.90000153 15.5
  endloop
endfacet
facet normal 0 -0 1
  outer loop
    vertex -4 67.90000153 15.5
    vertex 4 67.90000153 15.5
    vertex -4 68.19999695 15.5
  endloop
endfacet
facet normal 0 0 -1
  outer loop
    vertex -12 -62.96152496 -5
    vertex 12 -56.91152573 -5
    vertex 12 -62.96152496 -5
  endloop
endfacet
facet normal -0 1 0
  outer loop
    vertex -12 -56.91152573 -5
    vertex 12 -56.91152573 -3
    vertex 12 -56.91152573 -5
  endloop
endfacet
facet normal 0 -1 0
  outer loop
    vertex -12 -62.96152496 -5
    vertex 12 -62.96152496 -5
    vertex 12 -62.96152496 0
  endloop
endfacet
facet normal -0 0 1
  outer loop
    vertex -12 -56.91152573 -3
    vertex 12 -57.16152573 -3
    vertex 12 -56.91152573 -3
  endloop
endfacet
facet normal 1 0 0
  outer loop
    vertex 12 -62.96152496 -5
    vertex 12 -56.91152573 -5
    vertex 12 -56.91152573 -3
  endloop
endfacet
facet normal 1 0 -0
  outer loop
    vertex 12 -62.96152496 -5
    vertex 12 -56.91152573 -3
    vertex 12 -57.16152573 -3
  endloop
endfacet
facet normal 1 0 0
  outer loop
    vertex 12 -62.96152496 -5
    vertex 12 -57.16152573 -3
    vertex 12 -57.16152573 0
  endloop
endfacet
facet normal 0 -0 -1
  outer loop
    vertex -7.057234287 -71.65329742 0
    vertex 12 -62.96152496 0
    vertex -3.532872438 -71.91326904 0
  endloop
endfacet
facet normal 0 -0 -1
  outer loop
    vertex -3.532872438 -71.91326904 0
    vertex 12 -62.96152496 0
    vertex -1.322618569e-14 -72 0
  endloop
endfacet
facet normal 0 -0 -1
  outer loop
    vertex -1.322618569e-14 -72 0
    vertex 12 -62.96152496 0
    vertex 3.532872438 -71.91326904 0
  endloop
endfacet
facet normal 0 -0 -1
  outer loop
    vertex 3.532872438 -71.91326904 0
    vertex 12 -62.96152496 0
    vertex 7.057234287 -71.65329742 0
  endloop
endfacet
facet normal -0 1 0
  outer loop
    vertex -12 -57.16152573 -3
    vertex 12 -57.16152573 0
    vertex 12 -57.16152573 -3
  endloop
endfacet
facet normal 0 -0 -1
  outer loop
    vertex 7.057234287 -71.65329742 0
    vertex 12 -62.96152496 0
    vertex 10.56459427 -71.22071075 0
  endloop
endfacet
facet normal 0 0 -1
  outer loop
    vertex 10.56459427 -71.22071075 0
    vertex 12 -62.96152496 0
    vertex 14.04650307 -70.616539 0
  endloop
endfacet
facet normal 0 0 -1
  outer loop
    vertex 14.04650307 -70.616539 0
    vertex 12 -62.96152496 0
    vertex 12 -60.82527542 0
  endloop
endfacet
facet normal 0 0 -1
  outer loop
    vertex 14.04650307 -70.616539 0
    vertex 12 -60.82527542 0
    vertex 12.09560013 -60.80868912 0
  endloop
endfacet
facet normal 0 0 -1
  outer loop
    vertex 14.04650307 -70.616539 0
    vertex 15.0647707 -60.14193726 0
    vertex 17.49457359 -69.84224701 0
  endloop
endfacet
facet normal 0 0 -1
  outer loop
    vertex 14.04650307 -70.616539 0
    vertex 12.09560013 -60.80868912 0
    vertex 15.0647707 -60.14193726 0
  endloop
endfacet
facet normal 0 0 -1
  outer loop
    vertex 17.49457359 -69.84224701 0
    vertex 15.0647707 -60.14193726 0
    vertex 17.99765015 -59.33029938 0
  endloop
endfacet
facet normal 1 0 -0
  outer loop
    vertex 12 -62.96152496 -5
    vertex 12 -60.82527542 0
    vertex 12 -62.96152496 0
  endloop
endfacet
facet normal 1 0 -0
  outer loop
    vertex 12 -62.96152496 -5
    vertex 12 -57.16152573 0
    vertex 12 -60.82527542 0
  endloop
endfacet
facet normal 0 -1 0
  outer loop
    vertex -12 -47.0115242 -3
    vertex 12 -47.0115242 -5
    vertex 12 -47.0115242 -3
  endloop
endfacet
facet normal -0 0 1
  outer loop
    vertex -12 -46.7615242 -3
    vertex 12 -47.0115242 -3
    vertex 12 -46.7615242 -3
  endloop
endfacet
facet normal 0 0 -1
  outer loop
    vertex -12 -47.0115242 -5
    vertex 12 -40.96152496 -5
    vertex 12 -47.0115242 -5
  endloop
endfacet
facet normal 1 0 -0
  outer loop
    vertex 12 -47.0115242 -5
    vertex 12 -46.7615242 -3
    vertex 12 -47.0115242 -3
  endloop
endfacet
facet normal 1 0 -0
  outer loop
    vertex 12 -47.0115242 -5
    vertex 12 -40.96152496 -5
    vertex 12 -46.7615242 -3
  endloop
endfacet
facet normal 0 0 -1
  outer loop
    vertex -12 -57.16152573 0
    vertex 12 -46.7615242 0
    vertex 12 -57.16152573 0
  endloop
endfacet
facet normal 0 -1 0
  outer loop
    vertex -12 -46.7615242 0
    vertex 12 -46.7615242 -3
    vertex 12 -46.7615242 0
  endloop
endfacet
facet normal -0 1 0
  outer loop
    vertex -12 -40.96152496 -5
    vertex 12 -40.96152496 8
    vertex 12 -40.96152496 -5
  endloop
endfacet
facet normal 1 -0 0
  outer loop
    vertex 12 -46.7615242 -3
    vertex 12 -40.96152496 -5
    vertex 12 -40.96152496 8
  endloop
endfacet
facet normal 0 0 -1
  outer loop
    vertex 17.49457359 -69.84224701 0
    vertex 17.99765015 -59.33029938 0
    vertex 20.90049744 -68.89970398 0
  endloop
endfacet
facet normal 0 0 -1
  outer loop
    vertex 20.90049744 -68.89970398 0
    vertex 20.88717079 -58.37573242 0
    vertex 24.25606918 -67.79117584 0
  endloop
endfacet
facet normal 0 0 -1
  outer loop
    vertex 24.25606918 -67.79117584 0
    vertex 23.72637367 -57.28053284 0
    vertex 27.5532074 -66.51932526 0
  endloop
endfacet
facet normal 0 0 -1
  outer loop
    vertex 17.99765015 -59.33029938 0
    vertex 20.88717079 -58.37573242 0
    vertex 20.90049744 -68.89970398 0
  endloop
endfacet
facet normal 0 0 -1
  outer loop
    vertex 24.25606918 -67.79117584 0
    vertex 20.88717079 -58.37573242 0
    vertex 23.72637367 -57.28053284 0
  endloop
endfacet
facet normal 0 0 -1
  outer loop
    vertex 23.72637367 -57.28053284 0
    vertex 26.50841522 -56.04733658 0
    vertex 27.5532074 -66.51932526 0
  endloop
endfacet
facet normal 0 -0 -1
  outer loop
    vertex 26.50841522 -56.04733658 0
    vertex 30.78396606 -65.08722687 0
    vertex 27.5532074 -66.51932526 0
  endloop
endfacet
facet normal 0 0 -1
  outer loop
    vertex 26.50841522 -56.04733658 0
    vertex 28.3574791 -55.11659622 0
    vertex 30.78396606 -65.08722687 0
  endloop
endfacet
facet normal 0 0 -1
  outer loop
    vertex 30.78396606 -65.08722687 0
    vertex 29.23187637 -54.71440506 0
    vertex 33.9405632 -63.49832916 0
  endloop
endfacet
facet normal 0 0 -1
  outer loop
    vertex 30.78396606 -65.08722687 0
    vertex 28.3574791 -55.11659622 0
    vertex 29.23187637 -54.71440506 0
  endloop
endfacet
facet normal 0 0 -1
  outer loop
    vertex 33.9405632 -63.49832916 0
    vertex 31.87863922 -53.18629456 0
    vertex 37.01539612 -61.75645828 0
  endloop
endfacet
facet normal 0 0 -1
  outer loop
    vertex 33.9405632 -63.49832916 0
    vertex 29.23187637 -54.71440506 0
    vertex 31.87863922 -53.18629456 0
  endloop
endfacet
facet normal 0 0 -1
  outer loop
    vertex 31.87863922 -53.18629456 0
    vertex 33.53286362 -52.1289444 0
    vertex 37.01539612 -61.75645828 0
  endloop
endfacet
facet normal -0 -0 -1
  outer loop
    vertex 33.55329132 -52.11600876 0
    vertex 37.01539612 -61.75645828 0
    vertex 33.53286362 -52.1289444 0
  endloop
endfacet
facet normal 0 0 -1
  outer loop
    vertex 33.55329132 -52.11600876 0
    vertex 34.44535446 -51.55111694 0
    vertex 37.01539612 -61.75645828 0
  endloop
endfacet
facet normal 0 -0 -1
  outer loop
    vertex 17.40192413 -36.14101791 0
    vertex 29.23187637 -54.71440506 0
    vertex 28.3574791 -55.11659622 0
  endloop
endfacet
facet normal 0 -0 -1
  outer loop
    vertex 17.40192413 -36.14101791 0
    vertex 31.87863922 -53.18629456 0
    vertex 29.23187637 -54.71440506 0
  endloop
endfacet
facet normal 0 0 -1
  outer loop
    vertex 17.40192413 -36.14101791 0
    vertex 22.59807587 -33.14101791 0
    vertex 33.53286362 -52.1289444 0
  endloop
endfacet
facet normal 0 -0 -1
  outer loop
    vertex 17.40192413 -36.14101791 0
    vertex 33.53286362 -52.1289444 0
    vertex 31.87863922 -53.18629456 0
  endloop
endfacet
facet normal -0 0 -1
  outer loop
    vertex 33.55329132 -52.11600876 0
    vertex 33.53286362 -52.1289444 0
    vertex 22.59807587 -33.14101791 0
  endloop
endfacet
facet normal 0.02454230502 -0.9996987923 0
  outer loop
    vertex -1.322618569e-14 -72 0
    vertex 3.532872438 -71.91326904 0
    vertex -1.322618569e-14 -72 8
  endloop
endfacet
facet normal 0.07356430197 -0.997290476 0
  outer loop
    vertex 3.532872438 -71.91326904 0
    vertex 7.057234287 -71.65329742 0
    vertex 3.532872438 -71.91326904 8
  endloop
endfacet
facet normal 0.1224093028 -0.9924797039 0
  outer loop
    vertex 7.057234287 -71.65329742 0
    vertex 10.56459427 -71.22071075 0
    vertex 7.057234287 -71.65329742 8
  endloop
endfacet
facet normal 0.1709627853 -0.9852774868 0
  outer loop
    vertex 10.56459427 -71.22071075 0
    vertex 14.04650307 -70.616539 0
    vertex 10.56459427 -71.22071075 8
  endloop
endfacet
facet normal 0.219101742 -0.9757020173 0
  outer loop
    vertex 14.04650307 -70.616539 0
    vertex 17.49457359 -69.84224701 0
    vertex 14.04650307 -70.616539 8
  endloop
endfacet
facet normal -0.170942958 0.985280927 0
  outer loop
    vertex 12 -60.82527542 0
    vertex 12.09560013 -60.80868912 7.900000095
    vertex 12.09560013 -60.80868912 0
  endloop
endfacet
facet normal 1 0 -0
  outer loop
    vertex 12 -60.82527542 0
    vertex 12 -57.16152573 0
    vertex 12 -60.82527542 7.900000095
  endloop
endfacet
facet normal 1 0 -0
  outer loop
    vertex 12 -57.16152573 0
    vertex 12 -46.7615242 0
    vertex 12 -60.82527542 7.900000095
  endloop
endfacet
facet normal -0.2191019639 0.9757019675 0
  outer loop
    vertex 12.09560013 -60.80868912 0
    vertex 15.0647707 -60.14193726 7.900000095
    vertex 15.0647707 -60.14193726 0
  endloop
endfacet
facet normal -0.2667130097 0.963775996 0
  outer loop
    vertex 15.0647707 -60.14193726 0
    vertex 17.99765015 -59.33029938 7.900000095
    vertex 17.99765015 -59.33029938 0
  endloop
endfacet
facet normal 0.02454230502 -0.9996987923 0
  outer loop
    vertex -1.322618569e-14 -72 8
    vertex 3.532872438 -71.91326904 0
    vertex 3.532872438 -71.91326904 8
  endloop
endfacet
facet normal 0.07356430197 -0.997290476 0
  outer loop
    vertex 7.057234287 -71.65329742 0
    vertex 7.057234287 -71.65329742 8
    vertex 3.532872438 -71.91326904 8
  endloop
endfacet
facet normal 0.1224093028 -0.9924797039 0
  outer loop
    vertex 10.56459427 -71.22071075 0
    vertex 10.56459427 -71.22071075 8
    vertex 7.057234287 -71.65329742 8
  endloop
endfacet
facet normal 0.1709627853 -0.9852774868 0
  outer loop
    vertex 14.04650307 -70.616539 0
    vertex 14.04650307 -70.616539 8
    vertex 10.56459427 -71.22071075 8
  endloop
endfacet
facet normal 0.219101742 -0.9757020173 0
  outer loop
    vertex 17.49457359 -69.84224701 0
    vertex 17.49457359 -69.84224701 8
    vertex 14.04650307 -70.616539 8
  endloop
endfacet
facet normal -0.170942958 0.985280927 0
  outer loop
    vertex 12 -60.82527542 0
    vertex 12 -60.82527542 7.900000095
    vertex 12.09560013 -60.80868912 7.900000095
  endloop
endfacet
facet normal -0.2191019639 0.9757019675 0
  outer loop
    vertex 12.09560013 -60.80868912 0
    vertex 12.09560013 -60.80868912 7.900000095
    vertex 15.0647707 -60.14193726 7.900000095
  endloop
endfacet
facet normal 1 0 0
  outer loop
    vertex 12 -46.7615242 0
    vertex 12 -58.78096771 7.900000095
    vertex 12 -60.82527542 7.900000095
  endloop
endfacet
facet normal -0.2667130097 0.963775996 0
  outer loop
    vertex 15.0647707 -60.14193726 0
    vertex 15.0647707 -60.14193726 7.900000095
    vertex 17.99765015 -59.33029938 7.900000095
  endloop
endfacet
facet normal 1 0 -0
  outer loop
    vertex 12 -46.7615242 -3
    vertex 12 -40.96152496 8
    vertex 12 -46.7615242 0
  endloop
endfacet
facet normal 1 0 0
  outer loop
    vertex 12 -46.7615242 0
    vertex 12 -53.65799713 8
    vertex 12 -58.78096771 7.900000095
  endloop
endfacet
facet normal 1 0 0
  outer loop
    vertex 12 -46.7615242 0
    vertex 12 -49.5596199 8
    vertex 12 -53.65799713 8
  endloop
endfacet
facet normal 1 0 -0
  outer loop
    vertex 12 -46.7615242 0
    vertex 12 -40.96152496 8
    vertex 12 -49.5596199 8
  endloop
endfacet
facet normal 0.2667119592 -0.9637762867 0
  outer loop
    vertex 17.49457359 -69.84224701 0
    vertex 20.90049744 -68.89970398 0
    vertex 17.49457359 -69.84224701 8
  endloop
endfacet
facet normal 0.3136809665 -0.9495284363 0
  outer loop
    vertex 20.90049744 -68.89970398 0
    vertex 24.25606918 -67.79117584 0
    vertex 20.90049744 -68.89970398 8
  endloop
endfacet
facet normal 0.3598960292 -0.9329924159 0
  outer loop
    vertex 24.25606918 -67.79117584 0
    vertex 27.5532074 -66.51932526 0
    vertex 24.25606918 -67.79117584 8
  endloop
endfacet
facet normal -0.3136812286 0.9495283497 0
  outer loop
    vertex 17.99765015 -59.33029938 0
    vertex 20.88717079 -58.37573242 7.900000095
    vertex 20.88717079 -58.37573242 0
  endloop
endfacet
facet normal -0.3598945158 0.9329929997 0
  outer loop
    vertex 20.88717079 -58.37573242 0
    vertex 23.72637367 -57.28053284 7.900000095
    vertex 23.72637367 -57.28053284 0
  endloop
endfacet
facet normal -0.4052418779 0.9142095057 0
  outer loop
    vertex 23.72637367 -57.28053284 0
    vertex 26.50841522 -56.04733658 7.900000095
    vertex 26.50841522 -56.04733658 0
  endloop
endfacet
facet normal 0.4052416841 -0.9142095917 0
  outer loop
    vertex 27.5532074 -66.51932526 0
    vertex 30.78396606 -65.08722687 0
    vertex 27.5532074 -66.51932526 8
  endloop
endfacet
facet normal 0.4496113818 -0.893224275 0
  outer loop
    vertex 30.78396606 -65.08722687 0
    vertex 33.9405632 -63.49832916 0
    vertex 30.78396606 -65.08722687 8
  endloop
endfacet
facet normal -0.4496112597 0.8932243364 0
  outer loop
    vertex 26.50841522 -56.04733658 0
    vertex 28.3574791 -55.11659622 7.900000095
    vertex 28.3574791 -55.11659622 0
  endloop
endfacet
facet normal 0.4928980955 -0.8700870459 0
  outer loop
    vertex 33.9405632 -63.49832916 0
    vertex 37.01539612 -61.75645828 0
    vertex 33.9405632 -63.49832916 8
  endloop
endfacet
facet normal 0.2667119592 -0.9637762867 0
  outer loop
    vertex 20.90049744 -68.89970398 0
    vertex 20.90049744 -68.89970398 8
    vertex 17.49457359 -69.84224701 8
  endloop
endfacet
facet normal 0.3136809665 -0.9495284363 0
  outer loop
    vertex 24.25606918 -67.79117584 0
    vertex 24.25606918 -67.79117584 8
    vertex 20.90049744 -68.89970398 8
  endloop
endfacet
facet normal 0.3598960292 -0.9329924159 0
  outer loop
    vertex 27.5532074 -66.51932526 0
    vertex 27.5532074 -66.51932526 8
    vertex 24.25606918 -67.79117584 8
  endloop
endfacet
facet normal -0.3136812286 0.9495283497 0
  outer loop
    vertex 17.99765015 -59.33029938 0
    vertex 17.99765015 -59.33029938 7.900000095
    vertex 20.88717079 -58.37573242 7.900000095
  endloop
endfacet
facet normal -0.3598945158 0.9329929997 0
  outer loop
    vertex 20.88717079 -58.37573242 0
    vertex 20.88717079 -58.37573242 7.900000095
    vertex 23.72637367 -57.28053284 7.900000095
  endloop
endfacet
facet normal -0.4052418779 0.9142095057 0
  outer loop
    vertex 23.72637367 -57.28053284 0
    vertex 23.72637367 -57.28053284 7.900000095
    vertex 26.50841522 -56.04733658 7.900000095
  endloop
endfacet
facet normal 0.4052416841 -0.9142095917 0
  outer loop
    vertex 30.78396606 -65.08722687 0
    vertex 30.78396606 -65.08722687 8
    vertex 27.5532074 -66.51932526 8
  endloop
endfacet
facet normal 0.4496113818 -0.893224275 0
  outer loop
    vertex 33.9405632 -63.49832916 0
    vertex 33.9405632 -63.49832916 8
    vertex 30.78396606 -65.08722687 8
  endloop
endfacet
facet normal -0.4496112597 0.8932243364 0
  outer loop
    vertex 26.50841522 -56.04733658 0
    vertex 26.50841522 -56.04733658 7.900000095
    vertex 28.3574791 -55.11659622 7.900000095
  endloop
endfacet
facet normal -0.8660256215 -0.4999996229 0
  outer loop
    vertex 28.3574791 -55.11659622 0
    vertex 28.3574791 -55.11659622 7.900000095
    vertex 27.35613823 -53.38222122 7.900000095
  endloop
endfacet
facet normal 0.4928980955 -0.8700870459 0
  outer loop
    vertex 37.01539612 -61.75645828 0
    vertex 37.01539612 -61.75645828 8
    vertex 33.9405632 -63.49832916 8
  endloop
endfacet
facet normal -0.8660254094 -0.4999999903 0
  outer loop
    vertex 17.40192413 -36.14101791 0
    vertex 28.3574791 -55.11659622 0
    vertex 17.40192413 -36.14101791 8
  endloop
endfacet
facet normal 0.866025416 0.4999999788 0
  outer loop
    vertex 33.55329132 -52.11600876 0
    vertex 22.59807587 -33.14101791 0
    vertex 33.55329132 -52.11600876 7.900000095
  endloop
endfacet
facet normal -0.5349969853 0.8448539671 0
  outer loop
    vertex 33.55329132 -52.11600876 0
    vertex 34.44535446 -51.55111694 7.900000095
    vertex 34.44535446 -51.55111694 0
  endloop
endfacet
facet normal -0.8660253215 -0.5000001425 1.52101384e-07
  outer loop
    vertex 28.3574791 -55.11659622 0
    vertex 27.35613823 -53.38222122 7.900000095
    vertex 24.85278702 -49.04629135 8
  endloop
endfacet
facet normal -0.8660253515 -0.5000000905 9.953226618e-08
  outer loop
    vertex 28.3574791 -55.11659622 0
    vertex 24.85278702 -49.04629135 8
    vertex 22.85010719 -45.57754898 8
  endloop
endfacet
facet normal -0.8660254313 -0.4999999524 -1.2010184e-07
  outer loop
    vertex 28.3574791 -55.11659622 0
    vertex 22.85010719 -45.57754898 8
    vertex 17.40192413 -36.14101791 8
  endloop
endfacet
facet normal 0.866025572 0.4999997086 -3.899814083e-07
  outer loop
    vertex 22.59807587 -33.14101791 0
    vertex 28.05034447 -42.58462524 8
    vertex 30.05141449 -46.05058289 8
  endloop
endfacet
facet normal 0.866025429 0.4999999564 -0
  outer loop
    vertex 22.59807587 -33.14101791 0
    vertex 22.59807587 -33.14101791 8
    vertex 28.05034447 -42.58462524 8
  endloop
endfacet
facet normal 0.8660249529 0.5000007809 2.568730026e-06
  outer loop
    vertex 22.59807587 -33.14101791 0
    vertex 32.55275345 -50.38302994 7.900000095
    vertex 33.55329132 -52.11600876 7.900000095
  endloop
endfacet
facet normal -0.5349969853 0.8448539671 0
  outer loop
    vertex 33.55329132 -52.11600876 0
    vertex 33.55329132 -52.11600876 7.900000095
    vertex 34.44535446 -51.55111694 7.900000095
  endloop
endfacet
facet normal -0.5758085027 0.817584594 0
  outer loop
    vertex 34.44535446 -51.55111694 0
    vertex 34.44535446 -51.55111694 7.900000095
    vertex 36.93335724 -49.79886627 7.900000095
  endloop
endfacet
facet normal 0.8660254489 0.4999999219 6.888762284e-08
  outer loop
    vertex 22.59807587 -33.14101791 0
    vertex 30.05141449 -46.05058289 8
    vertex 32.55275345 -50.38302994 7.900000095
  endloop
endfacet
facet normal -0.5000000497 0.8660253751 0
  outer loop
    vertex 17.40192413 -36.14101791 0
    vertex 22.59807587 -33.14101791 8
    vertex 22.59807587 -33.14101791 0
  endloop
endfacet
facet normal -0.5000000497 0.8660253751 0
  outer loop
    vertex 17.40192413 -36.14101791 0
    vertex 17.40192413 -36.14101791 8
    vertex 22.59807587 -33.14101791 8
  endloop
endfacet
facet normal 0 -0 -1
  outer loop
    vertex 34.44535446 -51.55111694 0
    vertex 40.00105667 -59.86581039 0
    vertex 37.01539612 -61.75645828 0
  endloop
endfacet
facet normal 0 0 -1
  outer loop
    vertex 40.00105667 -59.86581039 0
    vertex 36.93335724 -49.79886627 0
    vertex 42.89035034 -57.83094406 0
  endloop
endfacet
facet normal 0 0 -1
  outer loop
    vertex 34.44535446 -51.55111694 0
    vertex 36.93335724 -49.79886627 0
    vertex 40.00105667 -59.86581039 0
  endloop
endfacet
facet normal 0 0 -1
  outer loop
    vertex 42.89035034 -57.83094406 0
    vertex 36.93335724 -49.79886627 0
    vertex 39.3323822 -47.92664719 0
  endloop
endfacet
facet normal 0 0 -1
  outer loop
    vertex 42.89035034 -57.83094406 0
    vertex 39.3323822 -47.92664719 0
    vertex 45.67631531 -55.65675354 0
  endloop
endfacet
facet normal 0 0 -1
  outer loop
    vertex 45.67631531 -55.65675354 0
    vertex 39.3323822 -47.92664719 0
    vertex 41.6366539 -45.93896866 0
  endloop
endfacet
facet normal 0 0 -1
  outer loop
    vertex 41.6366539 -45.93896866 0
    vertex 43.84062195 -43.84062195 0
    vertex 48.35224533 -53.34848022 0
  endloop
endfacet
facet normal 0 0 -1
  outer loop
    vertex 45.67631531 -55.65675354 0
    vertex 41.6366539 -45.93896866 0
    vertex 48.35224533 -53.34848022 0
  endloop
endfacet
facet normal 0 0 -1
  outer loop
    vertex 43.84062195 -43.84062195 0
    vertex 45.93896866 -41.6366539 0
    vertex 50.91168976 -50.91168976 0
  endloop
endfacet
facet normal 0 -0 -1
  outer loop
    vertex 43.84062195 -43.84062195 0
    vertex 50.91168976 -50.91168976 0
    vertex 48.35224533 -53.34848022 0
  endloop
endfacet
facet normal 0 0 -1
  outer loop
    vertex 50.91168976 -50.91168976 0
    vertex 45.93896866 -41.6366539 0
    vertex 53.34848022 -48.35224533 0
  endloop
endfacet
facet normal 0 0 -1
  outer loop
    vertex 53.34848022 -48.35224533 0
    vertex 45.93896866 -41.6366539 0
    vertex 47.92664719 -39.3323822 0
  endloop
endfacet
facet normal 0 0 -1
  outer loop
    vertex 47.92664719 -39.3323822 0
    vertex 49.79886627 -36.93335724 0
    vertex 55.65675354 -45.67631531 0
  endloop
endfacet
facet normal 0 0 -1
  outer loop
    vertex 53.34848022 -48.35224533 0
    vertex 47.92664719 -39.3323822 0
    vertex 55.65675354 -45.67631531 0
  endloop
endfacet
facet normal 0 0 -1
  outer loop
    vertex 49.79886627 -36.93335724 0
    vertex 51.55111694 -34.44535446 0
    vertex 57.83094406 -42.89035034 0
  endloop
endfacet
facet normal 0 -0 -1
  outer loop
    vertex 49.79886627 -36.93335724 0
    vertex 57.83094406 -42.89035034 0
    vertex 55.65675354 -45.67631531 0
  endloop
endfacet
facet normal 0 0 -1
  outer loop
    vertex 57.83094406 -42.89035034 0
    vertex 51.55111694 -34.44535446 0
    vertex 59.86581039 -40.00105667 0
  endloop
endfacet
facet normal 0 0 -1
  outer loop
    vertex 59.86581039 -40.00105667 0
    vertex 53.17917252 -31.87437057 0
    vertex 61.75645828 -37.01539612 0
  endloop
endfacet
facet normal 0.5349974572 -0.8448536683 0
  outer loop
    vertex 37.01539612 -61.75645828 0
    vertex 40.00105667 -59.86581039 0
    vertex 37.01539612 -61.75645828 8
  endloop
endfacet
facet normal 0.5758074621 -0.8175853268 0
  outer loop
    vertex 40.00105667 -59.86581039 0
    vertex 42.89035034 -57.83094406 0
    vertex 40.00105667 -59.86581039 8
  endloop
endfacet
facet normal 0.6152319638 -0.7883461363 0
  outer loop
    vertex 42.89035034 -57.83094406 0
    vertex 45.67631531 -55.65675354 0
    vertex 42.89035034 -57.83094406 8
  endloop
endfacet
facet normal 0.6531728759 -0.7572088181 0
  outer loop
    vertex 45.67631531 -55.65675354 0
    vertex 48.35224533 -53.34848022 0
    vertex 45.67631531 -55.65675354 8
  endloop
endfacet
facet normal 0.5349974572 -0.8448536683 0
  outer loop
    vertex 40.00105667 -59.86581039 0
    vertex 40.00105667 -59.86581039 8
    vertex 37.01539612 -61.75645828 8
  endloop
endfacet
facet normal 0.5758074621 -0.8175853268 0
  outer loop
    vertex 42.89035034 -57.83094406 0
    vertex 42.89035034 -57.83094406 8
    vertex 40.00105667 -59.86581039 8
  endloop
endfacet
facet normal 0.6152319638 -0.7883461363 0
  outer loop
    vertex 45.67631531 -55.65675354 0
    vertex 45.67631531 -55.65675354 8
    vertex 42.89035034 -57.83094406 8
  endloop
endfacet
facet normal 0.6531728759 -0.7572088181 0
  outer loop
    vertex 48.35224533 -53.34848022 0
    vertex 48.35224533 -53.34848022 8
    vertex 45.67631531 -55.65675354 8
  endloop
endfacet
facet normal -0.5758085027 0.817584594 0
  outer loop
    vertex 34.44535446 -51.55111694 0
    vertex 36.93335724 -49.79886627 7.900000095
    vertex 36.93335724 -49.79886627 0
  endloop
endfacet
facet normal -0.6152319232 0.7883461681 0
  outer loop
    vertex 36.93335724 -49.79886627 0
    vertex 39.3323822 -47.92664719 7.900000095
    vertex 39.3323822 -47.92664719 0
  endloop
endfacet
facet normal -0.6531728602 0.7572088316 0
  outer loop
    vertex 39.3323822 -47.92664719 0
    vertex 41.6366539 -45.93896866 7.900000095
    vertex 41.6366539 -45.93896866 0
  endloop
endfacet
facet normal -0.6895396297 0.7242479541 0
  outer loop
    vertex 41.6366539 -45.93896866 0
    vertex 43.84062195 -43.84062195 7.900000095
    vertex 43.84062195 -43.84062195 0
  endloop
endfacet
facet normal 0.6895400697 -0.7242475352 0
  outer loop
    vertex 48.35224533 -53.34848022 0
    vertex 50.91168976 -50.91168976 0
    vertex 48.35224533 -53.34848022 8
  endloop
endfacet
facet normal 0.7242475352 -0.6895400697 0
  outer loop
    vertex 50.91168976 -50.91168976 0
    vertex 53.34848022 -48.35224533 0
    vertex 50.91168976 -50.91168976 8
  endloop
endfacet
facet normal -0.7242479541 0.6895396297 0
  outer loop
    vertex 43.84062195 -43.84062195 0
    vertex 45.93896866 -41.6366539 7.900000095
    vertex 45.93896866 -41.6366539 0
  endloop
endfacet
facet normal -0.7572088316 0.6531728602 0
  outer loop
    vertex 45.93896866 -41.6366539 0
    vertex 47.92664719 -39.3323822 7.900000095
    vertex 47.92664719 -39.3323822 0
  endloop
endfacet
facet normal -0.7883461681 0.6152319232 0
  outer loop
    vertex 47.92664719 -39.3323822 0
    vertex 49.79886627 -36.93335724 7.900000095
    vertex 49.79886627 -36.93335724 0
  endloop
endfacet
facet normal -0.6152319232 0.7883461681 0
  outer loop
    vertex 36.93335724 -49.79886627 0
    vertex 36.93335724 -49.79886627 7.900000095
    vertex 39.3323822 -47.92664719 7.900000095
  endloop
endfacet
facet normal -0.6531728602 0.7572088316 0
  outer loop
    vertex 39.3323822 -47.92664719 0
    vertex 39.3323822 -47.92664719 7.900000095
    vertex 41.6366539 -45.93896866 7.900000095
  endloop
endfacet
facet normal -0.6895396297 0.7242479541 0
  outer loop
    vertex 41.6366539 -45.93896866 0
    vertex 41.6366539 -45.93896866 7.900000095
    vertex 43.84062195 -43.84062195 7.900000095
  endloop
endfacet
facet normal -0.7242479541 0.6895396297 0
  outer loop
    vertex 43.84062195 -43.84062195 0
    vertex 43.84062195 -43.84062195 7.900000095
    vertex 45.93896866 -41.6366539 7.900000095
  endloop
endfacet
facet normal 0.6895400697 -0.7242475352 0
  outer loop
    vertex 50.91168976 -50.91168976 0
    vertex 50.91168976 -50.91168976 8
    vertex 48.35224533 -53.34848022 8
  endloop
endfacet
facet normal 0.7242475352 -0.6895400697 0
  outer loop
    vertex 53.34848022 -48.35224533 0
    vertex 53.34848022 -48.35224533 8
    vertex 50.91168976 -50.91168976 8
  endloop
endfacet
facet normal -0.7572088316 0.6531728602 0
  outer loop
    vertex 45.93896866 -41.6366539 0
    vertex 45.93896866 -41.6366539 7.900000095
    vertex 47.92664719 -39.3323822 7.900000095
  endloop
endfacet
facet normal -0.7883461681 0.6152319232 0
  outer loop
    vertex 47.92664719 -39.3323822 0
    vertex 47.92664719 -39.3323822 7.900000095
    vertex 49.79886627 -36.93335724 7.900000095
  endloop
endfacet
facet normal -0.817584594 0.5758085027 0
  outer loop
    vertex 49.79886627 -36.93335724 0
    vertex 49.79886627 -36.93335724 7.900000095
    vertex 51.55111694 -34.44535446 7.900000095
  endloop
endfacet
facet normal 0.7572088181 -0.6531728759 0
  outer loop
    vertex 53.34848022 -48.35224533 0
    vertex 55.65675354 -45.67631531 0
    vertex 53.34848022 -48.35224533 8
  endloop
endfacet
facet normal 0.7883461363 -0.6152319638 0
  outer loop
    vertex 55.65675354 -45.67631531 0
    vertex 57.83094406 -42.89035034 0
    vertex 55.65675354 -45.67631531 8
  endloop
endfacet
facet normal 0.8175853268 -0.5758074621 0
  outer loop
    vertex 57.83094406 -42.89035034 0
    vertex 59.86581039 -40.00105667 0
    vertex 57.83094406 -42.89035034 8
  endloop
endfacet
facet normal 0.8448536683 -0.5349974572 0
  outer loop
    vertex 59.86581039 -40.00105667 0
    vertex 61.75645828 -37.01539612 0
    vertex 59.86581039 -40.00105667 8
  endloop
endfacet
facet normal 0.7572088181 -0.6531728759 0
  outer loop
    vertex 55.65675354 -45.67631531 0
    vertex 55.65675354 -45.67631531 8
    vertex 53.34848022 -48.35224533 8
  endloop
endfacet
facet normal 0.7883461363 -0.6152319638 0
  outer loop
    vertex 57.83094406 -42.89035034 0
    vertex 57.83094406 -42.89035034 8
    vertex 55.65675354 -45.67631531 8
  endloop
endfacet
facet normal 0.8175853268 -0.5758074621 0
  outer loop
    vertex 59.86581039 -40.00105667 0
    vertex 59.86581039 -40.00105667 8
    vertex 57.83094406 -42.89035034 8
  endloop
endfacet
facet normal 0.8448536683 -0.5349974572 0
  outer loop
    vertex 61.75645828 -37.01539612 0
    vertex 61.75645828 -37.01539612 8
    vertex 59.86581039 -40.00105667 8
  endloop
endfacet
facet normal 0 0 -1
  outer loop
    vertex 59.86581039 -40.00105667 0
    vertex 51.55111694 -34.44535446 0
    vertex 53.17917252 -31.87437057 0
  endloop
endfacet
facet normal 0 0 -1
  outer loop
    vertex 61.75645828 -37.01539612 0
    vertex 53.17917252 -31.87437057 0
    vertex 54.67911911 -29.22659683 0
  endloop
endfacet
facet normal 0 0 -1
  outer loop
    vertex 54.67911911 -29.22659683 0
    vertex 56.04733658 -26.50841522 0
    vertex 63.49832916 -33.9405632 0
  endloop
endfacet
facet normal 0 0 -1
  outer loop
    vertex 61.75645828 -37.01539612 0
    vertex 54.67911911 -29.22659683 0
    vertex 63.49832916 -33.9405632 0
  endloop
endfacet
facet normal 0 0 -1
  outer loop
    vertex 56.04733658 -26.50841522 0
    vertex 57.28053284 -23.72637367 0
    vertex 65.08722687 -30.78396606 0
  endloop
endfacet
facet normal 0 -0 -1
  outer loop
    vertex 56.04733658 -26.50841522 0
    vertex 65.08722687 -30.78396606 0
    vertex 63.49832916 -33.9405632 0
  endloop
endfacet
facet normal 0 -0 -1
  outer loop
    vertex 57.28053284 -23.72637367 0
    vertex 66.51932526 -27.5532074 0
    vertex 65.08722687 -30.78396606 0
  endloop
endfacet
facet normal 0 0 -1
  outer loop
    vertex 57.28053284 -23.72637367 0
    vertex 58.37573242 -20.88717079 0
    vertex 66.51932526 -27.5532074 0
  endloop
endfacet
facet normal 0 0 -1
  outer loop
    vertex 58.37573242 -20.88717079 0
    vertex 59.33029938 -17.99765015 0
    vertex 67.79117584 -24.25606918 0
  endloop
endfacet
facet normal 0 -0 -1
  outer loop
    vertex 58.37573242 -20.88717079 0
    vertex 67.79117584 -24.25606918 0
    vertex 66.51932526 -27.5532074 0
  endloop
endfacet
facet normal 0 0 -1
  outer loop
    vertex 67.79117584 -24.25606918 0
    vertex 59.33029938 -17.99765015 0
    vertex 68.89970398 -20.90049744 0
  endloop
endfacet
facet normal 0 0 -1
  outer loop
    vertex 68.89970398 -20.90049744 0
    vertex 59.33029938 -17.99765015 0
    vertex 60.14193726 -15.0647707 0
  endloop
endfacet
facet normal 0 0 -1
  outer loop
    vertex 60.14193726 -15.0647707 0
    vertex 60.80868912 -12.09560013 0
    vertex 69.84224701 -17.49457359 0
  endloop
endfacet
facet normal 0 0 -1
  outer loop
    vertex 68.89970398 -20.90049744 0
    vertex 60.14193726 -15.0647707 0
    vertex 69.84224701 -17.49457359 0
  endloop
endfacet
facet normal 0 -0 -1
  outer loop
    vertex 60.80868912 -12.09560013 0
    vertex 70.616539 -14.04650307 0
    vertex 69.84224701 -17.49457359 0
  endloop
endfacet
facet normal 0 0 -1
  outer loop
    vertex 60.80868912 -12.09560013 0
    vertex 61.32894516 -9.097289085 0
    vertex 70.616539 -14.04650307 0
  endloop
endfacet
facet normal 0 -0 -1
  outer loop
    vertex 61.32894516 -9.097289085 0
    vertex 71.22071075 -10.56459427 0
    vertex 70.616539 -14.04650307 0
  endloop
endfacet
facet normal 0 0 -1
  outer loop
    vertex 61.32894516 -9.097289085 0
    vertex 61.70145416 -6.077062607 0
    vertex 71.22071075 -10.56459427 0
  endloop
endfacet
facet normal 0 0 -1
  outer loop
    vertex 61.70145416 -6.077062607 0
    vertex 61.92531967 -3.042195797 0
    vertex 71.65329742 -7.057234287 0
  endloop
endfacet
facet normal 0 0 -1
  outer loop
    vertex 61.92531967 -3.042195797 0
    vertex 62 0 0
    vertex 71.91326904 -3.532872438 0
  endloop
endfacet
facet normal 0 -0 -1
  outer loop
    vertex 61.70145416 -6.077062607 0
    vertex 71.65329742 -7.057234287 0
    vertex 71.22071075 -10.56459427 0
  endloop
endfacet
facet normal 0 -0 -1
  outer loop
    vertex 61.92531967 -3.042195797 0
    vertex 71.91326904 -3.532872438 0
    vertex 71.65329742 -7.057234287 0
  endloop
endfacet
facet normal 0 0 -1
  outer loop
    vertex 71.91326904 -3.532872438 0
    vertex 62 0 0
    vertex 72 0 0
  endloop
endfacet
facet normal -0.817584594 0.5758085027 0
  outer loop
    vertex 49.79886627 -36.93335724 0
    vertex 51.55111694 -34.44535446 7.900000095
    vertex 51.55111694 -34.44535446 0
  endloop
endfacet
facet normal -0.8448538651 0.5349971464 0
  outer loop
    vertex 51.55111694 -34.44535446 0
    vertex 53.17917252 -31.87437057 7.900000095
    vertex 53.17917252 -31.87437057 0
  endloop
endfacet
facet normal -0.8448538651 0.5349971464 0
  outer loop
    vertex 51.55111694 -34.44535446 0
    vertex 51.55111694 -34.44535446 7.900000095
    vertex 53.17917252 -31.87437057 7.900000095
  endloop
endfacet
facet normal -0.8700868084 0.4928985147 0
  outer loop
    vertex 53.17917252 -31.87437057 0
    vertex 53.17917252 -31.87437057 7.900000095
    vertex 54.67911911 -29.22659683 7.900000095
  endloop
endfacet
facet normal -0.8700868084 0.4928985147 0
  outer loop
    vertex 53.17917252 -31.87437057 0
    vertex 54.67911911 -29.22659683 7.900000095
    vertex 54.67911911 -29.22659683 0
  endloop
endfacet
facet normal -0.8932243242 0.4496112839 0
  outer loop
    vertex 54.67911911 -29.22659683 0
    vertex 56.04733658 -26.50841522 7.900000095
    vertex 56.04733658 -26.50841522 0
  endloop
endfacet
facet normal 0.8700870459 -0.4928980955 0
  outer loop
    vertex 61.75645828 -37.01539612 0
    vertex 63.49832916 -33.9405632 0
    vertex 61.75645828 -37.01539612 8
  endloop
endfacet
facet normal -0.9142095057 0.4052418779 0
  outer loop
    vertex 56.04733658 -26.50841522 0
    vertex 57.28053284 -23.72637367 7.900000095
    vertex 57.28053284 -23.72637367 0
  endloop
endfacet
facet normal -0.9329929997 0.3598945158 0
  outer loop
    vertex 57.28053284 -23.72637367 0
    vertex 58.37573242 -20.88717079 7.900000095
    vertex 58.37573242 -20.88717079 0
  endloop
endfacet
facet normal -0.9495283497 0.3136812286 0
  outer loop
    vertex 58.37573242 -20.88717079 0
    vertex 59.33029938 -17.99765015 7.900000095
    vertex 59.33029938 -17.99765015 0
  endloop
endfacet
facet normal 0.893224275 -0.4496113818 0
  outer loop
    vertex 63.49832916 -33.9405632 0
    vertex 65.08722687 -30.78396606 0
    vertex 63.49832916 -33.9405632 8
  endloop
endfacet
facet normal 0.9142095917 -0.4052416841 0
  outer loop
    vertex 65.08722687 -30.78396606 0
    vertex 66.51932526 -27.5532074 0
    vertex 65.08722687 -30.78396606 8
  endloop
endfacet
facet normal 0.9329924159 -0.3598960292 0
  outer loop
    vertex 66.51932526 -27.5532074 0
    vertex 67.79117584 -24.25606918 0
    vertex 66.51932526 -27.5532074 8
  endloop
endfacet
facet normal 0.9495284363 -0.3136809665 0
  outer loop
    vertex 67.79117584 -24.25606918 0
    vertex 68.89970398 -20.90049744 0
    vertex 67.79117584 -24.25606918 8
  endloop
endfacet
facet normal 0.9637762867 -0.2667119592 0
  outer loop
    vertex 68.89970398 -20.90049744 0
    vertex 69.84224701 -17.49457359 0
    vertex 68.89970398 -20.90049744 8
  endloop
endfacet
facet normal -0.8932243242 0.4496112839 0
  outer loop
    vertex 54.67911911 -29.22659683 0
    vertex 54.67911911 -29.22659683 7.900000095
    vertex 56.04733658 -26.50841522 7.900000095
  endloop
endfacet
facet normal 0.8700870459 -0.4928980955 0
  outer loop
    vertex 63.49832916 -33.9405632 0
    vertex 63.49832916 -33.9405632 8
    vertex 61.75645828 -37.01539612 8
  endloop
endfacet
facet normal -0.9142095057 0.4052418779 0
  outer loop
    vertex 56.04733658 -26.50841522 0
    vertex 56.04733658 -26.50841522 7.900000095
    vertex 57.28053284 -23.72637367 7.900000095
  endloop
endfacet
facet normal -0.9329929997 0.3598945158 0
  outer loop
    vertex 57.28053284 -23.72637367 0
    vertex 57.28053284 -23.72637367 7.900000095
    vertex 58.37573242 -20.88717079 7.900000095
  endloop
endfacet
facet normal -0.9495283497 0.3136812286 0
  outer loop
    vertex 58.37573242 -20.88717079 0
    vertex 58.37573242 -20.88717079 7.900000095
    vertex 59.33029938 -17.99765015 7.900000095
  endloop
endfacet
facet normal 0.893224275 -0.4496113818 0
  outer loop
    vertex 65.08722687 -30.78396606 0
    vertex 65.08722687 -30.78396606 8
    vertex 63.49832916 -33.9405632 8
  endloop
endfacet
facet normal 0.9142095917 -0.4052416841 0
  outer loop
    vertex 66.51932526 -27.5532074 0
    vertex 66.51932526 -27.5532074 8
    vertex 65.08722687 -30.78396606 8
  endloop
endfacet
facet normal 0.9329924159 -0.3598960292 0
  outer loop
    vertex 67.79117584 -24.25606918 0
    vertex 67.79117584 -24.25606918 8
    vertex 66.51932526 -27.5532074 8
  endloop
endfacet
facet normal 0.9495284363 -0.3136809665 0
  outer loop
    vertex 68.89970398 -20.90049744 0
    vertex 68.89970398 -20.90049744 8
    vertex 67.79117584 -24.25606918 8
  endloop
endfacet
facet normal 0.9637762867 -0.2667119592 0
  outer loop
    vertex 69.84224701 -17.49457359 0
    vertex 69.84224701 -17.49457359 8
    vertex 68.89970398 -20.90049744 8
  endloop
endfacet
facet normal -0.963775996 0.2667130097 0
  outer loop
    vertex 59.33029938 -17.99765015 0
    vertex 60.14193726 -15.0647707 7.900000095
    vertex 60.14193726 -15.0647707 0
  endloop
endfacet
facet normal -0.9757019675 0.2191019639 0
  outer loop
    vertex 60.14193726 -15.0647707 0
    vertex 60.80868912 -12.09560013 7.900000095
    vertex 60.80868912 -12.09560013 0
  endloop
endfacet
facet normal -0.9852776577 0.1709618007 0
  outer loop
    vertex 60.80868912 -12.09560013 0
    vertex 61.32894516 -9.097289085 7.900000095
    vertex 61.32894516 -9.097289085 0
  endloop
endfacet
facet normal -0.9924795507 0.1224105445 0
  outer loop
    vertex 61.32894516 -9.097289085 0
    vertex 61.70145416 -6.077062607 7.900000095
    vertex 61.70145416 -6.077062607 0
  endloop
endfacet
facet normal -0.9972904498 0.07356465644 0
  outer loop
    vertex 61.70145416 -6.077062607 0
    vertex 61.92531967 -3.042195797 7.900000095
    vertex 61.92531967 -3.042195797 0
  endloop
endfacet
facet normal -0.9996988299 0.02454077313 0
  outer loop
    vertex 61.92531967 -3.042195797 0
    vertex 62 0 7.900000095
    vertex 62 0 0
  endloop
endfacet
facet normal 0.9757020173 -0.219101742 0
  outer loop
    vertex 69.84224701 -17.49457359 0
    vertex 70.616539 -14.04650307 0
    vertex 69.84224701 -17.49457359 8
  endloop
endfacet
facet normal 0.9852774868 -0.1709627853 0
  outer loop
    vertex 70.616539 -14.04650307 0
    vertex 71.22071075 -10.56459427 0
    vertex 70.616539 -14.04650307 8
  endloop
endfacet
facet normal 0.9924797039 -0.1224093028 0
  outer loop
    vertex 71.22071075 -10.56459427 0
    vertex 71.65329742 -7.057234287 0
    vertex 71.22071075 -10.56459427 8
  endloop
endfacet
facet normal 0.997290476 -0.07356430197 0
  outer loop
    vertex 71.65329742 -7.057234287 0
    vertex 71.91326904 -3.532872438 0
    vertex 71.65329742 -7.057234287 8
  endloop
endfacet
facet normal 0.9996987923 -0.02454230502 0
  outer loop
    vertex 71.91326904 -3.532872438 0
    vertex 72 0 0
    vertex 71.91326904 -3.532872438 8
  endloop
endfacet
facet normal -0.963775996 0.2667130097 0
  outer loop
    vertex 59.33029938 -17.99765015 0
    vertex 59.33029938 -17.99765015 7.900000095
    vertex 60.14193726 -15.0647707 7.900000095
  endloop
endfacet
facet normal -0.9757019675 0.2191019639 0
  outer loop
    vertex 60.14193726 -15.0647707 0
    vertex 60.14193726 -15.0647707 7.900000095
    vertex 60.80868912 -12.09560013 7.900000095
  endloop
endfacet
facet normal -0.9852776577 0.1709618007 0
  outer loop
    vertex 60.80868912 -12.09560013 0
    vertex 60.80868912 -12.09560013 7.900000095
    vertex 61.32894516 -9.097289085 7.900000095
  endloop
endfacet
facet normal -0.9924795507 0.1224105445 0
  outer loop
    vertex 61.32894516 -9.097289085 0
    vertex 61.32894516 -9.097289085 7.900000095
    vertex 61.70145416 -6.077062607 7.900000095
  endloop
endfacet
facet normal -0.9972904498 0.07356465644 0
  outer loop
    vertex 61.70145416 -6.077062607 0
    vertex 61.70145416 -6.077062607 7.900000095
    vertex 61.92531967 -3.042195797 7.900000095
  endloop
endfacet
facet normal -0.9996988299 0.02454077313 0
  outer loop
    vertex 61.92531967 -3.042195797 0
    vertex 61.92531967 -3.042195797 7.900000095
    vertex 62 0 7.900000095
  endloop
endfacet
facet normal 0.9757020173 -0.219101742 0
  outer loop
    vertex 70.616539 -14.04650307 0
    vertex 70.616539 -14.04650307 8
    vertex 69.84224701 -17.49457359 8
  endloop
endfacet
facet normal 0.9852774868 -0.1709627853 0
  outer loop
    vertex 71.22071075 -10.56459427 0
    vertex 71.22071075 -10.56459427 8
    vertex 70.616539 -14.04650307 8
  endloop
endfacet
facet normal 0.9924797039 -0.1224093028 0
  outer loop
    vertex 71.65329742 -7.057234287 0
    vertex 71.65329742 -7.057234287 8
    vertex 71.22071075 -10.56459427 8
  endloop
endfacet
facet normal 0.997290476 -0.07356430197 0
  outer loop
    vertex 71.91326904 -3.532872438 0
    vertex 71.91326904 -3.532872438 8
    vertex 71.65329742 -7.057234287 8
  endloop
endfacet
facet normal 0.9996987923 -0.02454230502 0
  outer loop
    vertex 71.91326904 -3.532872438 8
    vertex 72 0 0
    vertex 72 0 8
  endloop
endfacet
facet normal 0 -0 1
  outer loop
    vertex -1.322618569e-14 -72 8
    vertex 3.532872438 -71.91326904 8
    vertex -3.312067986 -67.41869354 8
  endloop
endfacet
facet normal -0 -0 1
  outer loop
    vertex -3.312067986 -67.41869354 8
    vertex 7.057234287 -71.65329742 8
    vertex -1.239954845e-14 -67.5 8
  endloop
endfacet
facet normal -0 0 1
  outer loop
    vertex -3.312067986 -67.41869354 8
    vertex 3.532872438 -71.91326904 8
    vertex 7.057234287 -71.65329742 8
  endloop
endfacet
facet normal -0 0 1
  outer loop
    vertex -1.239954845e-14 -67.5 8
    vertex 7.057234287 -71.65329742 8
    vertex 10.56459427 -71.22071075 8
  endloop
endfacet
facet normal -0 -0 1
  outer loop
    vertex -1.239954845e-14 -67.5 8
    vertex 10.56459427 -71.22071075 8
    vertex 3.312067986 -67.41869354 8
  endloop
endfacet
facet normal -0 -0 1
  outer loop
    vertex 3.312067986 -67.41869354 8
    vertex 10.56459427 -71.22071075 8
    vertex 6.616157055 -67.17497253 8
  endloop
endfacet
facet normal 0 -0 1
  outer loop
    vertex -1.102182056e-14 -60 8
    vertex 2.944060564 -59.92772675 8
    vertex -1.010333615e-14 -55 8
  endloop
endfacet
facet normal -0 0 1
  outer loop
    vertex -1.010333615e-14 -55 8
    vertex 2.944060564 -59.92772675 8
    vertex 5.881028652 -59.71108246 8
  endloop
endfacet
facet normal -0 -0 1
  outer loop
    vertex -1.010333615e-14 -55 8
    vertex 8.803828239 -59.35058975 8
    vertex 2.698722124 -54.93375015 8
  endloop
endfacet
facet normal -0 0 1
  outer loop
    vertex -1.010333615e-14 -55 8
    vertex 5.881028652 -59.71108246 8
    vertex 8.803828239 -59.35058975 8
  endloop
endfacet
facet normal -0 -0 1
  outer loop
    vertex 2.698722124 -54.93375015 8
    vertex 8.803828239 -59.35058975 8
    vertex 5.390942574 -54.73516083 8
  endloop
endfacet
facet normal 0 0 1
  outer loop
    vertex 8.803828239 -59.35058975 8
    vertex 8.070176125 -54.40470886 8
    vertex 5.390942574 -54.73516083 8
  endloop
endfacet
facet normal -0 -0 1
  outer loop
    vertex 6.616157055 -67.17497253 8
    vertex 10.56459427 -71.22071075 8
    vertex 9.904307365 -66.76941681 8
  endloop
endfacet
facet normal 0 -0 1
  outer loop
    vertex 10.56459427 -71.22071075 8
    vertex 14.04650307 -70.616539 8
    vertex 9.904307365 -66.76941681 8
  endloop
endfacet
facet normal -0 -0 1
  outer loop
    vertex 9.904307365 -66.76941681 8
    vertex 14.04650307 -70.616539 8
    vertex 13.16859627 -66.20300293 8
  endloop
endfacet
facet normal -0 0 1
  outer loop
    vertex 13.16859627 -66.20300293 8
    vertex 14.04650307 -70.616539 8
    vertex 17.49457359 -69.84224701 8
  endloop
endfacet
facet normal -0 -0 1
  outer loop
    vertex 13.16859627 -66.20300293 8
    vertex 17.49457359 -69.84224701 8
    vertex 16.40116119 -65.47711182 8
  endloop
endfacet
facet normal 0 -0 -1
  outer loop
    vertex 12 -60.82527542 7.900000095
    vertex 15.0647707 -60.14193726 7.900000095
    vertex 12.09560013 -60.80868912 7.900000095
  endloop
endfacet
facet normal 0 0 -1
  outer loop
    vertex 12 -60.82527542 7.900000095
    vertex 12 -58.78096771 7.900000095
    vertex 15.0647707 -60.14193726 7.900000095
  endloop
endfacet
facet normal -0.2191021864 0.9757019175 0
  outer loop
    vertex 12 -58.78096771 7.900000095
    vertex 12 -58.78096771 8
    vertex 14.57881069 -58.20187378 7.900000095
  endloop
endfacet
facet normal 0 -0 1
  outer loop
    vertex 8.803828239 -59.35058975 8
    vertex 11.70541954 -58.84711838 8
    vertex 8.070176125 -54.40470886 8
  endloop
endfacet
facet normal -0 -0 1
  outer loop
    vertex 8.070176125 -54.40470886 8
    vertex 11.70541954 -58.84711838 8
    vertex 10.72996807 -53.94319153 8
  endloop
endfacet
facet normal 0 -0 1
  outer loop
    vertex 11.70541954 -58.84711838 8
    vertex 12 -58.78096771 8
    vertex 10.72996807 -53.94319153 8
  endloop
endfacet
facet normal 1 0 -0
  outer loop
    vertex 12 -58.78096771 7.900000095
    vertex 12 -53.65799713 8
    vertex 12 -58.78096771 8
  endloop
endfacet
facet normal 0 -0 1
  outer loop
    vertex 12 -58.78096771 8
    vertex 12 -53.65799713 8
    vertex 10.72996807 -53.94319153 8
  endloop
endfacet
facet normal 0 0 -1
  outer loop
    vertex 12 -58.78096771 7.900000095
    vertex 14.57881069 -58.20187378 7.900000095
    vertex 15.0647707 -60.14193726 7.900000095
  endloop
endfacet
facet normal 0 0 -1
  outer loop
    vertex 15.0647707 -60.14193726 7.900000095
    vertex 14.57881069 -58.20187378 7.900000095
    vertex 17.99765015 -59.33029938 7.900000095
  endloop
endfacet
facet normal 0 0 -1
  outer loop
    vertex 17.99765015 -59.33029938 7.900000095
    vertex 14.57881069 -58.20187378 7.900000095
    vertex 17.41707993 -57.41641998 7.900000095
  endloop
endfacet
facet normal 0.02454115376 -0.9996988205 0
  outer loop
    vertex -1.239954845e-14 -67.5 8
    vertex 3.312067986 -67.41869354 8
    vertex -1.239954845e-14 -67.5 11.5
  endloop
endfacet
facet normal 0.02454115376 -0.9996988205 0
  outer loop
    vertex 3.312067986 -67.41869354 8
    vertex 3.312067986 -67.41869354 11.5
    vertex -1.239954845e-14 -67.5 11.5
  endloop
endfacet
facet normal 0.07356195249 -0.9972906493 0
  outer loop
    vertex 3.312067986 -67.41869354 8
    vertex 4 -67.36795044 11.5
    vertex 3.312067986 -67.41869354 11.5
  endloop
endfacet
facet normal 0.07356358986 -0.9972905285 0
  outer loop
    vertex 3.312067986 -67.41869354 8
    vertex 6.616157055 -67.17497253 8
    vertex 6.616157055 -67.17497253 16
  endloop
endfacet
facet normal 0.122410992 -0.9924794955 0
  outer loop
    vertex 6.616157055 -67.17497253 8
    vertex 9.904307365 -66.76941681 8
    vertex 9.904307365 -66.76941681 16
  endloop
endfacet
facet normal 0.0245412055 -0.9996988193 0
  outer loop
    vertex -1.010333615e-14 -55 8
    vertex 2.698722124 -54.93375015 8
    vertex -1.010333615e-14 -55 11.5
  endloop
endfacet
facet normal 0.073564274 -0.997290478 0
  outer loop
    vertex 2.698722124 -54.93375015 8
    vertex 5.390942574 -54.73516083 8
    vertex 2.698722124 -54.93375015 11.5
  endloop
endfacet
facet normal 0.1224106843 -0.9924795335 0
  outer loop
    vertex 5.390942574 -54.73516083 8
    vertex 8.070176125 -54.40470886 8
    vertex 5.390942574 -54.73516083 11.5
  endloop
endfacet
facet normal 0.1709617632 -0.9852776642 0
  outer loop
    vertex 8.070176125 -54.40470886 8
    vertex 10.72996807 -53.94319153 8
    vertex 8.070176125 -54.40470886 11.5
  endloop
endfacet
facet normal -0.02454144033 0.9996988135 -2.598426067e-24
  outer loop
    vertex -1.102182056e-14 -60 8
    vertex -1.102182141e-14 -60 16
    vertex 2.944060564 -59.92772675 8
  endloop
endfacet
facet normal -0.07356473438 0.9972904441 0
  outer loop
    vertex 2.944060564 -59.92772675 8
    vertex 2.944060564 -59.92772675 16
    vertex 5.881028652 -59.71108246 8
  endloop
endfacet
facet normal 0.0245412055 -0.9996988193 0
  outer loop
    vertex -1.010333615e-14 -55 11.5
    vertex 2.698722124 -54.93375015 8
    vertex 2.698722124 -54.93375015 11.5
  endloop
endfacet
facet normal 0.073564274 -0.997290478 0
  outer loop
    vertex 5.390942574 -54.73516083 8
    vertex 5.390942574 -54.73516083 11.5
    vertex 2.698722124 -54.93375015 11.5
  endloop
endfacet
facet normal -0.1224105951 0.9924795445 0
  outer loop
    vertex 5.881028652 -59.71108246 8
    vertex 5.881028652 -59.71108246 16
    vertex 8.803828239 -59.35058975 8
  endloop
endfacet
facet normal 0.1224106843 -0.9924795335 0
  outer loop
    vertex 8.070176125 -54.40470886 8
    vertex 8.070176125 -54.40470886 11.5
    vertex 5.390942574 -54.73516083 11.5
  endloop
endfacet
facet normal 0.1709636539 -0.9852773361 0
  outer loop
    vertex 9.904307365 -66.76941681 8
    vertex 13.16859627 -66.20300293 8
    vertex 13.16859627 -66.20300293 16
  endloop
endfacet
facet normal 0.2190996266 -0.9757024924 0
  outer loop
    vertex 13.16859627 -66.20300293 8
    vertex 16.40116119 -65.47711182 8
    vertex 16.40116119 -65.47711182 16
  endloop
endfacet
facet normal -0.1709610723 0.9852777841 0
  outer loop
    vertex 8.803828239 -59.35058975 8
    vertex 8.803828239 -59.35058975 16
    vertex 11.70541954 -58.84711838 8
  endloop
endfacet
facet normal -0.2191025361 0.975701839 0
  outer loop
    vertex 11.70541954 -58.84711838 8
    vertex 11.70541954 -58.84711838 16
    vertex 12 -58.78096771 8
  endloop
endfacet
facet normal -0.2191021859 0.9757019177 1.354270635e-08
  outer loop
    vertex 12 -58.78096771 8
    vertex 11.70541954 -58.84711838 16
    vertex 14.57881069 -58.20187378 7.900000095
  endloop
endfacet
facet normal 0.1709617632 -0.9852776642 0
  outer loop
    vertex 10.72996807 -53.94319153 8
    vertex 10.72996807 -53.94319153 11.5
    vertex 8.070176125 -54.40470886 11.5
  endloop
endfacet
facet normal -0.2667124158 0.9637761603 0
  outer loop
    vertex 14.57881069 -58.20187378 7.900000095
    vertex 14.57881069 -58.20187378 16
    vertex 17.41707993 -57.41641998 7.900000095
  endloop
endfacet
facet normal 0 0 1
  outer loop
    vertex 2.50245142 -50.93856812 8
    vertex 4.998874187 -50.75442123 8
    vertex 12 -40.96152496 8
  endloop
endfacet
facet normal 0 0 1
  outer loop
    vertex 4.998874187 -50.75442123 8
    vertex 7.483254433 -50.44800186 8
    vertex 12 -40.96152496 8
  endloop
endfacet
facet normal -0 0 1
  outer loop
    vertex -12 -40.96152496 8
    vertex 2.50245142 -50.93856812 8
    vertex 12 -40.96152496 8
  endloop
endfacet
facet normal 0 0 -1
  outer loop
    vertex 12 -53.65799713 8
    vertex 12.39198875 -49.47159576 8
    vertex 13.36390972 -53.3517189 8
  endloop
endfacet
facet normal 0 0 -1
  outer loop
    vertex 12 -53.65799713 8
    vertex 12 -49.5596199 8
    vertex 12.39198875 -49.47159576 8
  endloop
endfacet
facet normal 0 0 1
  outer loop
    vertex 7.483254433 -50.44800186 8
    vertex 9.949606895 -50.02005005 8
    vertex 12 -40.96152496 8
  endloop
endfacet
facet normal 0 0 1
  outer loop
    vertex 9.949606895 -50.02005005 8
    vertex 12 -49.5596199 8
    vertex 12 -40.96152496 8
  endloop
endfacet
facet normal 0 0 -1
  outer loop
    vertex 13.36390972 -53.3517189 8
    vertex 12.39198875 -49.47159576 8
    vertex 14.8045187 -48.80395889 8
  endloop
endfacet
facet normal 0 0 -1
  outer loop
    vertex 13.36390972 -53.3517189 8
    vertex 14.8045187 -48.80395889 8
    vertex 15.96565723 -52.63171768 8
  endloop
endfacet
facet normal 0 0 -1
  outer loop
    vertex 15.96565723 -52.63171768 8
    vertex 14.8045187 -48.80395889 8
    vertex 17.18138313 -48.01874542 8
  endloop
endfacet
facet normal 0 0 -1
  outer loop
    vertex 15.96565723 -52.63171768 8
    vertex 17.18138313 -48.01874542 8
    vertex 18.52894211 -51.78492355 8
  endloop
endfacet
facet normal -0.02454128862 0.9996988172 0
  outer loop
    vertex -9.368547774e-15 -51 8
    vertex -9.368547774e-15 -51 11.5
    vertex 2.50245142 -50.93856812 8
  endloop
endfacet
facet normal -0.07356443439 0.9972904662 0
  outer loop
    vertex 2.50245142 -50.93856812 8
    vertex 2.50245142 -50.93856812 11.5
    vertex 4.998874187 -50.75442123 8
  endloop
endfacet
facet normal -0.1224107914 0.9924795203 0
  outer loop
    vertex 4.998874187 -50.75442123 8
    vertex 4.998874187 -50.75442123 11.5
    vertex 7.483254433 -50.44800186 8
  endloop
endfacet
facet normal -0.1709615258 0.9852777054 0
  outer loop
    vertex 7.483254433 -50.44800186 8
    vertex 7.483254433 -50.44800186 11.5
    vertex 9.949606895 -50.02005005 8
  endloop
endfacet
facet normal -0.02454128862 0.9996988172 0
  outer loop
    vertex -9.368547774e-15 -51 11.5
    vertex 2.50245142 -50.93856812 11.5
    vertex 2.50245142 -50.93856812 8
  endloop
endfacet
facet normal -0.07356443439 0.9972904662 0
  outer loop
    vertex 4.998874187 -50.75442123 8
    vertex 2.50245142 -50.93856812 11.5
    vertex 4.998874187 -50.75442123 11.5
  endloop
endfacet
facet normal -0.1224107914 0.9924795203 0
  outer loop
    vertex 7.483254433 -50.44800186 8
    vertex 4.998874187 -50.75442123 11.5
    vertex 7.483254433 -50.44800186 11.5
  endloop
endfacet
facet normal 0.2191006479 -0.975702263 0
  outer loop
    vertex 10.72996807 -53.94319153 8
    vertex 12 -53.65799713 8
    vertex 10.72996807 -53.94319153 11.5
  endloop
endfacet
facet normal -0.2191007765 0.9757022341 0
  outer loop
    vertex 9.949606895 -50.02005005 8
    vertex 9.949606895 -50.02005005 11.5
    vertex 12 -49.5596199 8
  endloop
endfacet
facet normal 0.2191026423 -0.9757018152 7.601688003e-07
  outer loop
    vertex 12 -53.65799713 8
    vertex 13.36390972 -53.3517189 8
    vertex 10.72996807 -53.94319153 11.5
  endloop
endfacet
facet normal -0.219101527 0.9757020656 -4.618342341e-07
  outer loop
    vertex 12 -49.5596199 8
    vertex 9.949606895 -50.02005005 11.5
    vertex 12.39198875 -49.47159576 8
  endloop
endfacet
facet normal -0.2667127278 0.963776074 0
  outer loop
    vertex 12.39198875 -49.47159576 8
    vertex 12.39198875 -49.47159576 11.5
    vertex 14.8045187 -48.80395889 8
  endloop
endfacet
facet normal 0.266713004 -0.9637759976 0
  outer loop
    vertex 13.36390972 -53.3517189 8
    vertex 15.96565723 -52.63171768 8
    vertex 13.36390972 -53.3517189 11.5
  endloop
endfacet
facet normal 0.3136814687 -0.9495282703 0
  outer loop
    vertex 15.96565723 -52.63171768 8
    vertex 18.52894211 -51.78492355 8
    vertex 15.96565723 -52.63171768 11.5
  endloop
endfacet
facet normal -0.3136830096 0.9495277613 0
  outer loop
    vertex 14.8045187 -48.80395889 8
    vertex 14.8045187 -48.80395889 11.5
    vertex 17.18138313 -48.01874542 8
  endloop
endfacet
facet normal -0.3598948092 0.9329928865 0
  outer loop
    vertex 17.18138313 -48.01874542 8
    vertex 17.18138313 -48.01874542 11.5
    vertex 19.51685524 -47.11785507 8
  endloop
endfacet
facet normal -0.1709615258 0.9852777054 0
  outer loop
    vertex 9.949606895 -50.02005005 8
    vertex 7.483254433 -50.44800186 11.5
    vertex 9.949606895 -50.02005005 11.5
  endloop
endfacet
facet normal 0.2191016806 -0.9757020311 0
  outer loop
    vertex 13.36390972 -53.3517189 8
    vertex 13.36390972 -53.3517189 11.5
    vertex 10.72996807 -53.94319153 11.5
  endloop
endfacet
facet normal -0.219100897 0.9757022071 0
  outer loop
    vertex 12.39198875 -49.47159576 8
    vertex 9.949606895 -50.02005005 11.5
    vertex 12.39198875 -49.47159576 11.5
  endloop
endfacet
facet normal 0.266713004 -0.9637759976 0
  outer loop
    vertex 15.96565723 -52.63171768 8
    vertex 15.96565723 -52.63171768 11.5
    vertex 13.36390972 -53.3517189 11.5
  endloop
endfacet
facet normal 0.3136814687 -0.9495282703 0
  outer loop
    vertex 18.52894211 -51.78492355 8
    vertex 18.52894211 -51.78492355 11.5
    vertex 15.96565723 -52.63171768 11.5
  endloop
endfacet
facet normal -0.2667127278 0.963776074 0
  outer loop
    vertex 14.8045187 -48.80395889 8
    vertex 12.39198875 -49.47159576 11.5
    vertex 14.8045187 -48.80395889 11.5
  endloop
endfacet
facet normal -0.3136830096 0.9495277613 0
  outer loop
    vertex 17.18138313 -48.01874542 8
    vertex 14.8045187 -48.80395889 11.5
    vertex 17.18138313 -48.01874542 11.5
  endloop
endfacet
facet normal 0 -0 1
  outer loop
    vertex 17.49457359 -69.84224701 8
    vertex 20.90049744 -68.89970398 8
    vertex 16.40116119 -65.47711182 8
  endloop
endfacet
facet normal -0 -0 1
  outer loop
    vertex 16.40116119 -65.47711182 8
    vertex 20.90049744 -68.89970398 8
    vertex 19.59421539 -64.59347534 8
  endloop
endfacet
facet normal 0 -0 1
  outer loop
    vertex 20.90049744 -68.89970398 8
    vertex 24.25606918 -67.79117584 8
    vertex 19.59421539 -64.59347534 8
  endloop
endfacet
facet normal -0 -0 1
  outer loop
    vertex 19.59421539 -64.59347534 8
    vertex 24.25606918 -67.79117584 8
    vertex 22.74006462 -63.55422592 8
  endloop
endfacet
facet normal 0 -0 1
  outer loop
    vertex 24.25606918 -67.79117584 8
    vertex 27.5532074 -66.51932526 8
    vertex 22.74006462 -63.55422592 8
  endloop
endfacet
facet normal -0 -0 1
  outer loop
    vertex 22.74006462 -63.55422592 8
    vertex 27.5532074 -66.51932526 8
    vertex 25.83113098 -62.36186981 8
  endloop
endfacet
facet normal 0 0 -1
  outer loop
    vertex 17.99765015 -59.33029938 7.900000095
    vertex 17.41707993 -57.41641998 7.900000095
    vertex 20.88717079 -58.37573242 7.900000095
  endloop
endfacet
facet normal 0 0 -1
  outer loop
    vertex 17.41707993 -57.41641998 7.900000095
    vertex 20.21339035 -56.49264526 7.900000095
    vertex 20.88717079 -58.37573242 7.900000095
  endloop
endfacet
facet normal 0 -0 -1
  outer loop
    vertex 20.21339035 -56.49264526 7.900000095
    vertex 23.72637367 -57.28053284 7.900000095
    vertex 20.88717079 -58.37573242 7.900000095
  endloop
endfacet
facet normal 0 0 -1
  outer loop
    vertex 20.21339035 -56.49264526 7.900000095
    vertex 22.96100616 -55.43277359 7.900000095
    vertex 23.72637367 -57.28053284 7.900000095
  endloop
endfacet
facet normal 0 0 -1
  outer loop
    vertex 23.72637367 -57.28053284 7.900000095
    vertex 22.96100616 -55.43277359 7.900000095
    vertex 26.50841522 -56.04733658 7.900000095
  endloop
endfacet
facet normal 0 0 -1
  outer loop
    vertex 22.96100616 -55.43277359 7.900000095
    vertex 25.65330505 -54.23935699 7.900000095
    vertex 26.50841522 -56.04733658 7.900000095
  endloop
endfacet
facet normal 0 -0 -1
  outer loop
    vertex 25.65330505 -54.23935699 7.900000095
    vertex 28.3574791 -55.11659622 7.900000095
    vertex 26.50841522 -56.04733658 7.900000095
  endloop
endfacet
facet normal -0 0 1
  outer loop
    vertex 25.83113098 -62.36186981 8
    vertex 27.5532074 -66.51932526 8
    vertex 30.78396606 -65.08722687 8
  endloop
endfacet
facet normal 0 -0 1
  outer loop
    vertex 30.78396606 -65.08722687 8
    vertex 33.9405632 -63.49832916 8
    vertex 28.85996819 -61.01927567 8
  endloop
endfacet
facet normal -0 -0 1
  outer loop
    vertex 25.83113098 -62.36186981 8
    vertex 30.78396606 -65.08722687 8
    vertex 28.85996819 -61.01927567 8
  endloop
endfacet
facet normal 0 0 -1
  outer loop
    vertex 25.65330505 -54.23935699 7.900000095
    vertex 27.35613823 -53.38222122 7.900000095
    vertex 28.3574791 -55.11659622 7.900000095
  endloop
endfacet
facet normal 0 0 1
  outer loop
    vertex 33.9405632 -63.49832916 8
    vertex 31.81928062 -59.52968597 8
    vertex 28.85996819 -61.01927567 8
  endloop
endfacet
facet normal 0 -0 1
  outer loop
    vertex 33.9405632 -63.49832916 8
    vertex 37.01539612 -61.75645828 8
    vertex 31.81928062 -59.52968597 8
  endloop
endfacet
facet normal -0 -0 1
  outer loop
    vertex 31.81928062 -59.52968597 8
    vertex 37.01539612 -61.75645828 8
    vertex 34.70193481 -57.89668274 8
  endloop
endfacet
facet normal 0.2667125814 -0.9637761145 0
  outer loop
    vertex 16.40116119 -65.47711182 8
    vertex 19.59421539 -64.59347534 8
    vertex 19.59421539 -64.59347534 16
  endloop
endfacet
facet normal 0.3136820701 -0.9495280717 0
  outer loop
    vertex 19.59421539 -64.59347534 8
    vertex 22.74006462 -63.55422592 8
    vertex 22.74006462 -63.55422592 16
  endloop
endfacet
facet normal -0.3136812915 0.9495283289 0
  outer loop
    vertex 17.41707993 -57.41641998 7.900000095
    vertex 17.41707993 -57.41641998 16
    vertex 20.21339035 -56.49264526 7.900000095
  endloop
endfacet
facet normal -0.3598948291 0.9329928788 0
  outer loop
    vertex 20.21339035 -56.49264526 7.900000095
    vertex 20.21339035 -56.49264526 16
    vertex 22.96100616 -55.43277359 7.900000095
  endloop
endfacet
facet normal 0.3598950994 -0.9329927746 0
  outer loop
    vertex 22.74006462 -63.55422592 8
    vertex 25.83113098 -62.36186981 8
    vertex 25.83113098 -62.36186981 16
  endloop
endfacet
facet normal -0.405242045 0.9142094317 0
  outer loop
    vertex 22.96100616 -55.43277359 7.900000095
    vertex 22.96100616 -55.43277359 16
    vertex 25.65330505 -54.23935699 7.900000095
  endloop
endfacet
facet normal 0.4052420586 -0.9142094256 0
  outer loop
    vertex 25.83113098 -62.36186981 8
    vertex 28.85996819 -61.01927567 8
    vertex 28.85996819 -61.01927567 16
  endloop
endfacet
facet normal 0.4496106045 -0.8932246662 0
  outer loop
    vertex 28.85996819 -61.01927567 8
    vertex 31.81928062 -59.52968597 8
    vertex 31.81928062 -59.52968597 16
  endloop
endfacet
facet normal 0.4928981481 -0.8700870161 0
  outer loop
    vertex 31.81928062 -59.52968597 8
    vertex 34.70193481 -57.89668274 8
    vertex 34.70193481 -57.89668274 16
  endloop
endfacet
facet normal 0 0 -1
  outer loop
    vertex 18.52894211 -51.78492355 8
    vertex 19.51685524 -47.11785507 8
    vertex 21.04758835 -50.81337357 8
  endloop
endfacet
facet normal 0 -0 -1
  outer loop
    vertex 17.18138313 -48.01874542 8
    vertex 19.51685524 -47.11785507 8
    vertex 18.52894211 -51.78492355 8
  endloop
endfacet
facet normal 0 0 -1
  outer loop
    vertex 21.04758835 -50.81337357 8
    vertex 19.51685524 -47.11785507 8
    vertex 21.8053093 -46.10345459 8
  endloop
endfacet
facet normal 0 0 -1
  outer loop
    vertex 21.04758835 -50.81337357 8
    vertex 21.8053093 -46.10345459 8
    vertex 23.51552963 -49.71940994 8
  endloop
endfacet
facet normal -0.4496119919 0.8932239679 0
  outer loop
    vertex 25.65330505 -54.23935699 7.900000095
    vertex 27.35613823 -53.38222122 8
    vertex 27.35613823 -53.38222122 7.900000095
  endloop
endfacet
facet normal -0.866025323 -0.5000001398 0
  outer loop
    vertex 24.85278702 -49.04629135 8
    vertex 27.35613823 -53.38222122 7.900000095
    vertex 27.35613823 -53.38222122 8
  endloop
endfacet
facet normal -0 0 1
  outer loop
    vertex 24.85278702 -49.04629135 8
    vertex 27.35613823 -53.38222122 8
    vertex 28.28380394 -52.91527557 8
  endloop
endfacet
facet normal -0 -0 1
  outer loop
    vertex 24.85278702 -49.04629135 8
    vertex 28.28380394 -52.91527557 8
    vertex 25.92682076 -48.50566864 8
  endloop
endfacet
facet normal 0 0 -1
  outer loop
    vertex 23.51552963 -49.71940994 8
    vertex 22.85010719 -45.57754898 8
    vertex 24.85278702 -49.04629135 8
  endloop
endfacet
facet normal 0 0 -1
  outer loop
    vertex 21.8053093 -46.10345459 8
    vertex 22.85010719 -45.57754898 8
    vertex 23.51552963 -49.71940994 8
  endloop
endfacet
facet normal -0 0 1
  outer loop
    vertex 17.40192413 -36.14101791 8
    vertex 22.85010719 -45.57754898 8
    vertex 24.04123306 -44.97798538 8
  endloop
endfacet
facet normal -0 -0 1
  outer loop
    vertex 17.40192413 -36.14101791 8
    vertex 26.21924019 -43.7441597 8
    vertex 22.59807587 -33.14101791 8
  endloop
endfacet
facet normal -0 0 1
  outer loop
    vertex 17.40192413 -36.14101791 8
    vertex 24.04123306 -44.97798538 8
    vertex 26.21924019 -43.7441597 8
  endloop
endfacet
facet normal 0 -0 1
  outer loop
    vertex 26.21924019 -43.7441597 8
    vertex 28.05034447 -42.58462524 8
    vertex 22.59807587 -33.14101791 8
  endloop
endfacet
facet normal -0 0 1
  outer loop
    vertex 25.92682076 -48.50566864 8
    vertex 28.28380394 -52.91527557 8
    vertex 30.8461647 -51.46371841 8
  endloop
endfacet
facet normal 0 -0 1
  outer loop
    vertex 30.8461647 -51.46371841 8
    vertex 32.55275345 -50.38302994 8
    vertex 28.27565002 -47.17507172 8
  endloop
endfacet
facet normal -0 -0 1
  outer loop
    vertex 25.92682076 -48.50566864 8
    vertex 30.8461647 -51.46371841 8
    vertex 28.27565002 -47.17507172 8
  endloop
endfacet
facet normal -0 -0 1
  outer loop
    vertex 28.27565002 -47.17507172 8
    vertex 32.55275345 -50.38302994 8
    vertex 30.05141449 -46.05058289 8
  endloop
endfacet
facet normal 0 0 -1
  outer loop
    vertex 33.55329132 -52.11600876 7.900000095
    vertex 32.55275345 -50.38302994 7.900000095
    vertex 33.33421326 -49.88817596 7.900000095
  endloop
endfacet
facet normal -0.5349976255 0.8448535617 0
  outer loop
    vertex 32.55275345 -50.38302994 7.900000095
    vertex 32.55275345 -50.38302994 8
    vertex 33.33421326 -49.88817596 7.900000095
  endloop
endfacet
facet normal 0 0 -1
  outer loop
    vertex 33.55329132 -52.11600876 7.900000095
    vertex 33.33421326 -49.88817596 7.900000095
    vertex 34.44535446 -51.55111694 7.900000095
  endloop
endfacet
facet normal 0 -0 -1
  outer loop
    vertex 33.33421326 -49.88817596 7.900000095
    vertex 36.93335724 -49.79886627 7.900000095
    vertex 34.44535446 -51.55111694 7.900000095
  endloop
endfacet
facet normal 0.8660254482 0.4999999231 0
  outer loop
    vertex 30.05141449 -46.05058289 8
    vertex 32.55275345 -50.38302994 8
    vertex 32.55275345 -50.38302994 7.900000095
  endloop
endfacet
facet normal 0 0 -1
  outer loop
    vertex 33.33421326 -49.88817596 7.900000095
    vertex 35.74195862 -48.19245148 7.900000095
    vertex 36.93335724 -49.79886627 7.900000095
  endloop
endfacet
facet normal 0 0 -1
  outer loop
    vertex 30.05141449 -46.05058289 8
    vertex 28.05034447 -42.58462524 8
    vertex 28.33408165 -42.40494919 8
  endloop
endfacet
facet normal 0 0 -1
  outer loop
    vertex 30.05141449 -46.05058289 8
    vertex 28.33408165 -42.40494919 8
    vertex 30.55636215 -45.73082733 8
  endloop
endfacet
facet normal 0 0 -1
  outer loop
    vertex 30.55636215 -45.73082733 8
    vertex 28.33408165 -42.40494919 8
    vertex 30.38066483 -40.9635849 8
  endloop
endfacet
facet normal 0 0 -1
  outer loop
    vertex 30.55636215 -45.73082733 8
    vertex 30.38066483 -40.9635849 8
    vertex 32.76346207 -44.17641449 8
  endloop
endfacet
facet normal 0 0 -1
  outer loop
    vertex 30.38066483 -40.9635849 8
    vertex 32.35405731 -39.42353439 8
    vertex 32.76346207 -44.17641449 8
  endloop
endfacet
facet normal 0 0 -1
  outer loop
    vertex 32.76346207 -44.17641449 8
    vertex 32.35405731 -39.42353439 8
    vertex 34.89163208 -42.51557541 8
  endloop
endfacet
facet normal 0 0 -1
  outer loop
    vertex 34.89163208 -42.51557541 8
    vertex 32.35405731 -39.42353439 8
    vertex 34.2495079 -37.78850555 8
  endloop
endfacet
facet normal 0 0 -1
  outer loop
    vertex 34.89163208 -42.51557541 8
    vertex 34.2495079 -37.78850555 8
    vertex 36.93574142 -40.75231171 8
  endloop
endfacet
facet normal 0 0 -1
  outer loop
    vertex 34.2495079 -37.78850555 8
    vertex 36.06244659 -36.06244659 8
    vertex 36.93574142 -40.75231171 8
  endloop
endfacet
facet normal 0.3598953343 -0.932992684 0
  outer loop
    vertex 18.52894211 -51.78492355 8
    vertex 21.04758835 -50.81337357 8
    vertex 18.52894211 -51.78492355 11.5
  endloop
endfacet
facet normal 0.4052414656 -0.9142096885 0
  outer loop
    vertex 21.04758835 -50.81337357 8
    vertex 23.51552963 -49.71940994 8
    vertex 21.04758835 -50.81337357 11.5
  endloop
endfacet
facet normal -0.405240835 0.914209968 0
  outer loop
    vertex 19.51685524 -47.11785507 8
    vertex 19.51685524 -47.11785507 11.5
    vertex 21.8053093 -46.10345459 8
  endloop
endfacet
facet normal -0.4496103357 0.8932248015 0
  outer loop
    vertex 21.8053093 -46.10345459 8
    vertex 21.8053093 -46.10345459 11.5
    vertex 22.85010719 -45.57754898 8
  endloop
endfacet
facet normal 0.4496112176 -0.8932243576 0
  outer loop
    vertex 23.51552963 -49.71940994 8
    vertex 24.85278702 -49.04629135 8
    vertex 23.51552963 -49.71940994 11.5
  endloop
endfacet
facet normal -0.44961206 0.8932239336 -6.451464697e-07
  outer loop
    vertex 22.85010719 -45.57754898 8
    vertex 21.8053093 -46.10345459 11.5
    vertex 24.04123306 -44.97798538 8
  endloop
endfacet
facet normal 0.4496110375 -0.8932244482 -8.626072756e-08
  outer loop
    vertex 24.85278702 -49.04629135 8
    vertex 25.92682076 -48.50566864 8
    vertex 23.51552963 -49.71940994 11.5
  endloop
endfacet
facet normal 0.4928986348 -0.8700867404 0
  outer loop
    vertex 25.92682076 -48.50566864 8
    vertex 28.27565002 -47.17507172 8
    vertex 25.92682076 -48.50566864 11.5
  endloop
endfacet
facet normal 0.3598953343 -0.932992684 0
  outer loop
    vertex 21.04758835 -50.81337357 8
    vertex 21.04758835 -50.81337357 11.5
    vertex 18.52894211 -51.78492355 11.5
  endloop
endfacet
facet normal -0.3598948092 0.9329928865 0
  outer loop
    vertex 19.51685524 -47.11785507 8
    vertex 17.18138313 -48.01874542 11.5
    vertex 19.51685524 -47.11785507 11.5
  endloop
endfacet
facet normal -0.405240835 0.914209968 0
  outer loop
    vertex 21.8053093 -46.10345459 8
    vertex 19.51685524 -47.11785507 11.5
    vertex 21.8053093 -46.10345459 11.5
  endloop
endfacet
facet normal 0.4052414656 -0.9142096885 0
  outer loop
    vertex 23.51552963 -49.71940994 8
    vertex 23.51552963 -49.71940994 11.5
    vertex 21.04758835 -50.81337357 11.5
  endloop
endfacet
facet normal -0.4496119919 0.8932239679 0
  outer loop
    vertex 25.65330505 -54.23935699 7.900000095
    vertex 25.65330505 -54.23935699 16
    vertex 27.35613823 -53.38222122 8
  endloop
endfacet
facet normal -0.4496112543 0.8932243391 0
  outer loop
    vertex 24.04123306 -44.97798538 8
    vertex 21.8053093 -46.10345459 11.5
    vertex 24.04123306 -44.97798538 11.5
  endloop
endfacet
facet normal 0.4496111374 -0.893224398 0
  outer loop
    vertex 25.92682076 -48.50566864 8
    vertex 25.92682076 -48.50566864 11.5
    vertex 23.51552963 -49.71940994 11.5
  endloop
endfacet
facet normal -0.492898158 0.8700870105 0
  outer loop
    vertex 24.04123306 -44.97798538 8
    vertex 24.04123306 -44.97798538 11.5
    vertex 26.21924019 -43.7441597 8
  endloop
endfacet
facet normal -0.5349977707 0.8448534697 0
  outer loop
    vertex 26.21924019 -43.7441597 8
    vertex 26.21924019 -43.7441597 11.5
    vertex 28.05034447 -42.58462524 8
  endloop
endfacet
facet normal -0.492898158 0.8700870105 0
  outer loop
    vertex 26.21924019 -43.7441597 8
    vertex 24.04123306 -44.97798538 11.5
    vertex 26.21924019 -43.7441597 11.5
  endloop
endfacet
facet normal 0.5349970713 -0.8448539127 0
  outer loop
    vertex 28.27565002 -47.17507172 8
    vertex 30.05141449 -46.05058289 8
    vertex 28.27565002 -47.17507172 11.5
  endloop
endfacet
facet normal 0.5349987825 -0.8448528291 1.216332875e-06
  outer loop
    vertex 30.05141449 -46.05058289 8
    vertex 30.55636215 -45.73082733 8
    vertex 28.27565002 -47.17507172 11.5
  endloop
endfacet
facet normal 0.5758076229 -0.8175852136 0
  outer loop
    vertex 30.55636215 -45.73082733 8
    vertex 32.76346207 -44.17641449 8
    vertex 30.55636215 -45.73082733 11.5
  endloop
endfacet
facet normal -0.4496097701 0.8932250862 5.927168264e-07
  outer loop
    vertex 27.35613823 -53.38222122 8
    vertex 25.65330505 -54.23935699 16
    vertex 28.28380394 -52.91527557 8
  endloop
endfacet
facet normal -0.4928976052 0.8700873237 0
  outer loop
    vertex 28.28380394 -52.91527557 8
    vertex 28.28380394 -52.91527557 16
    vertex 30.8461647 -51.46371841 8
  endloop
endfacet
facet normal -0.5349987055 0.8448528778 0
  outer loop
    vertex 30.8461647 -51.46371841 8
    vertex 30.8461647 -51.46371841 16
    vertex 32.55275345 -50.38302994 8
  endloop
endfacet
facet normal 0.4928986348 -0.8700867404 0
  outer loop
    vertex 28.27565002 -47.17507172 8
    vertex 28.27565002 -47.17507172 11.5
    vertex 25.92682076 -48.50566864 11.5
  endloop
endfacet
facet normal 0.5349974501 -0.8448536727 0
  outer loop
    vertex 30.55636215 -45.73082733 8
    vertex 30.55636215 -45.73082733 11.5
    vertex 28.27565002 -47.17507172 11.5
  endloop
endfacet
facet normal -0.5349975952 0.8448535809 3.318159697e-07
  outer loop
    vertex 32.55275345 -50.38302994 8
    vertex 30.8461647 -51.46371841 16
    vertex 33.33421326 -49.88817596 7.900000095
  endloop
endfacet
facet normal -0.5758079377 0.8175849918 0
  outer loop
    vertex 33.33421326 -49.88817596 7.900000095
    vertex 33.33421326 -49.88817596 16
    vertex 35.74195862 -48.19245148 7.900000095
  endloop
endfacet
facet normal -0.5350007369 0.8448515914 -2.174067121e-06
  outer loop
    vertex 28.05034447 -42.58462524 8
    vertex 26.21924019 -43.7441597 11.5
    vertex 28.33408165 -42.40494919 8
  endloop
endfacet
facet normal -0.575807602 0.8175852283 0
  outer loop
    vertex 28.33408165 -42.40494919 8
    vertex 28.33408165 -42.40494919 11.5
    vertex 30.38066483 -40.9635849 8
  endloop
endfacet
facet normal -0.6152315644 0.7883464481 0
  outer loop
    vertex 30.38066483 -40.9635849 8
    vertex 30.38066483 -40.9635849 11.5
    vertex 32.35405731 -39.42353439 8
  endloop
endfacet
facet normal 0.6152313376 -0.788346625 0
  outer loop
    vertex 32.76346207 -44.17641449 8
    vertex 34.89163208 -42.51557541 8
    vertex 32.76346207 -44.17641449 11.5
  endloop
endfacet
facet normal 0.6531734495 -0.7572083233 0
  outer loop
    vertex 34.89163208 -42.51557541 8
    vertex 36.93574142 -40.75231171 8
    vertex 34.89163208 -42.51557541 11.5
  endloop
endfacet
facet normal -0.6531732814 0.7572084683 0
  outer loop
    vertex 32.35405731 -39.42353439 8
    vertex 32.35405731 -39.42353439 11.5
    vertex 34.2495079 -37.78850555 8
  endloop
endfacet
facet normal -0.6895400919 0.7242475141 0
  outer loop
    vertex 34.2495079 -37.78850555 8
    vertex 34.2495079 -37.78850555 11.5
    vertex 36.06244659 -36.06244659 8
  endloop
endfacet
facet normal -0.5349981687 0.8448532177 0
  outer loop
    vertex 28.33408165 -42.40494919 8
    vertex 26.21924019 -43.7441597 11.5
    vertex 28.33408165 -42.40494919 11.5
  endloop
endfacet
facet normal -0.575807602 0.8175852283 0
  outer loop
    vertex 30.38066483 -40.9635849 8
    vertex 28.33408165 -42.40494919 11.5
    vertex 30.38066483 -40.9635849 11.5
  endloop
endfacet
facet normal 0.5758076229 -0.8175852136 0
  outer loop
    vertex 32.76346207 -44.17641449 8
    vertex 32.76346207 -44.17641449 11.5
    vertex 30.55636215 -45.73082733 11.5
  endloop
endfacet
facet normal 0.6152313376 -0.788346625 0
  outer loop
    vertex 34.89163208 -42.51557541 8
    vertex 34.89163208 -42.51557541 11.5
    vertex 32.76346207 -44.17641449 11.5
  endloop
endfacet
facet normal -0.6152315644 0.7883464481 0
  outer loop
    vertex 32.35405731 -39.42353439 8
    vertex 30.38066483 -40.9635849 11.5
    vertex 32.35405731 -39.42353439 11.5
  endloop
endfacet
facet normal -0.6531732814 0.7572084683 0
  outer loop
    vertex 34.2495079 -37.78850555 8
    vertex 32.35405731 -39.42353439 11.5
    vertex 34.2495079 -37.78850555 11.5
  endloop
endfacet
facet normal -0.6895400919 0.7242475141 0
  outer loop
    vertex 34.2495079 -37.78850555 11.5
    vertex 36.06244659 -36.06244659 11.5
    vertex 36.06244659 -36.06244659 8
  endloop
endfacet
facet normal 0.07356507665 -0.9972904188 -6.174017288e-07
  outer loop
    vertex 3.312067986 -67.41869354 8
    vertex 6.616157055 -67.17497253 16
    vertex 4 -67.36795044 11.5
  endloop
endfacet
facet normal 0.122410992 -0.9924794955 0
  outer loop
    vertex 6.616157055 -67.17497253 8
    vertex 9.904307365 -66.76941681 16
    vertex 6.616157055 -67.17497253 16
  endloop
endfacet
facet normal -0.02454144033 0.9996988135 0
  outer loop
    vertex -1.102182141e-14 -60 16
    vertex 2.944060564 -59.92772675 16
    vertex 2.944060564 -59.92772675 8
  endloop
endfacet
facet normal -0.07356473438 0.9972904441 0
  outer loop
    vertex 5.881028652 -59.71108246 8
    vertex 2.944060564 -59.92772675 16
    vertex 5.881028652 -59.71108246 16
  endloop
endfacet
facet normal -0.1224105951 0.9924795445 0
  outer loop
    vertex 8.803828239 -59.35058975 8
    vertex 5.881028652 -59.71108246 16
    vertex 8.803828239 -59.35058975 16
  endloop
endfacet
facet normal 0.1709636539 -0.9852773361 0
  outer loop
    vertex 9.904307365 -66.76941681 8
    vertex 13.16859627 -66.20300293 16
    vertex 9.904307365 -66.76941681 16
  endloop
endfacet
facet normal 0.2190996266 -0.9757024924 0
  outer loop
    vertex 13.16859627 -66.20300293 8
    vertex 16.40116119 -65.47711182 16
    vertex 13.16859627 -66.20300293 16
  endloop
endfacet
facet normal 0.2667125814 -0.9637761145 0
  outer loop
    vertex 16.40116119 -65.47711182 8
    vertex 19.59421539 -64.59347534 16
    vertex 16.40116119 -65.47711182 16
  endloop
endfacet
facet normal -0.1709610723 0.9852777841 0
  outer loop
    vertex 11.70541954 -58.84711838 8
    vertex 8.803828239 -59.35058975 16
    vertex 11.70541954 -58.84711838 16
  endloop
endfacet
facet normal -0.2191022223 0.9757019095 0
  outer loop
    vertex 14.57881069 -58.20187378 7.900000095
    vertex 11.70541954 -58.84711838 16
    vertex 14.57881069 -58.20187378 16
  endloop
endfacet
facet normal -0.2667124158 0.9637761603 0
  outer loop
    vertex 17.41707993 -57.41641998 7.900000095
    vertex 14.57881069 -58.20187378 16
    vertex 17.41707993 -57.41641998 16
  endloop
endfacet
facet normal 0.02454115376 -0.9996988205 0
  outer loop
    vertex -1.239954845e-14 -67.5 16
    vertex -1.239954845e-14 -67.5 14
    vertex 3.312067986 -67.41869354 14
  endloop
endfacet
facet normal 0.07356195249 -0.9972906493 0
  outer loop
    vertex 3.312067986 -67.41869354 16
    vertex 3.312067986 -67.41869354 14
    vertex 4 -67.36795044 14
  endloop
endfacet
facet normal 0.07356402042 -0.9972904967 0
  outer loop
    vertex 6.616157055 -67.17497253 16
    vertex 4 -67.36795044 14
    vertex 4 -67.36795044 11.5
  endloop
endfacet
facet normal 0.02454115376 -0.9996988205 0
  outer loop
    vertex -1.239954845e-14 -67.5 16
    vertex 3.312067986 -67.41869354 14
    vertex 3.312067986 -67.41869354 16
  endloop
endfacet
facet normal 0 -0 1
  outer loop
    vertex -1.239954845e-14 -67.5 16
    vertex 3.312067986 -67.41869354 16
    vertex -1.102182141e-14 -60 16
  endloop
endfacet
facet normal 0 -0 1
  outer loop
    vertex 3.312067986 -67.41869354 16
    vertex 6.616157055 -67.17497253 16
    vertex 2.944060564 -59.92772675 16
  endloop
endfacet
facet normal 0.07356358986 -0.9972905285 5.662654782e-07
  outer loop
    vertex 3.312067986 -67.41869354 16
    vertex 4 -67.36795044 14
    vertex 6.616157055 -67.17497253 16
  endloop
endfacet
facet normal 0 -0 1
  outer loop
    vertex 6.616157055 -67.17497253 16
    vertex 9.904307365 -66.76941681 16
    vertex 5.881028652 -59.71108246 16
  endloop
endfacet
facet normal -0 -0 1
  outer loop
    vertex -1.102182141e-14 -60 16
    vertex 3.312067986 -67.41869354 16
    vertex 2.944060564 -59.92772675 16
  endloop
endfacet
facet normal 0 0 1
  outer loop
    vertex 6.616157055 -67.17497253 16
    vertex 5.881028652 -59.71108246 16
    vertex 2.944060564 -59.92772675 16
  endloop
endfacet
facet normal -0 -0 1
  outer loop
    vertex 5.881028652 -59.71108246 16
    vertex 9.904307365 -66.76941681 16
    vertex 8.803828239 -59.35058975 16
  endloop
endfacet
facet normal -0 0 1
  outer loop
    vertex 8.803828239 -59.35058975 16
    vertex 9.904307365 -66.76941681 16
    vertex 13.16859627 -66.20300293 16
  endloop
endfacet
facet normal 0 -0 1
  outer loop
    vertex 13.16859627 -66.20300293 16
    vertex 16.40116119 -65.47711182 16
    vertex 11.70541954 -58.84711838 16
  endloop
endfacet
facet normal -0 -0 1
  outer loop
    vertex 8.803828239 -59.35058975 16
    vertex 13.16859627 -66.20300293 16
    vertex 11.70541954 -58.84711838 16
  endloop
endfacet
facet normal 0 0 1
  outer loop
    vertex 16.40116119 -65.47711182 16
    vertex 14.57881069 -58.20187378 16
    vertex 11.70541954 -58.84711838 16
  endloop
endfacet
facet normal 0 -0 1
  outer loop
    vertex 16.40116119 -65.47711182 16
    vertex 19.59421539 -64.59347534 16
    vertex 14.57881069 -58.20187378 16
  endloop
endfacet
facet normal -0 -0 1
  outer loop
    vertex 14.57881069 -58.20187378 16
    vertex 19.59421539 -64.59347534 16
    vertex 17.41707993 -57.41641998 16
  endloop
endfacet
facet normal 0 -0 1
  outer loop
    vertex -1.010333615e-14 -55 11.5
    vertex 2.698722124 -54.93375015 11.5
    vertex -9.368547774e-15 -51 11.5
  endloop
endfacet
facet normal -0 -0 1
  outer loop
    vertex -9.368547774e-15 -51 11.5
    vertex 2.698722124 -54.93375015 11.5
    vertex 2.50245142 -50.93856812 11.5
  endloop
endfacet
facet normal 0 -0 1
  outer loop
    vertex 2.698722124 -54.93375015 11.5
    vertex 5.390942574 -54.73516083 11.5
    vertex 2.50245142 -50.93856812 11.5
  endloop
endfacet
facet normal 0 0 1
  outer loop
    vertex 5.390942574 -54.73516083 11.5
    vertex 4.998874187 -50.75442123 11.5
    vertex 2.50245142 -50.93856812 11.5
  endloop
endfacet
facet normal 0 -0 1
  outer loop
    vertex 5.390942574 -54.73516083 11.5
    vertex 8.070176125 -54.40470886 11.5
    vertex 4.998874187 -50.75442123 11.5
  endloop
endfacet
facet normal 0 0 1
  outer loop
    vertex 8.070176125 -54.40470886 11.5
    vertex 7.483254433 -50.44800186 11.5
    vertex 4.998874187 -50.75442123 11.5
  endloop
endfacet
facet normal 0 -0 1
  outer loop
    vertex 8.070176125 -54.40470886 11.5
    vertex 10.72996807 -53.94319153 11.5
    vertex 7.483254433 -50.44800186 11.5
  endloop
endfacet
facet normal -0 -0 1
  outer loop
    vertex 7.483254433 -50.44800186 11.5
    vertex 10.72996807 -53.94319153 11.5
    vertex 9.949606895 -50.02005005 11.5
  endloop
endfacet
facet normal 0 -0 1
  outer loop
    vertex 10.72996807 -53.94319153 11.5
    vertex 13.36390972 -53.3517189 11.5
    vertex 9.949606895 -50.02005005 11.5
  endloop
endfacet
facet normal -0 -0 1
  outer loop
    vertex 9.949606895 -50.02005005 11.5
    vertex 13.36390972 -53.3517189 11.5
    vertex 12.39198875 -49.47159576 11.5
  endloop
endfacet
facet normal 0 -0 1
  outer loop
    vertex 13.36390972 -53.3517189 11.5
    vertex 15.96565723 -52.63171768 11.5
    vertex 12.39198875 -49.47159576 11.5
  endloop
endfacet
facet normal -0 -0 1
  outer loop
    vertex 12.39198875 -49.47159576 11.5
    vertex 15.96565723 -52.63171768 11.5
    vertex 14.8045187 -48.80395889 11.5
  endloop
endfacet
facet normal 0 -0 1
  outer loop
    vertex 15.96565723 -52.63171768 11.5
    vertex 18.52894211 -51.78492355 11.5
    vertex 14.8045187 -48.80395889 11.5
  endloop
endfacet
facet normal -0 -0 1
  outer loop
    vertex 14.8045187 -48.80395889 11.5
    vertex 18.52894211 -51.78492355 11.5
    vertex 17.18138313 -48.01874542 11.5
  endloop
endfacet
facet normal 0.3136820701 -0.9495280717 0
  outer loop
    vertex 19.59421539 -64.59347534 8
    vertex 22.74006462 -63.55422592 16
    vertex 19.59421539 -64.59347534 16
  endloop
endfacet
facet normal 0.3598950994 -0.9329927746 0
  outer loop
    vertex 22.74006462 -63.55422592 8
    vertex 25.83113098 -62.36186981 16
    vertex 22.74006462 -63.55422592 16
  endloop
endfacet
facet normal -0.3136812915 0.9495283289 0
  outer loop
    vertex 20.21339035 -56.49264526 7.900000095
    vertex 17.41707993 -57.41641998 16
    vertex 20.21339035 -56.49264526 16
  endloop
endfacet
facet normal -0.3598948291 0.9329928788 0
  outer loop
    vertex 22.96100616 -55.43277359 7.900000095
    vertex 20.21339035 -56.49264526 16
    vertex 22.96100616 -55.43277359 16
  endloop
endfacet
facet normal 0.4052420586 -0.9142094256 0
  outer loop
    vertex 25.83113098 -62.36186981 8
    vertex 28.85996819 -61.01927567 16
    vertex 25.83113098 -62.36186981 16
  endloop
endfacet
facet normal -0.405242045 0.9142094317 0
  outer loop
    vertex 25.65330505 -54.23935699 7.900000095
    vertex 22.96100616 -55.43277359 16
    vertex 25.65330505 -54.23935699 16
  endloop
endfacet
facet normal 0.4496106045 -0.8932246662 0
  outer loop
    vertex 28.85996819 -61.01927567 8
    vertex 31.81928062 -59.52968597 16
    vertex 28.85996819 -61.01927567 16
  endloop
endfacet
facet normal 0.4928981481 -0.8700870161 0
  outer loop
    vertex 31.81928062 -59.52968597 8
    vertex 34.70193481 -57.89668274 16
    vertex 31.81928062 -59.52968597 16
  endloop
endfacet
facet normal 0.5349977328 -0.8448534937 0
  outer loop
    vertex 34.70193481 -57.89668274 8
    vertex 37.50099182 -56.12419891 16
    vertex 34.70193481 -57.89668274 16
  endloop
endfacet
facet normal -0 0 1
  outer loop
    vertex 17.41707993 -57.41641998 16
    vertex 19.59421539 -64.59347534 16
    vertex 22.74006462 -63.55422592 16
  endloop
endfacet
facet normal -0 -0 1
  outer loop
    vertex 17.41707993 -57.41641998 16
    vertex 22.74006462 -63.55422592 16
    vertex 20.21339035 -56.49264526 16
  endloop
endfacet
facet normal 0 -0 1
  outer loop
    vertex 22.74006462 -63.55422592 16
    vertex 25.83113098 -62.36186981 16
    vertex 20.21339035 -56.49264526 16
  endloop
endfacet
facet normal 0 -0 1
  outer loop
    vertex 25.83113098 -62.36186981 16
    vertex 28.85996819 -61.01927567 16
    vertex 22.96100616 -55.43277359 16
  endloop
endfacet
facet normal -0 -0 1
  outer loop
    vertex 20.21339035 -56.49264526 16
    vertex 25.83113098 -62.36186981 16
    vertex 22.96100616 -55.43277359 16
  endloop
endfacet
facet normal -0 -0 1
  outer loop
    vertex 22.96100616 -55.43277359 16
    vertex 28.85996819 -61.01927567 16
    vertex 25.65330505 -54.23935699 16
  endloop
endfacet
facet normal -0 0 1
  outer loop
    vertex 25.65330505 -54.23935699 16
    vertex 28.85996819 -61.01927567 16
    vertex 31.81928062 -59.52968597 16
  endloop
endfacet
facet normal -0 -0 1
  outer loop
    vertex 25.65330505 -54.23935699 16
    vertex 31.81928062 -59.52968597 16
    vertex 28.28380394 -52.91527557 16
  endloop
endfacet
facet normal 0 0 1
  outer loop
    vertex 34.70193481 -57.89668274 16
    vertex 30.8461647 -51.46371841 16
    vertex 28.28380394 -52.91527557 16
  endloop
endfacet
facet normal 0 -0 1
  outer loop
    vertex 31.81928062 -59.52968597 16
    vertex 34.70193481 -57.89668274 16
    vertex 28.28380394 -52.91527557 16
  endloop
endfacet
facet normal 0 -0 1
  outer loop
    vertex 34.70193481 -57.89668274 16
    vertex 37.50099182 -56.12419891 16
    vertex 30.8461647 -51.46371841 16
  endloop
endfacet
facet normal -0 0 1
  outer loop
    vertex 17.18138313 -48.01874542 11.5
    vertex 18.52894211 -51.78492355 11.5
    vertex 21.04758835 -50.81337357 11.5
  endloop
endfacet
facet normal -0 -0 1
  outer loop
    vertex 17.18138313 -48.01874542 11.5
    vertex 21.04758835 -50.81337357 11.5
    vertex 19.51685524 -47.11785507 11.5
  endloop
endfacet
facet normal 0 -0 1
  outer loop
    vertex 21.04758835 -50.81337357 11.5
    vertex 23.51552963 -49.71940994 11.5
    vertex 19.51685524 -47.11785507 11.5
  endloop
endfacet
facet normal -0 -0 1
  outer loop
    vertex 19.51685524 -47.11785507 11.5
    vertex 23.51552963 -49.71940994 11.5
    vertex 21.8053093 -46.10345459 11.5
  endloop
endfacet
facet normal -0 0 1
  outer loop
    vertex 21.8053093 -46.10345459 11.5
    vertex 23.51552963 -49.71940994 11.5
    vertex 25.92682076 -48.50566864 11.5
  endloop
endfacet
facet normal -0 -0 1
  outer loop
    vertex 21.8053093 -46.10345459 11.5
    vertex 25.92682076 -48.50566864 11.5
    vertex 24.04123306 -44.97798538 11.5
  endloop
endfacet
facet normal 0 -0 1
  outer loop
    vertex 25.92682076 -48.50566864 11.5
    vertex 28.27565002 -47.17507172 11.5
    vertex 24.04123306 -44.97798538 11.5
  endloop
endfacet
facet normal -0 -0 1
  outer loop
    vertex 24.04123306 -44.97798538 11.5
    vertex 28.27565002 -47.17507172 11.5
    vertex 26.21924019 -43.7441597 11.5
  endloop
endfacet
facet normal -0 0 1
  outer loop
    vertex 26.21924019 -43.7441597 11.5
    vertex 28.27565002 -47.17507172 11.5
    vertex 30.55636215 -45.73082733 11.5
  endloop
endfacet
facet normal -0.4496112084 0.8932243623 0
  outer loop
    vertex 28.28380394 -52.91527557 8
    vertex 25.65330505 -54.23935699 16
    vertex 28.28380394 -52.91527557 16
  endloop
endfacet
facet normal -0.4928976052 0.8700873237 0
  outer loop
    vertex 30.8461647 -51.46371841 8
    vertex 28.28380394 -52.91527557 16
    vertex 30.8461647 -51.46371841 16
  endloop
endfacet
facet normal -0.5349983663 0.8448530926 0
  outer loop
    vertex 33.33421326 -49.88817596 7.900000095
    vertex 30.8461647 -51.46371841 16
    vertex 33.33421326 -49.88817596 16
  endloop
endfacet
facet normal -0.5758079377 0.8175849918 0
  outer loop
    vertex 35.74195862 -48.19245148 7.900000095
    vertex 33.33421326 -49.88817596 16
    vertex 35.74195862 -48.19245148 16
  endloop
endfacet
facet normal -0 -0 1
  outer loop
    vertex 26.21924019 -43.7441597 11.5
    vertex 30.55636215 -45.73082733 11.5
    vertex 28.33408165 -42.40494919 11.5
  endloop
endfacet
facet normal 0 -0 1
  outer loop
    vertex 30.55636215 -45.73082733 11.5
    vertex 32.76346207 -44.17641449 11.5
    vertex 28.33408165 -42.40494919 11.5
  endloop
endfacet
facet normal -0 -0 1
  outer loop
    vertex 28.33408165 -42.40494919 11.5
    vertex 32.76346207 -44.17641449 11.5
    vertex 30.38066483 -40.9635849 11.5
  endloop
endfacet
facet normal -0 -0 1
  outer loop
    vertex 30.38066483 -40.9635849 11.5
    vertex 34.89163208 -42.51557541 11.5
    vertex 32.35405731 -39.42353439 11.5
  endloop
endfacet
facet normal -0 0 1
  outer loop
    vertex 30.38066483 -40.9635849 11.5
    vertex 32.76346207 -44.17641449 11.5
    vertex 34.89163208 -42.51557541 11.5
  endloop
endfacet
facet normal 0 -0 1
  outer loop
    vertex 34.89163208 -42.51557541 11.5
    vertex 36.93574142 -40.75231171 11.5
    vertex 32.35405731 -39.42353439 11.5
  endloop
endfacet
facet normal -0 -0 1
  outer loop
    vertex 32.35405731 -39.42353439 11.5
    vertex 36.93574142 -40.75231171 11.5
    vertex 34.2495079 -37.78850555 11.5
  endloop
endfacet
facet normal -0 -0 1
  outer loop
    vertex 30.8461647 -51.46371841 16
    vertex 37.50099182 -56.12419891 16
    vertex 33.33421326 -49.88817596 16
  endloop
endfacet
facet normal -0 0 1
  outer loop
    vertex 34.70193481 -57.89668274 8
    vertex 37.01539612 -61.75645828 8
    vertex 40.00105667 -59.86581039 8
  endloop
endfacet
facet normal -0 -0 1
  outer loop
    vertex 34.70193481 -57.89668274 8
    vertex 40.00105667 -59.86581039 8
    vertex 37.50099182 -56.12419891 8
  endloop
endfacet
facet normal 0 -0 1
  outer loop
    vertex 40.00105667 -59.86581039 8
    vertex 42.89035034 -57.83094406 8
    vertex 37.50099182 -56.12419891 8
  endloop
endfacet
facet normal -0 -0 1
  outer loop
    vertex 37.50099182 -56.12419891 8
    vertex 42.89035034 -57.83094406 8
    vertex 40.20970154 -54.21650696 8
  endloop
endfacet
facet normal -0 0 1
  outer loop
    vertex 40.20970154 -54.21650696 8
    vertex 42.89035034 -57.83094406 8
    vertex 45.67631531 -55.65675354 8
  endloop
endfacet
facet normal -0 -0 1
  outer loop
    vertex 40.20970154 -54.21650696 8
    vertex 45.67631531 -55.65675354 8
    vertex 42.82154846 -52.1782074 8
  endloop
endfacet
facet normal 0.5349977328 -0.8448534937 0
  outer loop
    vertex 34.70193481 -57.89668274 8
    vertex 37.50099182 -56.12419891 8
    vertex 37.50099182 -56.12419891 16
  endloop
endfacet
facet normal 0.5758088646 -0.817584339 0
  outer loop
    vertex 37.50099182 -56.12419891 8
    vertex 40.20970154 -54.21650696 8
    vertex 40.20970154 -54.21650696 16
  endloop
endfacet
facet normal 0 -0 -1
  outer loop
    vertex 35.74195862 -48.19245148 7.900000095
    vertex 39.3323822 -47.92664719 7.900000095
    vertex 36.93335724 -49.79886627 7.900000095
  endloop
endfacet
facet normal 0 0 -1
  outer loop
    vertex 35.74195862 -48.19245148 7.900000095
    vertex 38.06359863 -46.38062668 7.900000095
    vertex 39.3323822 -47.92664719 7.900000095
  endloop
endfacet
facet normal 0 -0 -1
  outer loop
    vertex 38.06359863 -46.38062668 7.900000095
    vertex 41.6366539 -45.93896866 7.900000095
    vertex 39.3323822 -47.92664719 7.900000095
  endloop
endfacet
facet normal 0 0 -1
  outer loop
    vertex 38.06359863 -46.38062668 7.900000095
    vertex 40.29353714 -44.4570694 7.900000095
    vertex 41.6366539 -45.93896866 7.900000095
  endloop
endfacet
facet normal 0 0 -1
  outer loop
    vertex 36.93574142 -40.75231171 8
    vertex 36.06244659 -36.06244659 8
    vertex 38.89087296 -38.89087296 8
  endloop
endfacet
facet normal 0 0 -1
  outer loop
    vertex 36.06244659 -36.06244659 8
    vertex 37.78850555 -34.2495079 8
    vertex 38.89087296 -38.89087296 8
  endloop
endfacet
facet normal 0 0 -1
  outer loop
    vertex 38.89087296 -38.89087296 8
    vertex 37.78850555 -34.2495079 8
    vertex 40.75231171 -36.93574142 8
  endloop
endfacet
facet normal 0 0 -1
  outer loop
    vertex 41.6366539 -45.93896866 7.900000095
    vertex 40.29353714 -44.4570694 7.900000095
    vertex 43.84062195 -43.84062195 7.900000095
  endloop
endfacet
facet normal 0 0 -1
  outer loop
    vertex 40.29353714 -44.4570694 7.900000095
    vertex 42.42640686 -42.42640686 7.900000095
    vertex 43.84062195 -43.84062195 7.900000095
  endloop
endfacet
facet normal 0 -0 -1
  outer loop
    vertex 42.42640686 -42.42640686 7.900000095
    vertex 45.93896866 -41.6366539 7.900000095
    vertex 43.84062195 -43.84062195 7.900000095
  endloop
endfacet
facet normal 0 0 -1
  outer loop
    vertex 42.42640686 -42.42640686 7.900000095
    vertex 44.4570694 -40.29353714 7.900000095
    vertex 45.93896866 -41.6366539 7.900000095
  endloop
endfacet
facet normal 0 -0 1
  outer loop
    vertex 45.67631531 -55.65675354 8
    vertex 48.35224533 -53.34848022 8
    vertex 42.82154846 -52.1782074 8
  endloop
endfacet
facet normal -0 -0 1
  outer loop
    vertex 42.82154846 -52.1782074 8
    vertex 48.35224533 -53.34848022 8
    vertex 45.33023071 -50.01420212 8
  endloop
endfacet
facet normal -0 0 1
  outer loop
    vertex 45.33023071 -50.01420212 8
    vertex 48.35224533 -53.34848022 8
    vertex 50.91168976 -50.91168976 8
  endloop
endfacet
facet normal -0 -0 1
  outer loop
    vertex 45.33023071 -50.01420212 8
    vertex 50.91168976 -50.91168976 8
    vertex 47.72970963 -47.72970963 8
  endloop
endfacet
facet normal -0 0 1
  outer loop
    vertex 47.72970963 -47.72970963 8
    vertex 50.91168976 -50.91168976 8
    vertex 53.34848022 -48.35224533 8
  endloop
endfacet
facet normal -0 -0 1
  outer loop
    vertex 47.72970963 -47.72970963 8
    vertex 53.34848022 -48.35224533 8
    vertex 50.01420212 -45.33023071 8
  endloop
endfacet
facet normal -0 0 1
  outer loop
    vertex 50.01420212 -45.33023071 8
    vertex 53.34848022 -48.35224533 8
    vertex 55.65675354 -45.67631531 8
  endloop
endfacet
facet normal 0 -0 -1
  outer loop
    vertex 44.4570694 -40.29353714 7.900000095
    vertex 47.92664719 -39.3323822 7.900000095
    vertex 45.93896866 -41.6366539 7.900000095
  endloop
endfacet
facet normal 0 0 -1
  outer loop
    vertex 44.4570694 -40.29353714 7.900000095
    vertex 46.38062668 -38.06359863 7.900000095
    vertex 47.92664719 -39.3323822 7.900000095
  endloop
endfacet
facet normal 0 -0 -1
  outer loop
    vertex 46.38062668 -38.06359863 7.900000095
    vertex 49.79886627 -36.93335724 7.900000095
    vertex 47.92664719 -39.3323822 7.900000095
  endloop
endfacet
facet normal 0 0 -1
  outer loop
    vertex 46.38062668 -38.06359863 7.900000095
    vertex 48.19245148 -35.74195862 7.900000095
    vertex 49.79886627 -36.93335724 7.900000095
  endloop
endfacet
facet normal -0 -0 1
  outer loop
    vertex 50.01420212 -45.33023071 8
    vertex 55.65675354 -45.67631531 8
    vertex 52.1782074 -42.82154846 8
  endloop
endfacet
facet normal -0.6152314108 0.7883465679 0
  outer loop
    vertex 35.74195862 -48.19245148 7.900000095
    vertex 35.74195862 -48.19245148 16
    vertex 38.06359863 -46.38062668 7.900000095
  endloop
endfacet
facet normal -0.6531726671 0.7572089982 0
  outer loop
    vertex 38.06359863 -46.38062668 7.900000095
    vertex 38.06359863 -46.38062668 16
    vertex 40.29353714 -44.4570694 7.900000095
  endloop
endfacet
facet normal 0.6152305055 -0.7883472745 0
  outer loop
    vertex 40.20970154 -54.21650696 8
    vertex 42.82154846 -52.1782074 8
    vertex 42.82154846 -52.1782074 16
  endloop
endfacet
facet normal 0.6531730312 -0.7572086841 0
  outer loop
    vertex 42.82154846 -52.1782074 8
    vertex 45.33023071 -50.01420212 8
    vertex 45.33023071 -50.01420212 16
  endloop
endfacet
facet normal 0.68954031 -0.7242473065 0
  outer loop
    vertex 36.93574142 -40.75231171 8
    vertex 38.89087296 -38.89087296 8
    vertex 36.93574142 -40.75231171 11.5
  endloop
endfacet
facet normal 0.7242473065 -0.68954031 0
  outer loop
    vertex 38.89087296 -38.89087296 8
    vertex 40.75231171 -36.93574142 8
    vertex 38.89087296 -38.89087296 11.5
  endloop
endfacet
facet normal 0.7572083233 -0.6531734495 0
  outer loop
    vertex 40.75231171 -36.93574142 8
    vertex 42.51557541 -34.89163208 8
    vertex 40.75231171 -36.93574142 11.5
  endloop
endfacet
facet normal 0.6531734495 -0.7572083233 0
  outer loop
    vertex 34.89163208 -42.51557541 11.5
    vertex 36.93574142 -40.75231171 8
    vertex 36.93574142 -40.75231171 11.5
  endloop
endfacet
facet normal 0.68954031 -0.7242473065 0
  outer loop
    vertex 38.89087296 -38.89087296 8
    vertex 38.89087296 -38.89087296 11.5
    vertex 36.93574142 -40.75231171 11.5
  endloop
endfacet
facet normal 0.7242473065 -0.68954031 0
  outer loop
    vertex 40.75231171 -36.93574142 8
    vertex 40.75231171 -36.93574142 11.5
    vertex 38.89087296 -38.89087296 11.5
  endloop
endfacet
facet normal -0.689540857 0.7242467857 0
  outer loop
    vertex 40.29353714 -44.4570694 7.900000095
    vertex 40.29353714 -44.4570694 16
    vertex 42.42640686 -42.42640686 7.900000095
  endloop
endfacet
facet normal -0.7242467857 0.689540857 0
  outer loop
    vertex 42.42640686 -42.42640686 7.900000095
    vertex 42.42640686 -42.42640686 16
    vertex 44.4570694 -40.29353714 7.900000095
  endloop
endfacet
facet normal 0.6895403322 -0.7242472853 0
  outer loop
    vertex 45.33023071 -50.01420212 8
    vertex 47.72970963 -47.72970963 8
    vertex 47.72970963 -47.72970963 16
  endloop
endfacet
facet normal 0.7242472853 -0.6895403322 0
  outer loop
    vertex 47.72970963 -47.72970963 8
    vertex 50.01420212 -45.33023071 8
    vertex 50.01420212 -45.33023071 16
  endloop
endfacet
facet normal -0.7572089982 0.6531726671 0
  outer loop
    vertex 44.4570694 -40.29353714 7.900000095
    vertex 44.4570694 -40.29353714 16
    vertex 46.38062668 -38.06359863 7.900000095
  endloop
endfacet
facet normal -0.7883465679 0.6152314108 0
  outer loop
    vertex 46.38062668 -38.06359863 7.900000095
    vertex 46.38062668 -38.06359863 16
    vertex 48.19245148 -35.74195862 7.900000095
  endloop
endfacet
facet normal 0.7572086841 -0.6531730312 0
  outer loop
    vertex 50.01420212 -45.33023071 8
    vertex 52.1782074 -42.82154846 8
    vertex 52.1782074 -42.82154846 16
  endloop
endfacet
facet normal 0.7883472745 -0.6152305055 0
  outer loop
    vertex 52.1782074 -42.82154846 8
    vertex 54.21650696 -40.20970154 8
    vertex 54.21650696 -40.20970154 16
  endloop
endfacet
facet normal -0 0 1
  outer loop
    vertex 52.1782074 -42.82154846 8
    vertex 55.65675354 -45.67631531 8
    vertex 57.83094406 -42.89035034 8
  endloop
endfacet
facet normal -0 -0 1
  outer loop
    vertex 52.1782074 -42.82154846 8
    vertex 57.83094406 -42.89035034 8
    vertex 54.21650696 -40.20970154 8
  endloop
endfacet
facet normal 0 -0 1
  outer loop
    vertex 57.83094406 -42.89035034 8
    vertex 59.86581039 -40.00105667 8
    vertex 54.21650696 -40.20970154 8
  endloop
endfacet
facet normal 0 -0 1
  outer loop
    vertex 54.21650696 -40.20970154 8
    vertex 59.86581039 -40.00105667 8
    vertex 56.12419891 -37.50099182 8
  endloop
endfacet
facet normal -0 0 1
  outer loop
    vertex 56.12419891 -37.50099182 8
    vertex 59.86581039 -40.00105667 8
    vertex 61.75645828 -37.01539612 8
  endloop
endfacet
facet normal 0 -0 1
  outer loop
    vertex 56.12419891 -37.50099182 8
    vertex 61.75645828 -37.01539612 8
    vertex 57.89668274 -34.70193481 8
  endloop
endfacet
facet normal 0.817584339 -0.5758088646 0
  outer loop
    vertex 54.21650696 -40.20970154 8
    vertex 56.12419891 -37.50099182 8
    vertex 56.12419891 -37.50099182 16
  endloop
endfacet
facet normal 0.5758088646 -0.817584339 0
  outer loop
    vertex 37.50099182 -56.12419891 8
    vertex 40.20970154 -54.21650696 16
    vertex 37.50099182 -56.12419891 16
  endloop
endfacet
facet normal -0.6152314108 0.7883465679 0
  outer loop
    vertex 35.74195862 -48.19245148 16
    vertex 38.06359863 -46.38062668 16
    vertex 38.06359863 -46.38062668 7.900000095
  endloop
endfacet
facet normal -0.6531726671 0.7572089982 0
  outer loop
    vertex 40.29353714 -44.4570694 7.900000095
    vertex 38.06359863 -46.38062668 16
    vertex 40.29353714 -44.4570694 16
  endloop
endfacet
facet normal 0.6152305055 -0.7883472745 0
  outer loop
    vertex 40.20970154 -54.21650696 8
    vertex 42.82154846 -52.1782074 16
    vertex 40.20970154 -54.21650696 16
  endloop
endfacet
facet normal 0.6531730312 -0.7572086841 0
  outer loop
    vertex 42.82154846 -52.1782074 8
    vertex 45.33023071 -50.01420212 16
    vertex 42.82154846 -52.1782074 16
  endloop
endfacet
facet normal -0 0 1
  outer loop
    vertex 34.2495079 -37.78850555 11.5
    vertex 36.93574142 -40.75231171 11.5
    vertex 38.89087296 -38.89087296 11.5
  endloop
endfacet
facet normal -0 -0 1
  outer loop
    vertex 34.2495079 -37.78850555 11.5
    vertex 38.89087296 -38.89087296 11.5
    vertex 36.06244659 -36.06244659 11.5
  endloop
endfacet
facet normal -0 0 1
  outer loop
    vertex 36.06244659 -36.06244659 11.5
    vertex 38.89087296 -38.89087296 11.5
    vertex 40.75231171 -36.93574142 11.5
  endloop
endfacet
facet normal -0.689540857 0.7242467857 0
  outer loop
    vertex 42.42640686 -42.42640686 7.900000095
    vertex 40.29353714 -44.4570694 16
    vertex 42.42640686 -42.42640686 16
  endloop
endfacet
facet normal -0.7242467857 0.689540857 0
  outer loop
    vertex 44.4570694 -40.29353714 7.900000095
    vertex 42.42640686 -42.42640686 16
    vertex 44.4570694 -40.29353714 16
  endloop
endfacet
facet normal 0.6895403322 -0.7242472853 0
  outer loop
    vertex 45.33023071 -50.01420212 8
    vertex 47.72970963 -47.72970963 16
    vertex 45.33023071 -50.01420212 16
  endloop
endfacet
facet normal 0.7242472853 -0.6895403322 0
  outer loop
    vertex 47.72970963 -47.72970963 8
    vertex 50.01420212 -45.33023071 16
    vertex 47.72970963 -47.72970963 16
  endloop
endfacet
facet normal -0.7572089982 0.6531726671 0
  outer loop
    vertex 46.38062668 -38.06359863 7.900000095
    vertex 44.4570694 -40.29353714 16
    vertex 46.38062668 -38.06359863 16
  endloop
endfacet
facet normal -0.7883465679 0.6152314108 0
  outer loop
    vertex 46.38062668 -38.06359863 16
    vertex 48.19245148 -35.74195862 16
    vertex 48.19245148 -35.74195862 7.900000095
  endloop
endfacet
facet normal 0.7572086841 -0.6531730312 0
  outer loop
    vertex 50.01420212 -45.33023071 8
    vertex 52.1782074 -42.82154846 16
    vertex 50.01420212 -45.33023071 16
  endloop
endfacet
facet normal 0.7883472745 -0.6152305055 0
  outer loop
    vertex 52.1782074 -42.82154846 8
    vertex 54.21650696 -40.20970154 16
    vertex 52.1782074 -42.82154846 16
  endloop
endfacet
facet normal -0 0 1
  outer loop
    vertex 33.33421326 -49.88817596 16
    vertex 37.50099182 -56.12419891 16
    vertex 40.20970154 -54.21650696 16
  endloop
endfacet
facet normal -0 -0 1
  outer loop
    vertex 33.33421326 -49.88817596 16
    vertex 40.20970154 -54.21650696 16
    vertex 35.74195862 -48.19245148 16
  endloop
endfacet
facet normal -0 0 1
  outer loop
    vertex 35.74195862 -48.19245148 16
    vertex 40.20970154 -54.21650696 16
    vertex 42.82154846 -52.1782074 16
  endloop
endfacet
facet normal -0 -0 1
  outer loop
    vertex 35.74195862 -48.19245148 16
    vertex 42.82154846 -52.1782074 16
    vertex 38.06359863 -46.38062668 16
  endloop
endfacet
facet normal -0 0 1
  outer loop
    vertex 38.06359863 -46.38062668 16
    vertex 42.82154846 -52.1782074 16
    vertex 45.33023071 -50.01420212 16
  endloop
endfacet
facet normal -0 -0 1
  outer loop
    vertex 38.06359863 -46.38062668 16
    vertex 45.33023071 -50.01420212 16
    vertex 40.29353714 -44.4570694 16
  endloop
endfacet
facet normal -0 0 1
  outer loop
    vertex 40.29353714 -44.4570694 16
    vertex 45.33023071 -50.01420212 16
    vertex 47.72970963 -47.72970963 16
  endloop
endfacet
facet normal -0 -0 1
  outer loop
    vertex 40.29353714 -44.4570694 16
    vertex 47.72970963 -47.72970963 16
    vertex 42.42640686 -42.42640686 16
  endloop
endfacet
facet normal -0 0 1
  outer loop
    vertex 42.42640686 -42.42640686 16
    vertex 47.72970963 -47.72970963 16
    vertex 50.01420212 -45.33023071 16
  endloop
endfacet
facet normal -0 -0 1
  outer loop
    vertex 42.42640686 -42.42640686 16
    vertex 50.01420212 -45.33023071 16
    vertex 44.4570694 -40.29353714 16
  endloop
endfacet
facet normal -0 0 1
  outer loop
    vertex 44.4570694 -40.29353714 16
    vertex 50.01420212 -45.33023071 16
    vertex 52.1782074 -42.82154846 16
  endloop
endfacet
facet normal -0 -0 1
  outer loop
    vertex 44.4570694 -40.29353714 16
    vertex 52.1782074 -42.82154846 16
    vertex 46.38062668 -38.06359863 16
  endloop
endfacet
facet normal -0 0 1
  outer loop
    vertex 46.38062668 -38.06359863 16
    vertex 52.1782074 -42.82154846 16
    vertex 54.21650696 -40.20970154 16
  endloop
endfacet
facet normal -0 -0 1
  outer loop
    vertex 46.38062668 -38.06359863 16
    vertex 54.21650696 -40.20970154 16
    vertex 48.19245148 -35.74195862 16
  endloop
endfacet
facet normal 0 -0 1
  outer loop
    vertex 54.21650696 -40.20970154 16
    vertex 56.12419891 -37.50099182 16
    vertex 48.19245148 -35.74195862 16
  endloop
endfacet
facet normal 0.817584339 -0.5758088646 0
  outer loop
    vertex 54.21650696 -40.20970154 8
    vertex 56.12419891 -37.50099182 16
    vertex 54.21650696 -40.20970154 16
  endloop
endfacet
facet normal 0.8448534937 -0.5349977328 0
  outer loop
    vertex 56.12419891 -37.50099182 8
    vertex 57.89668274 -34.70193481 16
    vertex 56.12419891 -37.50099182 16
  endloop
endfacet
facet normal 0 0 -1
  outer loop
    vertex 40.75231171 -36.93574142 8
    vertex 37.78850555 -34.2495079 8
    vertex 39.42353439 -32.35405731 8
  endloop
endfacet
facet normal 0 0 -1
  outer loop
    vertex 40.75231171 -36.93574142 8
    vertex 39.42353439 -32.35405731 8
    vertex 42.51557541 -34.89163208 8
  endloop
endfacet
facet normal 0 0 -1
  outer loop
    vertex 39.42353439 -32.35405731 8
    vertex 40.9635849 -30.38066483 8
    vertex 42.51557541 -34.89163208 8
  endloop
endfacet
facet normal 0 0 -1
  outer loop
    vertex 42.51557541 -34.89163208 8
    vertex 40.9635849 -30.38066483 8
    vertex 44.17641449 -32.76346207 8
  endloop
endfacet
facet normal 0 0 -1
  outer loop
    vertex 44.17641449 -32.76346207 8
    vertex 40.9635849 -30.38066483 8
    vertex 42.40494919 -28.33408165 8
  endloop
endfacet
facet normal 0 0 -1
  outer loop
    vertex 44.17641449 -32.76346207 8
    vertex 42.40494919 -28.33408165 8
    vertex 45.73082733 -30.55636215 8
  endloop
endfacet
facet normal 0 0 -1
  outer loop
    vertex 42.40494919 -28.33408165 8
    vertex 43.7441597 -26.21924019 8
    vertex 45.73082733 -30.55636215 8
  endloop
endfacet
facet normal 0 -0 -1
  outer loop
    vertex 43.7441597 -26.21924019 8
    vertex 47.17507172 -28.27565002 8
    vertex 45.73082733 -30.55636215 8
  endloop
endfacet
facet normal 0 0 -1
  outer loop
    vertex 49.79886627 -36.93335724 7.900000095
    vertex 48.19245148 -35.74195862 7.900000095
    vertex 51.55111694 -34.44535446 7.900000095
  endloop
endfacet
facet normal 0 0 -1
  outer loop
    vertex 48.19245148 -35.74195862 7.900000095
    vertex 49.88817596 -33.33421326 7.900000095
    vertex 51.55111694 -34.44535446 7.900000095
  endloop
endfacet
facet normal 0 0 -1
  outer loop
    vertex 51.55111694 -34.44535446 7.900000095
    vertex 49.88817596 -33.33421326 7.900000095
    vertex 53.17917252 -31.87437057 7.900000095
  endloop
endfacet
facet normal 0 0 -1
  outer loop
    vertex 49.88817596 -33.33421326 7.900000095
    vertex 51.46371841 -30.8461647 7.900000095
    vertex 53.17917252 -31.87437057 7.900000095
  endloop
endfacet
facet normal 0 0 -1
  outer loop
    vertex 53.17917252 -31.87437057 7.900000095
    vertex 51.46371841 -30.8461647 7.900000095
    vertex 54.67911911 -29.22659683 7.900000095
  endloop
endfacet
facet normal 0 0 -1
  outer loop
    vertex 51.46371841 -30.8461647 7.900000095
    vertex 52.91527557 -28.28380394 7.900000095
    vertex 54.67911911 -29.22659683 7.900000095
  endloop
endfacet
facet normal 0 0 -1
  outer loop
    vertex 43.7441597 -26.21924019 8
    vertex 44.97798538 -24.04123306 8
    vertex 47.17507172 -28.27565002 8
  endloop
endfacet
facet normal 0 -0 -1
  outer loop
    vertex 44.97798538 -24.04123306 8
    vertex 48.50566864 -25.92682076 8
    vertex 47.17507172 -28.27565002 8
  endloop
endfacet
facet normal 0 0 -1
  outer loop
    vertex 44.97798538 -24.04123306 8
    vertex 46.10345459 -21.8053093 8
    vertex 48.50566864 -25.92682076 8
  endloop
endfacet
facet normal 0 0 -1
  outer loop
    vertex 48.50566864 -25.92682076 8
    vertex 46.10345459 -21.8053093 8
    vertex 49.71940994 -23.51552963 8
  endloop
endfacet
facet normal 0 0 -1
  outer loop
    vertex 46.10345459 -21.8053093 8
    vertex 47.11785507 -19.51685524 8
    vertex 49.71940994 -23.51552963 8
  endloop
endfacet
facet normal 0 -0 -1
  outer loop
    vertex 47.11785507 -19.51685524 8
    vertex 50.81337357 -21.04758835 8
    vertex 49.71940994 -23.51552963 8
  endloop
endfacet
facet normal 0 0 -1
  outer loop
    vertex 47.11785507 -19.51685524 8
    vertex 48.01874542 -17.18138313 8
    vertex 50.81337357 -21.04758835 8
  endloop
endfacet
facet normal 0 0 -1
  outer loop
    vertex 50.81337357 -21.04758835 8
    vertex 48.01874542 -17.18138313 8
    vertex 51.78492355 -18.52894211 8
  endloop
endfacet
facet normal -0.7242475141 0.6895400919 0
  outer loop
    vertex 36.06244659 -36.06244659 8
    vertex 36.06244659 -36.06244659 11.5
    vertex 37.78850555 -34.2495079 8
  endloop
endfacet
facet normal -0.7572084683 0.6531732814 0
  outer loop
    vertex 37.78850555 -34.2495079 8
    vertex 37.78850555 -34.2495079 11.5
    vertex 39.42353439 -32.35405731 8
  endloop
endfacet
facet normal -0.7883464481 0.6152315644 0
  outer loop
    vertex 39.42353439 -32.35405731 8
    vertex 39.42353439 -32.35405731 11.5
    vertex 40.9635849 -30.38066483 8
  endloop
endfacet
facet normal 0.788346625 -0.6152313376 0
  outer loop
    vertex 42.51557541 -34.89163208 8
    vertex 44.17641449 -32.76346207 8
    vertex 42.51557541 -34.89163208 11.5
  endloop
endfacet
facet normal 0.8175852136 -0.5758076229 0
  outer loop
    vertex 44.17641449 -32.76346207 8
    vertex 45.73082733 -30.55636215 8
    vertex 44.17641449 -32.76346207 11.5
  endloop
endfacet
facet normal -0.8175852283 0.575807602 0
  outer loop
    vertex 40.9635849 -30.38066483 8
    vertex 40.9635849 -30.38066483 11.5
    vertex 42.40494919 -28.33408165 8
  endloop
endfacet
facet normal -0.8448532177 0.5349981687 0
  outer loop
    vertex 42.40494919 -28.33408165 8
    vertex 42.40494919 -28.33408165 11.5
    vertex 43.7441597 -26.21924019 8
  endloop
endfacet
facet normal -0.7242475141 0.6895400919 0
  outer loop
    vertex 36.06244659 -36.06244659 11.5
    vertex 37.78850555 -34.2495079 11.5
    vertex 37.78850555 -34.2495079 8
  endloop
endfacet
facet normal -0.7572084683 0.6531732814 0
  outer loop
    vertex 39.42353439 -32.35405731 8
    vertex 37.78850555 -34.2495079 11.5
    vertex 39.42353439 -32.35405731 11.5
  endloop
endfacet
facet normal -0.7883464481 0.6152315644 0
  outer loop
    vertex 40.9635849 -30.38066483 8
    vertex 39.42353439 -32.35405731 11.5
    vertex 40.9635849 -30.38066483 11.5
  endloop
endfacet
facet normal 0.7572083233 -0.6531734495 0
  outer loop
    vertex 40.75231171 -36.93574142 11.5
    vertex 42.51557541 -34.89163208 8
    vertex 42.51557541 -34.89163208 11.5
  endloop
endfacet
facet normal 0.788346625 -0.6152313376 0
  outer loop
    vertex 44.17641449 -32.76346207 8
    vertex 44.17641449 -32.76346207 11.5
    vertex 42.51557541 -34.89163208 11.5
  endloop
endfacet
facet normal -0.8175852283 0.575807602 0
  outer loop
    vertex 42.40494919 -28.33408165 8
    vertex 40.9635849 -30.38066483 11.5
    vertex 42.40494919 -28.33408165 11.5
  endloop
endfacet
facet normal -0.8700870105 0.492898158 0
  outer loop
    vertex 43.7441597 -26.21924019 8
    vertex 43.7441597 -26.21924019 11.5
    vertex 44.97798538 -24.04123306 8
  endloop
endfacet
facet normal -0.8448532177 0.5349981687 0
  outer loop
    vertex 43.7441597 -26.21924019 8
    vertex 42.40494919 -28.33408165 11.5
    vertex 43.7441597 -26.21924019 11.5
  endloop
endfacet
facet normal -0.8700870105 0.492898158 0
  outer loop
    vertex 44.97798538 -24.04123306 8
    vertex 43.7441597 -26.21924019 11.5
    vertex 44.97798538 -24.04123306 11.5
  endloop
endfacet
facet normal 0.8448536727 -0.5349974501 0
  outer loop
    vertex 45.73082733 -30.55636215 8
    vertex 47.17507172 -28.27565002 8
    vertex 45.73082733 -30.55636215 11.5
  endloop
endfacet
facet normal 0.8700867404 -0.4928986348 0
  outer loop
    vertex 47.17507172 -28.27565002 8
    vertex 48.50566864 -25.92682076 8
    vertex 47.17507172 -28.27565002 11.5
  endloop
endfacet
facet normal -0.8175849918 0.5758079377 0
  outer loop
    vertex 48.19245148 -35.74195862 7.900000095
    vertex 48.19245148 -35.74195862 16
    vertex 49.88817596 -33.33421326 7.900000095
  endloop
endfacet
facet normal 0.8175852136 -0.5758076229 0
  outer loop
    vertex 45.73082733 -30.55636215 8
    vertex 45.73082733 -30.55636215 11.5
    vertex 44.17641449 -32.76346207 11.5
  endloop
endfacet
facet normal 0.8448536727 -0.5349974501 0
  outer loop
    vertex 47.17507172 -28.27565002 8
    vertex 47.17507172 -28.27565002 11.5
    vertex 45.73082733 -30.55636215 11.5
  endloop
endfacet
facet normal -0.8448530926 0.5349983663 0
  outer loop
    vertex 49.88817596 -33.33421326 7.900000095
    vertex 49.88817596 -33.33421326 16
    vertex 51.46371841 -30.8461647 7.900000095
  endloop
endfacet
facet normal -0.8700873237 0.4928976052 0
  outer loop
    vertex 51.46371841 -30.8461647 7.900000095
    vertex 51.46371841 -30.8461647 16
    vertex 52.91527557 -28.28380394 7.900000095
  endloop
endfacet
facet normal -0.8932243623 0.4496112084 0
  outer loop
    vertex 52.91527557 -28.28380394 7.900000095
    vertex 52.91527557 -28.28380394 16
    vertex 54.23935699 -25.65330505 7.900000095
  endloop
endfacet
facet normal -0.8932243391 0.4496112543 0
  outer loop
    vertex 44.97798538 -24.04123306 8
    vertex 44.97798538 -24.04123306 11.5
    vertex 46.10345459 -21.8053093 8
  endloop
endfacet
facet normal 0.893224398 -0.4496111374 0
  outer loop
    vertex 48.50566864 -25.92682076 8
    vertex 49.71940994 -23.51552963 8
    vertex 48.50566864 -25.92682076 11.5
  endloop
endfacet
facet normal -0.914209968 0.405240835 0
  outer loop
    vertex 46.10345459 -21.8053093 8
    vertex 46.10345459 -21.8053093 11.5
    vertex 47.11785507 -19.51685524 8
  endloop
endfacet
facet normal -0.9329928865 0.3598948092 0
  outer loop
    vertex 47.11785507 -19.51685524 8
    vertex 47.11785507 -19.51685524 11.5
    vertex 48.01874542 -17.18138313 8
  endloop
endfacet
facet normal 0.9142096885 -0.4052414656 0
  outer loop
    vertex 49.71940994 -23.51552963 8
    vertex 50.81337357 -21.04758835 8
    vertex 49.71940994 -23.51552963 11.5
  endloop
endfacet
facet normal 0.932992684 -0.3598953343 0
  outer loop
    vertex 50.81337357 -21.04758835 8
    vertex 51.78492355 -18.52894211 8
    vertex 50.81337357 -21.04758835 11.5
  endloop
endfacet
facet normal -0.8932243391 0.4496112543 0
  outer loop
    vertex 46.10345459 -21.8053093 8
    vertex 44.97798538 -24.04123306 11.5
    vertex 46.10345459 -21.8053093 11.5
  endloop
endfacet
facet normal 0.8700867404 -0.4928986348 0
  outer loop
    vertex 48.50566864 -25.92682076 8
    vertex 48.50566864 -25.92682076 11.5
    vertex 47.17507172 -28.27565002 11.5
  endloop
endfacet
facet normal 0.893224398 -0.4496111374 0
  outer loop
    vertex 49.71940994 -23.51552963 8
    vertex 49.71940994 -23.51552963 11.5
    vertex 48.50566864 -25.92682076 11.5
  endloop
endfacet
facet normal -0.914209968 0.405240835 0
  outer loop
    vertex 47.11785507 -19.51685524 8
    vertex 46.10345459 -21.8053093 11.5
    vertex 47.11785507 -19.51685524 11.5
  endloop
endfacet
facet normal 0.9142096885 -0.4052414656 0
  outer loop
    vertex 50.81337357 -21.04758835 8
    vertex 50.81337357 -21.04758835 11.5
    vertex 49.71940994 -23.51552963 11.5
  endloop
endfacet
facet normal 0.932992684 -0.3598953343 0
  outer loop
    vertex 51.78492355 -18.52894211 8
    vertex 51.78492355 -18.52894211 11.5
    vertex 50.81337357 -21.04758835 11.5
  endloop
endfacet
facet normal 0 0 -1
  outer loop
    vertex 51.78492355 -18.52894211 8
    vertex 48.01874542 -17.18138313 8
    vertex 48.80395889 -14.8045187 8
  endloop
endfacet
facet normal 0 0 -1
  outer loop
    vertex 51.78492355 -18.52894211 8
    vertex 48.80395889 -14.8045187 8
    vertex 52.63171768 -15.96565723 8
  endloop
endfacet
facet normal 0 0 -1
  outer loop
    vertex 48.80395889 -14.8045187 8
    vertex 49.47159576 -12.39198875 8
    vertex 52.63171768 -15.96565723 8
  endloop
endfacet
facet normal 0 -0 -1
  outer loop
    vertex 49.47159576 -12.39198875 8
    vertex 53.3517189 -13.36390972 8
    vertex 52.63171768 -15.96565723 8
  endloop
endfacet
facet normal 0 0 -1
  outer loop
    vertex 49.47159576 -12.39198875 8
    vertex 50.02005005 -9.949606895 8
    vertex 53.3517189 -13.36390972 8
  endloop
endfacet
facet normal 0 0 -1
  outer loop
    vertex 50.02005005 -9.949606895 8
    vertex 50.44800186 -7.483254433 8
    vertex 53.94319153 -10.72996807 8
  endloop
endfacet
facet normal 0 -0 -1
  outer loop
    vertex 50.02005005 -9.949606895 8
    vertex 53.94319153 -10.72996807 8
    vertex 53.3517189 -13.36390972 8
  endloop
endfacet
facet normal 0 0 -1
  outer loop
    vertex 50.44800186 -7.483254433 8
    vertex 50.75442123 -4.998874187 8
    vertex 54.40470886 -8.070176125 8
  endloop
endfacet
facet normal 0 0 -1
  outer loop
    vertex 53.94319153 -10.72996807 8
    vertex 50.44800186 -7.483254433 8
    vertex 54.40470886 -8.070176125 8
  endloop
endfacet
facet normal 0 -0 -1
  outer loop
    vertex 50.75442123 -4.998874187 8
    vertex 54.73516083 -5.390942574 8
    vertex 54.40470886 -8.070176125 8
  endloop
endfacet
facet normal 0 0 -1
  outer loop
    vertex 50.75442123 -4.998874187 8
    vertex 50.93856812 -2.50245142 8
    vertex 54.73516083 -5.390942574 8
  endloop
endfacet
facet normal 0 -0 -1
  outer loop
    vertex 50.93856812 -2.50245142 8
    vertex 54.93375015 -2.698722124 8
    vertex 54.73516083 -5.390942574 8
  endloop
endfacet
facet normal 0 0 -1
  outer loop
    vertex 50.93856812 -2.50245142 8
    vertex 51 0 8
    vertex 54.93375015 -2.698722124 8
  endloop
endfacet
facet normal 0 0 -1
  outer loop
    vertex 54.93375015 -2.698722124 8
    vertex 51 0 8
    vertex 55 0 8
  endloop
endfacet
facet normal -0.9495277613 0.3136830096 0
  outer loop
    vertex 48.01874542 -17.18138313 8
    vertex 48.01874542 -17.18138313 11.5
    vertex 48.80395889 -14.8045187 8
  endloop
endfacet
facet normal -0.963776074 0.2667127278 0
  outer loop
    vertex 48.80395889 -14.8045187 8
    vertex 48.80395889 -14.8045187 11.5
    vertex 49.47159576 -12.39198875 8
  endloop
endfacet
facet normal 0.9495282703 -0.3136814687 0
  outer loop
    vertex 51.78492355 -18.52894211 8
    vertex 52.63171768 -15.96565723 8
    vertex 51.78492355 -18.52894211 11.5
  endloop
endfacet
facet normal 0.9637759976 -0.266713004 0
  outer loop
    vertex 52.63171768 -15.96565723 8
    vertex 53.3517189 -13.36390972 8
    vertex 52.63171768 -15.96565723 11.5
  endloop
endfacet
facet normal -0.9757022071 0.219100897 0
  outer loop
    vertex 49.47159576 -12.39198875 8
    vertex 49.47159576 -12.39198875 11.5
    vertex 50.02005005 -9.949606895 8
  endloop
endfacet
facet normal -0.9852777054 0.1709615258 0
  outer loop
    vertex 50.02005005 -9.949606895 8
    vertex 50.02005005 -9.949606895 11.5
    vertex 50.44800186 -7.483254433 8
  endloop
endfacet
facet normal 0.9757020311 -0.2191016806 0
  outer loop
    vertex 53.3517189 -13.36390972 8
    vertex 53.94319153 -10.72996807 8
    vertex 53.3517189 -13.36390972 11.5
  endloop
endfacet
facet normal -0.9329928865 0.3598948092 0
  outer loop
    vertex 48.01874542 -17.18138313 8
    vertex 47.11785507 -19.51685524 11.5
    vertex 48.01874542 -17.18138313 11.5
  endloop
endfacet
facet normal -0.9495277613 0.3136830096 0
  outer loop
    vertex 48.80395889 -14.8045187 8
    vertex 48.01874542 -17.18138313 11.5
    vertex 48.80395889 -14.8045187 11.5
  endloop
endfacet
facet normal -0.963776074 0.2667127278 0
  outer loop
    vertex 49.47159576 -12.39198875 8
    vertex 48.80395889 -14.8045187 11.5
    vertex 49.47159576 -12.39198875 11.5
  endloop
endfacet
facet normal 0.9495282703 -0.3136814687 0
  outer loop
    vertex 52.63171768 -15.96565723 8
    vertex 52.63171768 -15.96565723 11.5
    vertex 51.78492355 -18.52894211 11.5
  endloop
endfacet
facet normal 0.9637759976 -0.266713004 0
  outer loop
    vertex 53.3517189 -13.36390972 8
    vertex 53.3517189 -13.36390972 11.5
    vertex 52.63171768 -15.96565723 11.5
  endloop
endfacet
facet normal -0.9757022071 0.219100897 0
  outer loop
    vertex 50.02005005 -9.949606895 8
    vertex 49.47159576 -12.39198875 11.5
    vertex 50.02005005 -9.949606895 11.5
  endloop
endfacet
facet normal 0.9757020311 -0.2191016806 0
  outer loop
    vertex 53.94319153 -10.72996807 8
    vertex 53.94319153 -10.72996807 11.5
    vertex 53.3517189 -13.36390972 11.5
  endloop
endfacet
facet normal -0.9924795203 0.1224107914 0
  outer loop
    vertex 50.44800186 -7.483254433 8
    vertex 50.44800186 -7.483254433 11.5
    vertex 50.75442123 -4.998874187 8
  endloop
endfacet
facet normal -0.9972904662 0.07356443439 0
  outer loop
    vertex 50.75442123 -4.998874187 8
    vertex 50.75442123 -4.998874187 11.5
    vertex 50.93856812 -2.50245142 8
  endloop
endfacet
facet normal -0.9996988172 0.02454128862 0
  outer loop
    vertex 50.93856812 -2.50245142 8
    vertex 50.93856812 -2.50245142 11.5
    vertex 51 0 8
  endloop
endfacet
facet normal -0.9852777054 0.1709615258 0
  outer loop
    vertex 50.44800186 -7.483254433 8
    vertex 50.02005005 -9.949606895 11.5
    vertex 50.44800186 -7.483254433 11.5
  endloop
endfacet
facet normal -0.9924795203 0.1224107914 0
  outer loop
    vertex 50.75442123 -4.998874187 8
    vertex 50.44800186 -7.483254433 11.5
    vertex 50.75442123 -4.998874187 11.5
  endloop
endfacet
facet normal -0.9972904662 0.07356443439 0
  outer loop
    vertex 50.93856812 -2.50245142 8
    vertex 50.75442123 -4.998874187 11.5
    vertex 50.93856812 -2.50245142 11.5
  endloop
endfacet
facet normal -0.9996988172 0.02454128862 0
  outer loop
    vertex 50.93856812 -2.50245142 11.5
    vertex 51 0 11.5
    vertex 51 0 8
  endloop
endfacet
facet normal 0 -0 -1
  outer loop
    vertex 52.91527557 -28.28380394 7.900000095
    vertex 56.04733658 -26.50841522 7.900000095
    vertex 54.67911911 -29.22659683 7.900000095
  endloop
endfacet
facet normal 0 -0 1
  outer loop
    vertex 57.89668274 -34.70193481 8
    vertex 63.49832916 -33.9405632 8
    vertex 59.52968597 -31.81928062 8
  endloop
endfacet
facet normal 0 -0 1
  outer loop
    vertex 61.75645828 -37.01539612 8
    vertex 63.49832916 -33.9405632 8
    vertex 57.89668274 -34.70193481 8
  endloop
endfacet
facet normal -0 0 1
  outer loop
    vertex 59.52968597 -31.81928062 8
    vertex 63.49832916 -33.9405632 8
    vertex 65.08722687 -30.78396606 8
  endloop
endfacet
facet normal 0 -0 1
  outer loop
    vertex 59.52968597 -31.81928062 8
    vertex 65.08722687 -30.78396606 8
    vertex 61.01927567 -28.85996819 8
  endloop
endfacet
facet normal 0 0 -1
  outer loop
    vertex 52.91527557 -28.28380394 7.900000095
    vertex 54.23935699 -25.65330505 7.900000095
    vertex 56.04733658 -26.50841522 7.900000095
  endloop
endfacet
facet normal 0 -0 -1
  outer loop
    vertex 54.23935699 -25.65330505 7.900000095
    vertex 57.28053284 -23.72637367 7.900000095
    vertex 56.04733658 -26.50841522 7.900000095
  endloop
endfacet
facet normal 0 0 -1
  outer loop
    vertex 54.23935699 -25.65330505 7.900000095
    vertex 55.43277359 -22.96100616 7.900000095
    vertex 57.28053284 -23.72637367 7.900000095
  endloop
endfacet
facet normal 0 -0 -1
  outer loop
    vertex 55.43277359 -22.96100616 7.900000095
    vertex 58.37573242 -20.88717079 7.900000095
    vertex 57.28053284 -23.72637367 7.900000095
  endloop
endfacet
facet normal 0 0 -1
  outer loop
    vertex 55.43277359 -22.96100616 7.900000095
    vertex 56.49264526 -20.21339035 7.900000095
    vertex 58.37573242 -20.88717079 7.900000095
  endloop
endfacet
facet normal 0 0 -1
  outer loop
    vertex 58.37573242 -20.88717079 7.900000095
    vertex 56.49264526 -20.21339035 7.900000095
    vertex 59.33029938 -17.99765015 7.900000095
  endloop
endfacet
facet normal 0 0 -1
  outer loop
    vertex 56.49264526 -20.21339035 7.900000095
    vertex 57.41641998 -17.41707993 7.900000095
    vertex 59.33029938 -17.99765015 7.900000095
  endloop
endfacet
facet normal 0 -0 1
  outer loop
    vertex 61.01927567 -28.85996819 8
    vertex 66.51932526 -27.5532074 8
    vertex 62.36186981 -25.83113098 8
  endloop
endfacet
facet normal -0 0 1
  outer loop
    vertex 61.01927567 -28.85996819 8
    vertex 65.08722687 -30.78396606 8
    vertex 66.51932526 -27.5532074 8
  endloop
endfacet
facet normal 0 -0 1
  outer loop
    vertex 62.36186981 -25.83113098 8
    vertex 67.79117584 -24.25606918 8
    vertex 63.55422592 -22.74006462 8
  endloop
endfacet
facet normal -0 0 1
  outer loop
    vertex 62.36186981 -25.83113098 8
    vertex 66.51932526 -27.5532074 8
    vertex 67.79117584 -24.25606918 8
  endloop
endfacet
facet normal -0 0 1
  outer loop
    vertex 63.55422592 -22.74006462 8
    vertex 67.79117584 -24.25606918 8
    vertex 68.89970398 -20.90049744 8
  endloop
endfacet
facet normal 0 -0 1
  outer loop
    vertex 63.55422592 -22.74006462 8
    vertex 68.89970398 -20.90049744 8
    vertex 64.59347534 -19.59421539 8
  endloop
endfacet
facet normal -0 0 1
  outer loop
    vertex 64.59347534 -19.59421539 8
    vertex 68.89970398 -20.90049744 8
    vertex 69.84224701 -17.49457359 8
  endloop
endfacet
facet normal 0.8448534937 -0.5349977328 0
  outer loop
    vertex 56.12419891 -37.50099182 8
    vertex 57.89668274 -34.70193481 8
    vertex 57.89668274 -34.70193481 16
  endloop
endfacet
facet normal 0.8700870161 -0.4928981481 0
  outer loop
    vertex 57.89668274 -34.70193481 8
    vertex 59.52968597 -31.81928062 8
    vertex 59.52968597 -31.81928062 16
  endloop
endfacet
facet normal 0.8932246662 -0.4496106045 0
  outer loop
    vertex 59.52968597 -31.81928062 8
    vertex 61.01927567 -28.85996819 8
    vertex 61.01927567 -28.85996819 16
  endloop
endfacet
facet normal -0.9142094317 0.405242045 0
  outer loop
    vertex 54.23935699 -25.65330505 7.900000095
    vertex 54.23935699 -25.65330505 16
    vertex 55.43277359 -22.96100616 7.900000095
  endloop
endfacet
facet normal -0.9329928788 0.3598948291 0
  outer loop
    vertex 55.43277359 -22.96100616 7.900000095
    vertex 55.43277359 -22.96100616 16
    vertex 56.49264526 -20.21339035 7.900000095
  endloop
endfacet
facet normal -0.9495283289 0.3136812915 0
  outer loop
    vertex 56.49264526 -20.21339035 7.900000095
    vertex 56.49264526 -20.21339035 16
    vertex 57.41641998 -17.41707993 7.900000095
  endloop
endfacet
facet normal 0.9142094256 -0.4052420586 0
  outer loop
    vertex 61.01927567 -28.85996819 8
    vertex 62.36186981 -25.83113098 8
    vertex 62.36186981 -25.83113098 16
  endloop
endfacet
facet normal 0.9329927746 -0.3598950994 0
  outer loop
    vertex 62.36186981 -25.83113098 8
    vertex 63.55422592 -22.74006462 8
    vertex 63.55422592 -22.74006462 16
  endloop
endfacet
facet normal 0.9495280717 -0.3136820701 0
  outer loop
    vertex 63.55422592 -22.74006462 8
    vertex 64.59347534 -19.59421539 8
    vertex 64.59347534 -19.59421539 16
  endloop
endfacet
facet normal 0 -0 -1
  outer loop
    vertex 57.41641998 -17.41707993 7.900000095
    vertex 60.14193726 -15.0647707 7.900000095
    vertex 59.33029938 -17.99765015 7.900000095
  endloop
endfacet
facet normal 0 0 -1
  outer loop
    vertex 57.41641998 -17.41707993 7.900000095
    vertex 58.20187378 -14.57881069 7.900000095
    vertex 60.14193726 -15.0647707 7.900000095
  endloop
endfacet
facet normal 0 -0 -1
  outer loop
    vertex 58.20187378 -14.57881069 7.900000095
    vertex 60.80868912 -12.09560013 7.900000095
    vertex 60.14193726 -15.0647707 7.900000095
  endloop
endfacet
facet normal 0 0 -1
  outer loop
    vertex 58.20187378 -14.57881069 7.900000095
    vertex 58.84711838 -11.70541954 7.900000095
    vertex 60.80868912 -12.09560013 7.900000095
  endloop
endfacet
facet normal 0 -0 -1
  outer loop
    vertex 58.84711838 -11.70541954 7.900000095
    vertex 61.32894516 -9.097289085 7.900000095
    vertex 60.80868912 -12.09560013 7.900000095
  endloop
endfacet
facet normal 0 0 -1
  outer loop
    vertex 58.84711838 -11.70541954 7.900000095
    vertex 59.35058975 -8.803828239 7.900000095
    vertex 61.32894516 -9.097289085 7.900000095
  endloop
endfacet
facet normal 0 0 -1
  outer loop
    vertex 59.35058975 -8.803828239 7.900000095
    vertex 59.71108246 -5.881028652 7.900000095
    vertex 61.70145416 -6.077062607 7.900000095
  endloop
endfacet
facet normal 0 0 -1
  outer loop
    vertex 61.32894516 -9.097289085 7.900000095
    vertex 59.35058975 -8.803828239 7.900000095
    vertex 61.70145416 -6.077062607 7.900000095
  endloop
endfacet
facet normal 0 -0 -1
  outer loop
    vertex 59.71108246 -5.881028652 7.900000095
    vertex 61.92531967 -3.042195797 7.900000095
    vertex 61.70145416 -6.077062607 7.900000095
  endloop
endfacet
facet normal 0 0 -1
  outer loop
    vertex 59.71108246 -5.881028652 7.900000095
    vertex 59.92772675 -2.944060564 7.900000095
    vertex 61.92531967 -3.042195797 7.900000095
  endloop
endfacet
facet normal 0 0 -1
  outer loop
    vertex 59.92772675 -2.944060564 7.900000095
    vertex 60 0 7.900000095
    vertex 62 0 7.900000095
  endloop
endfacet
facet normal 0 -0 -1
  outer loop
    vertex 59.92772675 -2.944060564 7.900000095
    vertex 62 0 7.900000095
    vertex 61.92531967 -3.042195797 7.900000095
  endloop
endfacet
facet normal 0 -0 1
  outer loop
    vertex 64.59347534 -19.59421539 8
    vertex 69.84224701 -17.49457359 8
    vertex 65.47711182 -16.40116119 8
  endloop
endfacet
facet normal 0 -0 1
  outer loop
    vertex 65.47711182 -16.40116119 8
    vertex 70.616539 -14.04650307 8
    vertex 66.20300293 -13.16859627 8
  endloop
endfacet
facet normal -0 0 1
  outer loop
    vertex 65.47711182 -16.40116119 8
    vertex 69.84224701 -17.49457359 8
    vertex 70.616539 -14.04650307 8
  endloop
endfacet
facet normal -0 0 1
  outer loop
    vertex 66.20300293 -13.16859627 8
    vertex 70.616539 -14.04650307 8
    vertex 71.22071075 -10.56459427 8
  endloop
endfacet
facet normal 0 -0 1
  outer loop
    vertex 66.20300293 -13.16859627 8
    vertex 71.22071075 -10.56459427 8
    vertex 66.76941681 -9.904307365 8
  endloop
endfacet
facet normal -0 0 1
  outer loop
    vertex 66.76941681 -9.904307365 8
    vertex 71.22071075 -10.56459427 8
    vertex 71.65329742 -7.057234287 8
  endloop
endfacet
facet normal 0 -0 1
  outer loop
    vertex 66.76941681 -9.904307365 8
    vertex 71.65329742 -7.057234287 8
    vertex 67.17497253 -6.616157055 8
  endloop
endfacet
facet normal -0 0 1
  outer loop
    vertex 67.17497253 -6.616157055 8
    vertex 71.65329742 -7.057234287 8
    vertex 71.91326904 -3.532872438 8
  endloop
endfacet
facet normal 0 -0 1
  outer loop
    vertex 67.17497253 -6.616157055 8
    vertex 71.91326904 -3.532872438 8
    vertex 67.41869354 -3.312067986 8
  endloop
endfacet
facet normal 0 -0 1
  outer loop
    vertex 67.41869354 -3.312067986 8
    vertex 72 0 8
    vertex 67.5 0 8
  endloop
endfacet
facet normal -0 0 1
  outer loop
    vertex 67.41869354 -3.312067986 8
    vertex 71.91326904 -3.532872438 8
    vertex 72 0 8
  endloop
endfacet
facet normal 0.9852776642 -0.1709617632 0
  outer loop
    vertex 53.94319153 -10.72996807 8
    vertex 54.40470886 -8.070176125 8
    vertex 53.94319153 -10.72996807 11.5
  endloop
endfacet
facet normal -0.9637761603 0.2667124158 0
  outer loop
    vertex 57.41641998 -17.41707993 7.900000095
    vertex 57.41641998 -17.41707993 16
    vertex 58.20187378 -14.57881069 7.900000095
  endloop
endfacet
facet normal -0.9757019095 0.2191022223 0
  outer loop
    vertex 58.20187378 -14.57881069 7.900000095
    vertex 58.20187378 -14.57881069 16
    vertex 58.84711838 -11.70541954 7.900000095
  endloop
endfacet
facet normal -0.9852777841 0.1709610723 0
  outer loop
    vertex 58.84711838 -11.70541954 7.900000095
    vertex 58.84711838 -11.70541954 16
    vertex 59.35058975 -8.803828239 7.900000095
  endloop
endfacet
facet normal 0.9924795335 -0.1224106843 0
  outer loop
    vertex 54.40470886 -8.070176125 8
    vertex 54.73516083 -5.390942574 8
    vertex 54.40470886 -8.070176125 11.5
  endloop
endfacet
facet normal 0.997290478 -0.073564274 0
  outer loop
    vertex 54.73516083 -5.390942574 8
    vertex 54.93375015 -2.698722124 8
    vertex 54.73516083 -5.390942574 11.5
  endloop
endfacet
facet normal 0.9996988193 -0.0245412055 0
  outer loop
    vertex 54.93375015 -2.698722124 8
    vertex 55 0 8
    vertex 54.93375015 -2.698722124 11.5
  endloop
endfacet
facet normal 0.9852776642 -0.1709617632 0
  outer loop
    vertex 54.40470886 -8.070176125 8
    vertex 54.40470886 -8.070176125 11.5
    vertex 53.94319153 -10.72996807 11.5
  endloop
endfacet
facet normal 0.9924795335 -0.1224106843 0
  outer loop
    vertex 54.73516083 -5.390942574 8
    vertex 54.73516083 -5.390942574 11.5
    vertex 54.40470886 -8.070176125 11.5
  endloop
endfacet
facet normal 0.997290478 -0.073564274 0
  outer loop
    vertex 54.93375015 -2.698722124 8
    vertex 54.93375015 -2.698722124 11.5
    vertex 54.73516083 -5.390942574 11.5
  endloop
endfacet
facet normal 0.9996988193 -0.0245412055 0
  outer loop
    vertex 54.93375015 -2.698722124 11.5
    vertex 55 0 8
    vertex 55 0 11.5
  endloop
endfacet
facet normal -0.9924795445 0.1224105951 0
  outer loop
    vertex 59.35058975 -8.803828239 7.900000095
    vertex 59.35058975 -8.803828239 16
    vertex 59.71108246 -5.881028652 7.900000095
  endloop
endfacet
facet normal -0.9972904441 0.07356473438 0
  outer loop
    vertex 59.71108246 -5.881028652 7.900000095
    vertex 59.71108246 -5.881028652 16
    vertex 59.92772675 -2.944060564 7.900000095
  endloop
endfacet
facet normal -0.9996988135 0.02454144033 0
  outer loop
    vertex 59.92772675 -2.944060564 7.900000095
    vertex 59.92772675 -2.944060564 16
    vertex 60 0 7.900000095
  endloop
endfacet
facet normal 0.9637761145 -0.2667125814 0
  outer loop
    vertex 64.59347534 -19.59421539 8
    vertex 65.47711182 -16.40116119 8
    vertex 65.47711182 -16.40116119 16
  endloop
endfacet
facet normal 0.9757024924 -0.2190996266 0
  outer loop
    vertex 65.47711182 -16.40116119 8
    vertex 66.20300293 -13.16859627 8
    vertex 66.20300293 -13.16859627 16
  endloop
endfacet
facet normal 0.9852773361 -0.1709636539 0
  outer loop
    vertex 66.20300293 -13.16859627 8
    vertex 66.76941681 -9.904307365 8
    vertex 66.76941681 -9.904307365 16
  endloop
endfacet
facet normal 0.9972905285 -0.07356358986 -3.235802733e-07
  outer loop
    vertex 67.17497253 -6.616157055 8
    vertex 67.41869354 -3.312067986 8
    vertex 67.36795044 -4 11.5
  endloop
endfacet
facet normal 0.9996988205 -0.02454115376 0
  outer loop
    vertex 67.41869354 -3.312067986 8
    vertex 67.5 0 8
    vertex 67.41869354 -3.312067986 11.5
  endloop
endfacet
facet normal 0.9924794955 -0.122410992 0
  outer loop
    vertex 66.76941681 -9.904307365 8
    vertex 67.17497253 -6.616157055 8
    vertex 67.17497253 -6.616157055 16
  endloop
endfacet
facet normal 0.9972906493 -0.07356195249 0
  outer loop
    vertex 67.41869354 -3.312067986 8
    vertex 67.41869354 -3.312067986 11.5
    vertex 67.36795044 -4 11.5
  endloop
endfacet
facet normal 0.9996988205 -0.02454115376 0
  outer loop
    vertex 67.41869354 -3.312067986 11.5
    vertex 67.5 0 8
    vertex 67.5 0 11.5
  endloop
endfacet
facet normal -0 -0 1
  outer loop
    vertex 36.06244659 -36.06244659 11.5
    vertex 40.75231171 -36.93574142 11.5
    vertex 37.78850555 -34.2495079 11.5
  endloop
endfacet
facet normal 0 -0 1
  outer loop
    vertex 40.75231171 -36.93574142 11.5
    vertex 42.51557541 -34.89163208 11.5
    vertex 37.78850555 -34.2495079 11.5
  endloop
endfacet
facet normal -0 -0 1
  outer loop
    vertex 37.78850555 -34.2495079 11.5
    vertex 42.51557541 -34.89163208 11.5
    vertex 39.42353439 -32.35405731 11.5
  endloop
endfacet
facet normal -0 -0 1
  outer loop
    vertex 39.42353439 -32.35405731 11.5
    vertex 44.17641449 -32.76346207 11.5
    vertex 40.9635849 -30.38066483 11.5
  endloop
endfacet
facet normal -0 0 1
  outer loop
    vertex 39.42353439 -32.35405731 11.5
    vertex 42.51557541 -34.89163208 11.5
    vertex 44.17641449 -32.76346207 11.5
  endloop
endfacet
facet normal 0 -0 1
  outer loop
    vertex 44.17641449 -32.76346207 11.5
    vertex 45.73082733 -30.55636215 11.5
    vertex 40.9635849 -30.38066483 11.5
  endloop
endfacet
facet normal -0 -0 1
  outer loop
    vertex 40.9635849 -30.38066483 11.5
    vertex 45.73082733 -30.55636215 11.5
    vertex 42.40494919 -28.33408165 11.5
  endloop
endfacet
facet normal 0 -0 1
  outer loop
    vertex 42.40494919 -28.33408165 11.5
    vertex 47.17507172 -28.27565002 11.5
    vertex 43.7441597 -26.21924019 11.5
  endloop
endfacet
facet normal -0 0 1
  outer loop
    vertex 42.40494919 -28.33408165 11.5
    vertex 45.73082733 -30.55636215 11.5
    vertex 47.17507172 -28.27565002 11.5
  endloop
endfacet
facet normal -0.8175849918 0.5758079377 0
  outer loop
    vertex 49.88817596 -33.33421326 7.900000095
    vertex 48.19245148 -35.74195862 16
    vertex 49.88817596 -33.33421326 16
  endloop
endfacet
facet normal -0.8448530926 0.5349983663 0
  outer loop
    vertex 51.46371841 -30.8461647 7.900000095
    vertex 49.88817596 -33.33421326 16
    vertex 51.46371841 -30.8461647 16
  endloop
endfacet
facet normal -0.8700873237 0.4928976052 0
  outer loop
    vertex 52.91527557 -28.28380394 7.900000095
    vertex 51.46371841 -30.8461647 16
    vertex 52.91527557 -28.28380394 16
  endloop
endfacet
facet normal 0 -0 1
  outer loop
    vertex 43.7441597 -26.21924019 11.5
    vertex 48.50566864 -25.92682076 11.5
    vertex 44.97798538 -24.04123306 11.5
  endloop
endfacet
facet normal -0 0 1
  outer loop
    vertex 43.7441597 -26.21924019 11.5
    vertex 47.17507172 -28.27565002 11.5
    vertex 48.50566864 -25.92682076 11.5
  endloop
endfacet
facet normal 0 -0 1
  outer loop
    vertex 44.97798538 -24.04123306 11.5
    vertex 49.71940994 -23.51552963 11.5
    vertex 46.10345459 -21.8053093 11.5
  endloop
endfacet
facet normal -0 0 1
  outer loop
    vertex 44.97798538 -24.04123306 11.5
    vertex 48.50566864 -25.92682076 11.5
    vertex 49.71940994 -23.51552963 11.5
  endloop
endfacet
facet normal 0 -0 1
  outer loop
    vertex 46.10345459 -21.8053093 11.5
    vertex 50.81337357 -21.04758835 11.5
    vertex 47.11785507 -19.51685524 11.5
  endloop
endfacet
facet normal -0 0 1
  outer loop
    vertex 46.10345459 -21.8053093 11.5
    vertex 49.71940994 -23.51552963 11.5
    vertex 50.81337357 -21.04758835 11.5
  endloop
endfacet
facet normal 0 -0 1
  outer loop
    vertex 47.11785507 -19.51685524 11.5
    vertex 51.78492355 -18.52894211 11.5
    vertex 48.01874542 -17.18138313 11.5
  endloop
endfacet
facet normal -0 0 1
  outer loop
    vertex 47.11785507 -19.51685524 11.5
    vertex 50.81337357 -21.04758835 11.5
    vertex 51.78492355 -18.52894211 11.5
  endloop
endfacet
facet normal -0.8932243623 0.4496112084 0
  outer loop
    vertex 54.23935699 -25.65330505 7.900000095
    vertex 52.91527557 -28.28380394 16
    vertex 54.23935699 -25.65330505 16
  endloop
endfacet
facet normal 0 0 1
  outer loop
    vertex 56.12419891 -37.50099182 16
    vertex 49.88817596 -33.33421326 16
    vertex 48.19245148 -35.74195862 16
  endloop
endfacet
facet normal -0 -0 1
  outer loop
    vertex 49.88817596 -33.33421326 16
    vertex 57.89668274 -34.70193481 16
    vertex 51.46371841 -30.8461647 16
  endloop
endfacet
facet normal 0 -0 1
  outer loop
    vertex 48.01874542 -17.18138313 11.5
    vertex 52.63171768 -15.96565723 11.5
    vertex 48.80395889 -14.8045187 11.5
  endloop
endfacet
facet normal 0 -0 1
  outer loop
    vertex 51.78492355 -18.52894211 11.5
    vertex 52.63171768 -15.96565723 11.5
    vertex 48.01874542 -17.18138313 11.5
  endloop
endfacet
facet normal 0 -0 1
  outer loop
    vertex 48.80395889 -14.8045187 11.5
    vertex 53.3517189 -13.36390972 11.5
    vertex 49.47159576 -12.39198875 11.5
  endloop
endfacet
facet normal -0 0 1
  outer loop
    vertex 48.80395889 -14.8045187 11.5
    vertex 52.63171768 -15.96565723 11.5
    vertex 53.3517189 -13.36390972 11.5
  endloop
endfacet
facet normal 0 -0 1
  outer loop
    vertex 49.47159576 -12.39198875 11.5
    vertex 53.94319153 -10.72996807 11.5
    vertex 50.02005005 -9.949606895 11.5
  endloop
endfacet
facet normal -0 0 1
  outer loop
    vertex 49.47159576 -12.39198875 11.5
    vertex 53.3517189 -13.36390972 11.5
    vertex 53.94319153 -10.72996807 11.5
  endloop
endfacet
facet normal -0 0 1
  outer loop
    vertex 50.02005005 -9.949606895 11.5
    vertex 53.94319153 -10.72996807 11.5
    vertex 54.40470886 -8.070176125 11.5
  endloop
endfacet
facet normal 0 -0 1
  outer loop
    vertex 50.02005005 -9.949606895 11.5
    vertex 54.40470886 -8.070176125 11.5
    vertex 50.44800186 -7.483254433 11.5
  endloop
endfacet
facet normal -0 0 1
  outer loop
    vertex 50.44800186 -7.483254433 11.5
    vertex 54.40470886 -8.070176125 11.5
    vertex 54.73516083 -5.390942574 11.5
  endloop
endfacet
facet normal 0 -0 1
  outer loop
    vertex 50.44800186 -7.483254433 11.5
    vertex 54.73516083 -5.390942574 11.5
    vertex 50.75442123 -4.998874187 11.5
  endloop
endfacet
facet normal 0 -0 1
  outer loop
    vertex 50.75442123 -4.998874187 11.5
    vertex 54.93375015 -2.698722124 11.5
    vertex 50.93856812 -2.50245142 11.5
  endloop
endfacet
facet normal -0 0 1
  outer loop
    vertex 50.75442123 -4.998874187 11.5
    vertex 54.73516083 -5.390942574 11.5
    vertex 54.93375015 -2.698722124 11.5
  endloop
endfacet
facet normal 0 -0 1
  outer loop
    vertex 50.93856812 -2.50245142 11.5
    vertex 55 0 11.5
    vertex 51 0 11.5
  endloop
endfacet
facet normal -0 0 1
  outer loop
    vertex 50.93856812 -2.50245142 11.5
    vertex 54.93375015 -2.698722124 11.5
    vertex 55 0 11.5
  endloop
endfacet
facet normal 0.8700870161 -0.4928981481 0
  outer loop
    vertex 57.89668274 -34.70193481 8
    vertex 59.52968597 -31.81928062 16
    vertex 57.89668274 -34.70193481 16
  endloop
endfacet
facet normal 0.8932246662 -0.4496106045 0
  outer loop
    vertex 59.52968597 -31.81928062 8
    vertex 61.01927567 -28.85996819 16
    vertex 59.52968597 -31.81928062 16
  endloop
endfacet
facet normal 0.9142094256 -0.4052420586 0
  outer loop
    vertex 61.01927567 -28.85996819 8
    vertex 62.36186981 -25.83113098 16
    vertex 61.01927567 -28.85996819 16
  endloop
endfacet
facet normal -0.9142094317 0.405242045 0
  outer loop
    vertex 55.43277359 -22.96100616 7.900000095
    vertex 54.23935699 -25.65330505 16
    vertex 55.43277359 -22.96100616 16
  endloop
endfacet
facet normal -0.9329928788 0.3598948291 0
  outer loop
    vertex 56.49264526 -20.21339035 7.900000095
    vertex 55.43277359 -22.96100616 16
    vertex 56.49264526 -20.21339035 16
  endloop
endfacet
facet normal -0.9495283289 0.3136812915 0
  outer loop
    vertex 57.41641998 -17.41707993 7.900000095
    vertex 56.49264526 -20.21339035 16
    vertex 57.41641998 -17.41707993 16
  endloop
endfacet
facet normal 0.9329927746 -0.3598950994 0
  outer loop
    vertex 62.36186981 -25.83113098 8
    vertex 63.55422592 -22.74006462 16
    vertex 62.36186981 -25.83113098 16
  endloop
endfacet
facet normal 0.9495280717 -0.3136820701 0
  outer loop
    vertex 63.55422592 -22.74006462 8
    vertex 64.59347534 -19.59421539 16
    vertex 63.55422592 -22.74006462 16
  endloop
endfacet
facet normal 0.9637761145 -0.2667125814 0
  outer loop
    vertex 64.59347534 -19.59421539 8
    vertex 65.47711182 -16.40116119 16
    vertex 64.59347534 -19.59421539 16
  endloop
endfacet
facet normal 0 -0 1
  outer loop
    vertex 56.12419891 -37.50099182 16
    vertex 57.89668274 -34.70193481 16
    vertex 49.88817596 -33.33421326 16
  endloop
endfacet
facet normal -0 0 1
  outer loop
    vertex 51.46371841 -30.8461647 16
    vertex 57.89668274 -34.70193481 16
    vertex 59.52968597 -31.81928062 16
  endloop
endfacet
facet normal -0 -0 1
  outer loop
    vertex 51.46371841 -30.8461647 16
    vertex 59.52968597 -31.81928062 16
    vertex 52.91527557 -28.28380394 16
  endloop
endfacet
facet normal -0 -0 1
  outer loop
    vertex 52.91527557 -28.28380394 16
    vertex 61.01927567 -28.85996819 16
    vertex 54.23935699 -25.65330505 16
  endloop
endfacet
facet normal -0 0 1
  outer loop
    vertex 52.91527557 -28.28380394 16
    vertex 59.52968597 -31.81928062 16
    vertex 61.01927567 -28.85996819 16
  endloop
endfacet
facet normal -0 -0 1
  outer loop
    vertex 54.23935699 -25.65330505 16
    vertex 62.36186981 -25.83113098 16
    vertex 55.43277359 -22.96100616 16
  endloop
endfacet
facet normal 0 -0 1
  outer loop
    vertex 55.43277359 -22.96100616 16
    vertex 63.55422592 -22.74006462 16
    vertex 56.49264526 -20.21339035 16
  endloop
endfacet
facet normal 0 -0 1
  outer loop
    vertex 61.01927567 -28.85996819 16
    vertex 62.36186981 -25.83113098 16
    vertex 54.23935699 -25.65330505 16
  endloop
endfacet
facet normal -0 0 1
  outer loop
    vertex 55.43277359 -22.96100616 16
    vertex 62.36186981 -25.83113098 16
    vertex 63.55422592 -22.74006462 16
  endloop
endfacet
facet normal 0 -0 1
  outer loop
    vertex 56.49264526 -20.21339035 16
    vertex 64.59347534 -19.59421539 16
    vertex 57.41641998 -17.41707993 16
  endloop
endfacet
facet normal -0 0 1
  outer loop
    vertex 56.49264526 -20.21339035 16
    vertex 63.55422592 -22.74006462 16
    vertex 64.59347534 -19.59421539 16
  endloop
endfacet
facet normal -0.9637761603 0.2667124158 0
  outer loop
    vertex 58.20187378 -14.57881069 7.900000095
    vertex 57.41641998 -17.41707993 16
    vertex 58.20187378 -14.57881069 16
  endloop
endfacet
facet normal -0.9757019095 0.2191022223 0
  outer loop
    vertex 58.84711838 -11.70541954 7.900000095
    vertex 58.20187378 -14.57881069 16
    vertex 58.84711838 -11.70541954 16
  endloop
endfacet
facet normal -0.9852777841 0.1709610723 0
  outer loop
    vertex 59.35058975 -8.803828239 7.900000095
    vertex 58.84711838 -11.70541954 16
    vertex 59.35058975 -8.803828239 16
  endloop
endfacet
facet normal -0.9924795445 0.1224105951 0
  outer loop
    vertex 59.71108246 -5.881028652 7.900000095
    vertex 59.35058975 -8.803828239 16
    vertex 59.71108246 -5.881028652 16
  endloop
endfacet
facet normal -0.9972904441 0.07356473438 0
  outer loop
    vertex 59.92772675 -2.944060564 7.900000095
    vertex 59.71108246 -5.881028652 16
    vertex 59.92772675 -2.944060564 16
  endloop
endfacet
facet normal -0.9996988135 0.02454144033 0
  outer loop
    vertex 59.92772675 -2.944060564 16
    vertex 60 0 16
    vertex 60 0 7.900000095
  endloop
endfacet
facet normal 0.9757024924 -0.2190996266 0
  outer loop
    vertex 65.47711182 -16.40116119 8
    vertex 66.20300293 -13.16859627 16
    vertex 65.47711182 -16.40116119 16
  endloop
endfacet
facet normal 0.9852773361 -0.1709636539 0
  outer loop
    vertex 66.20300293 -13.16859627 8
    vertex 66.76941681 -9.904307365 16
    vertex 66.20300293 -13.16859627 16
  endloop
endfacet
facet normal 0.9972904967 -0.07356402042 0
  outer loop
    vertex 67.17497253 -6.616157055 8
    vertex 67.36795044 -4 11.5
    vertex 67.36795044 -4 14
  endloop
endfacet
facet normal 0 0 -1
  outer loop
    vertex 67.36795044 -4 11.5
    vertex 67.41869354 -3.312067986 11.5
    vertex 68.19999695 -4 11.5
  endloop
endfacet
facet normal 0 0 -1
  outer loop
    vertex 67.41869354 -3.312067986 11.5
    vertex 67.5 0 11.5
    vertex 68.19999695 -4 11.5
  endloop
endfacet
facet normal 0.9972899268 -0.07357174686 3.38726016e-06
  outer loop
    vertex 67.17497253 -6.616157055 8
    vertex 67.36795044 -4 14
    vertex 67.41869354 -3.312067986 16
  endloop
endfacet
facet normal 0.9924794955 -0.122410992 0
  outer loop
    vertex 66.76941681 -9.904307365 8
    vertex 67.17497253 -6.616157055 16
    vertex 66.76941681 -9.904307365 16
  endloop
endfacet
facet normal 0.9972905285 -0.07356358986 0
  outer loop
    vertex 67.17497253 -6.616157055 8
    vertex 67.41869354 -3.312067986 16
    vertex 67.17497253 -6.616157055 16
  endloop
endfacet
facet normal 0 -1 0
  outer loop
    vertex 67.36795044 -4 11.5
    vertex 68.19999695 -4 11.5
    vertex 67.36795044 -4 14
  endloop
endfacet
facet normal 0 -1 0
  outer loop
    vertex 68.19999695 -4 11.5
    vertex 67.90000153 -4 14
    vertex 67.36795044 -4 14
  endloop
endfacet
facet normal 1 0 -0
  outer loop
    vertex 68.19999695 -4 11.5
    vertex 68.19999695 4 11.5
    vertex 68.19999695 -4 15.5
  endloop
endfacet
facet normal 0 -0 1
  outer loop
    vertex 57.41641998 -17.41707993 16
    vertex 65.47711182 -16.40116119 16
    vertex 58.20187378 -14.57881069 16
  endloop
endfacet
facet normal 0 -0 1
  outer loop
    vertex 64.59347534 -19.59421539 16
    vertex 65.47711182 -16.40116119 16
    vertex 57.41641998 -17.41707993 16
  endloop
endfacet
facet normal 0 -0 1
  outer loop
    vertex 58.20187378 -14.57881069 16
    vertex 66.20300293 -13.16859627 16
    vertex 58.84711838 -11.70541954 16
  endloop
endfacet
facet normal 0 -0 1
  outer loop
    vertex 58.84711838 -11.70541954 16
    vertex 66.76941681 -9.904307365 16
    vertex 59.35058975 -8.803828239 16
  endloop
endfacet
facet normal 0 -0 1
  outer loop
    vertex 59.35058975 -8.803828239 16
    vertex 67.17497253 -6.616157055 16
    vertex 59.71108246 -5.881028652 16
  endloop
endfacet
facet normal 0 -0 1
  outer loop
    vertex 59.71108246 -5.881028652 16
    vertex 67.41869354 -3.312067986 16
    vertex 59.92772675 -2.944060564 16
  endloop
endfacet
facet normal 0 -0 1
  outer loop
    vertex 59.92772675 -2.944060564 16
    vertex 67.5 0 16
    vertex 60 0 16
  endloop
endfacet
facet normal -0 0 1
  outer loop
    vertex 58.20187378 -14.57881069 16
    vertex 65.47711182 -16.40116119 16
    vertex 66.20300293 -13.16859627 16
  endloop
endfacet
facet normal -0 0 1
  outer loop
    vertex 58.84711838 -11.70541954 16
    vertex 66.20300293 -13.16859627 16
    vertex 66.76941681 -9.904307365 16
  endloop
endfacet
facet normal 0.9972906493 -0.07356195249 0
  outer loop
    vertex 67.36795044 -4 14
    vertex 67.41869354 -3.312067986 14
    vertex 67.41869354 -3.312067986 16
  endloop
endfacet
facet normal 0.9996988205 -0.02454115376 0
  outer loop
    vertex 67.41869354 -3.312067986 14
    vertex 67.5 0 14
    vertex 67.41869354 -3.312067986 16
  endloop
endfacet
facet normal -0 -1 0
  outer loop
    vertex 68.19999695 -4 11.5
    vertex 68.19999695 -4 15.5
    vertex 67.90000153 -4 14
  endloop
endfacet
facet normal 0 -0 1
  outer loop
    vertex 67.36795044 -4 14
    vertex 67.90000153 -4 14
    vertex 67.41869354 -3.312067986 14
  endloop
endfacet
facet normal -0 -0 1
  outer loop
    vertex 67.41869354 -3.312067986 14
    vertex 67.90000153 -4 14
    vertex 67.5 0 14
  endloop
endfacet
facet normal -1 0 0
  outer loop
    vertex 67.90000153 -4 14
    vertex 67.90000153 -4 15.5
    vertex 67.90000153 4 14
  endloop
endfacet
facet normal -0 0 1
  outer loop
    vertex 59.35058975 -8.803828239 16
    vertex 66.76941681 -9.904307365 16
    vertex 67.17497253 -6.616157055 16
  endloop
endfacet
facet normal -0 0 1
  outer loop
    vertex 59.71108246 -5.881028652 16
    vertex 67.17497253 -6.616157055 16
    vertex 67.41869354 -3.312067986 16
  endloop
endfacet
facet normal 0.9996988205 -0.02454115376 0
  outer loop
    vertex 67.41869354 -3.312067986 16
    vertex 67.5 0 14
    vertex 67.5 0 16
  endloop
endfacet
facet normal -0 0 1
  outer loop
    vertex 59.92772675 -2.944060564 16
    vertex 67.41869354 -3.312067986 16
    vertex 67.5 0 16
  endloop
endfacet
facet normal 0 -1 0
  outer loop
    vertex 67.90000153 -4 14
    vertex 68.19999695 -4 15.5
    vertex 67.90000153 -4 15.5
  endloop
endfacet
facet normal 0 0 1
  outer loop
    vertex 67.90000153 -4 15.5
    vertex 68.19999695 -4 15.5
    vertex 68.19999695 4 15.5
  endloop
endfacet
facet normal -0.500000048 0.8660253761 0
  outer loop
    vertex 29.47372055 30.87306786 -5
    vertex 34.71317291 33.89806747 -4.253086567
    vertex 34.71317291 33.89806747 -5
  endloop
endfacet
facet normal -0.5000000215 0.8660253914 -2.471871442e-07
  outer loop
    vertex 29.47372055 30.87306786 -5
    vertex 34.49666595 33.77306747 -3
    vertex 34.71317291 33.89806747 -4.253086567
  endloop
endfacet
facet normal -0.4999989485 0.8660260108 0
  outer loop
    vertex 34.71317291 33.89806747 -4.253086567
    vertex 34.49666595 33.77306747 -3
    vertex 34.71317291 33.89806747 -3
  endloop
endfacet
facet normal -0.8660254148 -0.4999999809 0
  outer loop
    vertex 29.47372055 30.87306786 -5
    vertex 41.47372055 10.08845711 -5
    vertex 29.47372055 30.87306786 8
  endloop
endfacet
facet normal -0.5000000954 0.8660253487 0
  outer loop
    vertex 29.47372055 30.87306786 -5
    vertex 29.47372055 30.87306786 8
    vertex 34.49666595 33.77306747 -3
  endloop
endfacet
facet normal -0.5000000497 -0.8660253751 -0
  outer loop
    vertex 22.59807587 33.14101791 0
    vertex 17.40192413 36.14101791 8
    vertex 17.40192413 36.14101791 0
  endloop
endfacet
facet normal -0.5000000954 0.8660253487 0
  outer loop
    vertex 34.49666595 33.77306747 -3
    vertex 29.47372055 30.87306786 8
    vertex 34.49666595 33.77306747 0
  endloop
endfacet
facet normal -0.5000000497 -0.8660253751 0
  outer loop
    vertex 22.59807587 33.14101791 0
    vertex 22.59807587 33.14101791 8
    vertex 17.40192413 36.14101791 8
  endloop
endfacet
facet normal -0.5000000623 0.8660253678 2.766075482e-08
  outer loop
    vertex 34.49666595 33.77306747 0
    vertex 29.47372055 30.87306786 8
    vertex 36.91357803 35.16847229 8
  endloop
endfacet
facet normal 0 -0 -1
  outer loop
    vertex 3.796405058e-15 62 0
    vertex 3.532872438 71.91326904 0
    vertex 3.042195797 61.92531967 0
  endloop
endfacet
facet normal 0 0 -1
  outer loop
    vertex 3.796405058e-15 62 0
    vertex 4.408728563e-15 72 0
    vertex 3.532872438 71.91326904 0
  endloop
endfacet
facet normal 0 -0 -1
  outer loop
    vertex 3.042195797 61.92531967 0
    vertex 7.057234287 71.65329742 0
    vertex 6.077062607 61.70145416 0
  endloop
endfacet
facet normal 0 -0 -1
  outer loop
    vertex 6.077062607 61.70145416 0
    vertex 10.56459427 71.22071075 0
    vertex 9.097289085 61.32894516 0
  endloop
endfacet
facet normal 0 0 -1
  outer loop
    vertex 3.042195797 61.92531967 0
    vertex 3.532872438 71.91326904 0
    vertex 7.057234287 71.65329742 0
  endloop
endfacet
facet normal 0 0 -1
  outer loop
    vertex 6.077062607 61.70145416 0
    vertex 7.057234287 71.65329742 0
    vertex 10.56459427 71.22071075 0
  endloop
endfacet
facet normal 0 -0 -1
  outer loop
    vertex 15.0647707 60.14193726 0
    vertex 20.90049744 68.89970398 0
    vertex 17.99765015 59.33029938 0
  endloop
endfacet
facet normal 0 -0 -1
  outer loop
    vertex 9.097289085 61.32894516 0
    vertex 14.04650307 70.616539 0
    vertex 12.09560013 60.80868912 0
  endloop
endfacet
facet normal 0 0 -1
  outer loop
    vertex 9.097289085 61.32894516 0
    vertex 10.56459427 71.22071075 0
    vertex 14.04650307 70.616539 0
  endloop
endfacet
facet normal 0 -0 -1
  outer loop
    vertex 12.09560013 60.80868912 0
    vertex 17.49457359 69.84224701 0
    vertex 15.0647707 60.14193726 0
  endloop
endfacet
facet normal 0 0 -1
  outer loop
    vertex 12.09560013 60.80868912 0
    vertex 14.04650307 70.616539 0
    vertex 17.49457359 69.84224701 0
  endloop
endfacet
facet normal 0 0 -1
  outer loop
    vertex 15.0647707 60.14193726 0
    vertex 17.49457359 69.84224701 0
    vertex 20.90049744 68.89970398 0
  endloop
endfacet
facet normal 0 0 -1
  outer loop
    vertex 22.59807587 33.14101791 0
    vertex 17.40192413 36.14101791 0
    vertex 28.37883568 55.10584641 0
  endloop
endfacet
facet normal 0 0 -1
  outer loop
    vertex 17.40192413 36.14101791 0
    vertex 28.3574791 55.11659622 0
    vertex 28.37883568 55.10584641 0
  endloop
endfacet
facet normal 0 0 -1
  outer loop
    vertex 22.59807587 33.14101791 0
    vertex 28.37883568 55.10584641 0
    vertex 29.24225426 54.70841217 0
  endloop
endfacet
facet normal 0 0 -1
  outer loop
    vertex 22.59807587 33.14101791 0
    vertex 29.24225426 54.70841217 0
    vertex 31.88121796 53.18480682 0
  endloop
endfacet
facet normal 0 0 -1
  outer loop
    vertex 22.59807587 33.14101791 0
    vertex 31.88121796 53.18480682 0
    vertex 33.55329132 52.11600876 0
  endloop
endfacet
facet normal 0 -0 -1
  outer loop
    vertex 17.99765015 59.33029938 0
    vertex 24.25606918 67.79117584 0
    vertex 20.88717079 58.37573242 0
  endloop
endfacet
facet normal 0 -0 -1
  outer loop
    vertex 20.88717079 58.37573242 0
    vertex 27.5532074 66.51932526 0
    vertex 23.72637367 57.28053284 0
  endloop
endfacet
facet normal 0 0 -1
  outer loop
    vertex 17.99765015 59.33029938 0
    vertex 20.90049744 68.89970398 0
    vertex 24.25606918 67.79117584 0
  endloop
endfacet
facet normal 0 0 -1
  outer loop
    vertex 20.88717079 58.37573242 0
    vertex 24.25606918 67.79117584 0
    vertex 27.5532074 66.51932526 0
  endloop
endfacet
facet normal 0 -0 -1
  outer loop
    vertex 26.50841522 56.04733658 0
    vertex 33.9405632 63.49832916 0
    vertex 28.3574791 55.11659622 0
  endloop
endfacet
facet normal 0 -0 -1
  outer loop
    vertex 28.3574791 55.11659622 0
    vertex 33.9405632 63.49832916 0
    vertex 28.37883568 55.10584641 0
  endloop
endfacet
facet normal 0 -0 -1
  outer loop
    vertex 28.37883568 55.10584641 0
    vertex 33.9405632 63.49832916 0
    vertex 29.24225426 54.70841217 0
  endloop
endfacet
facet normal 0 -0 -1
  outer loop
    vertex 23.72637367 57.28053284 0
    vertex 30.78396606 65.08722687 0
    vertex 26.50841522 56.04733658 0
  endloop
endfacet
facet normal 0 0 -1
  outer loop
    vertex 23.72637367 57.28053284 0
    vertex 27.5532074 66.51932526 0
    vertex 30.78396606 65.08722687 0
  endloop
endfacet
facet normal 0 0 -1
  outer loop
    vertex 26.50841522 56.04733658 0
    vertex 30.78396606 65.08722687 0
    vertex 33.9405632 63.49832916 0
  endloop
endfacet
facet normal 0 0 -1
  outer loop
    vertex 31.88121796 53.18480682 0
    vertex 29.24225426 54.70841217 0
    vertex 37.01539612 61.75645828 0
  endloop
endfacet
facet normal 0 -0 -1
  outer loop
    vertex 31.88121796 53.18480682 0
    vertex 40.00105667 59.86581039 0
    vertex 33.55329132 52.11600876 0
  endloop
endfacet
facet normal 0 -0 -1
  outer loop
    vertex 33.55329132 52.11600876 0
    vertex 40.00105667 59.86581039 0
    vertex 34.44535446 51.55111694 0
  endloop
endfacet
facet normal 0 0 -1
  outer loop
    vertex 29.24225426 54.70841217 0
    vertex 33.9405632 63.49832916 0
    vertex 37.01539612 61.75645828 0
  endloop
endfacet
facet normal -0.02454077313 -0.9996988299 0
  outer loop
    vertex 3.796405058e-15 62 0
    vertex 3.042195797 61.92531967 0
    vertex 3.796405058e-15 62 7.900000095
  endloop
endfacet
facet normal -0.07356465644 -0.9972904498 0
  outer loop
    vertex 3.042195797 61.92531967 0
    vertex 6.077062607 61.70145416 0
    vertex 3.042195797 61.92531967 7.900000095
  endloop
endfacet
facet normal -0.1224105445 -0.9924795507 0
  outer loop
    vertex 6.077062607 61.70145416 0
    vertex 9.097289085 61.32894516 0
    vertex 6.077062607 61.70145416 7.900000095
  endloop
endfacet
facet normal 0.02454230502 0.9996987923 0
  outer loop
    vertex 4.408728563e-15 72 0
    vertex 3.532872438 71.91326904 8
    vertex 3.532872438 71.91326904 0
  endloop
endfacet
facet normal 0.07356430197 0.997290476 0
  outer loop
    vertex 3.532872438 71.91326904 0
    vertex 7.057234287 71.65329742 8
    vertex 7.057234287 71.65329742 0
  endloop
endfacet
facet normal -0.1709618007 -0.9852776577 0
  outer loop
    vertex 9.097289085 61.32894516 0
    vertex 12.09560013 60.80868912 0
    vertex 9.097289085 61.32894516 7.900000095
  endloop
endfacet
facet normal -0.2191019639 -0.9757019675 0
  outer loop
    vertex 12.09560013 60.80868912 0
    vertex 15.0647707 60.14193726 0
    vertex 12.09560013 60.80868912 7.900000095
  endloop
endfacet
facet normal -0.2667130097 -0.963775996 0
  outer loop
    vertex 15.0647707 60.14193726 0
    vertex 17.99765015 59.33029938 0
    vertex 15.0647707 60.14193726 7.900000095
  endloop
endfacet
facet normal 0.1224093028 0.9924797039 0
  outer loop
    vertex 7.057234287 71.65329742 0
    vertex 10.56459427 71.22071075 8
    vertex 10.56459427 71.22071075 0
  endloop
endfacet
facet normal 0.1709627853 0.9852774868 0
  outer loop
    vertex 10.56459427 71.22071075 0
    vertex 14.04650307 70.616539 8
    vertex 14.04650307 70.616539 0
  endloop
endfacet
facet normal 0.219101742 0.9757020173 0
  outer loop
    vertex 14.04650307 70.616539 0
    vertex 17.49457359 69.84224701 8
    vertex 17.49457359 69.84224701 0
  endloop
endfacet
facet normal -0.02454077313 -0.9996988299 0
  outer loop
    vertex 3.042195797 61.92531967 0
    vertex 3.042195797 61.92531967 7.900000095
    vertex 3.796405058e-15 62 7.900000095
  endloop
endfacet
facet normal -0.07356465644 -0.9972904498 0
  outer loop
    vertex 6.077062607 61.70145416 0
    vertex 6.077062607 61.70145416 7.900000095
    vertex 3.042195797 61.92531967 7.900000095
  endloop
endfacet
facet normal -0.1224105445 -0.9924795507 0
  outer loop
    vertex 9.097289085 61.32894516 0
    vertex 9.097289085 61.32894516 7.900000095
    vertex 6.077062607 61.70145416 7.900000095
  endloop
endfacet
facet normal 0.02454230502 0.9996987923 -0
  outer loop
    vertex 4.408728563e-15 72 0
    vertex 4.408728563e-15 72 8
    vertex 3.532872438 71.91326904 8
  endloop
endfacet
facet normal 0.07356430197 0.997290476 -0
  outer loop
    vertex 3.532872438 71.91326904 0
    vertex 3.532872438 71.91326904 8
    vertex 7.057234287 71.65329742 8
  endloop
endfacet
facet normal 0.1224093028 0.9924797039 -0
  outer loop
    vertex 7.057234287 71.65329742 0
    vertex 7.057234287 71.65329742 8
    vertex 10.56459427 71.22071075 8
  endloop
endfacet
facet normal -0.1709618007 -0.9852776577 0
  outer loop
    vertex 12.09560013 60.80868912 0
    vertex 12.09560013 60.80868912 7.900000095
    vertex 9.097289085 61.32894516 7.900000095
  endloop
endfacet
facet normal -0.2191019639 -0.9757019675 0
  outer loop
    vertex 15.0647707 60.14193726 0
    vertex 15.0647707 60.14193726 7.900000095
    vertex 12.09560013 60.80868912 7.900000095
  endloop
endfacet
facet normal -0.2667130097 -0.963775996 0
  outer loop
    vertex 17.99765015 59.33029938 0
    vertex 17.99765015 59.33029938 7.900000095
    vertex 15.0647707 60.14193726 7.900000095
  endloop
endfacet
facet normal 0.1709627853 0.9852774868 -0
  outer loop
    vertex 10.56459427 71.22071075 0
    vertex 10.56459427 71.22071075 8
    vertex 14.04650307 70.616539 8
  endloop
endfacet
facet normal 0.219101742 0.9757020173 -0
  outer loop
    vertex 14.04650307 70.616539 0
    vertex 14.04650307 70.616539 8
    vertex 17.49457359 69.84224701 8
  endloop
endfacet
facet normal 0.866025416 -0.4999999788 0
  outer loop
    vertex 22.59807587 33.14101791 0
    vertex 33.55329132 52.11600876 0
    vertex 22.59807587 33.14101791 8
  endloop
endfacet
facet normal -0.8660254094 0.4999999903 0
  outer loop
    vertex 17.40192413 36.14101791 0
    vertex 28.3574791 55.11659622 7.900000095
    vertex 28.3574791 55.11659622 0
  endloop
endfacet
facet normal -0.5758085027 -0.817584594 0
  outer loop
    vertex 34.44535446 51.55111694 0
    vertex 36.93335724 49.79886627 0
    vertex 34.44535446 51.55111694 7.900000095
  endloop
endfacet
facet normal -0.5349969853 -0.8448539671 0
  outer loop
    vertex 33.55329132 52.11600876 0
    vertex 34.44535446 51.55111694 0
    vertex 33.55329132 52.11600876 7.900000095
  endloop
endfacet
facet normal -0.8660254313 0.4999999524 0
  outer loop
    vertex 17.40192413 36.14101791 0
    vertex 17.40192413 36.14101791 8
    vertex 22.85010719 45.57754898 8
  endloop
endfacet
facet normal -0.8660253515 0.5000000905 -2.172736868e-07
  outer loop
    vertex 17.40192413 36.14101791 0
    vertex 22.85010719 45.57754898 8
    vertex 24.85278702 49.04629135 8
  endloop
endfacet
facet normal -0.8660253262 0.5000001345 -3.117756689e-07
  outer loop
    vertex 17.40192413 36.14101791 0
    vertex 24.85278702 49.04629135 8
    vertex 27.35613823 53.38222122 7.900000095
  endloop
endfacet
facet normal -0.8660256215 0.4999996229 1.176896839e-06
  outer loop
    vertex 17.40192413 36.14101791 0
    vertex 27.35613823 53.38222122 7.900000095
    vertex 28.3574791 55.11659622 7.900000095
  endloop
endfacet
facet normal 0.866025429 -0.4999999564 7.096611073e-08
  outer loop
    vertex 33.55329132 52.11600876 0
    vertex 28.05034447 42.58462524 8
    vertex 22.59807587 33.14101791 8
  endloop
endfacet
facet normal 0.866025572 -0.4999997086 4.645723193e-07
  outer loop
    vertex 33.55329132 52.11600876 0
    vertex 30.05141449 46.05058289 8
    vertex 28.05034447 42.58462524 8
  endloop
endfacet
facet normal 0.8660254507 -0.4999999187 2.52185104e-07
  outer loop
    vertex 33.55329132 52.11600876 0
    vertex 32.55275345 50.38302994 7.900000095
    vertex 30.05141449 46.05058289 8
  endloop
endfacet
facet normal 0.8660249529 -0.5000007809 0
  outer loop
    vertex 33.55329132 52.11600876 0
    vertex 33.55329132 52.11600876 7.900000095
    vertex 32.55275345 50.38302994 7.900000095
  endloop
endfacet
facet normal -0.5349969853 -0.8448539671 0
  outer loop
    vertex 34.44535446 51.55111694 0
    vertex 34.44535446 51.55111694 7.900000095
    vertex 33.55329132 52.11600876 7.900000095
  endloop
endfacet
facet normal -0.3598945158 -0.9329929997 0
  outer loop
    vertex 20.88717079 58.37573242 0
    vertex 23.72637367 57.28053284 0
    vertex 20.88717079 58.37573242 7.900000095
  endloop
endfacet
facet normal -0.3136812286 -0.9495283497 0
  outer loop
    vertex 17.99765015 59.33029938 0
    vertex 20.88717079 58.37573242 0
    vertex 17.99765015 59.33029938 7.900000095
  endloop
endfacet
facet normal -0.4052418779 -0.9142095057 0
  outer loop
    vertex 23.72637367 57.28053284 0
    vertex 26.50841522 56.04733658 0
    vertex 23.72637367 57.28053284 7.900000095
  endloop
endfacet
facet normal 0.2667119592 0.9637762867 0
  outer loop
    vertex 17.49457359 69.84224701 0
    vertex 20.90049744 68.89970398 8
    vertex 20.90049744 68.89970398 0
  endloop
endfacet
facet normal 0.3598960292 0.9329924159 0
  outer loop
    vertex 24.25606918 67.79117584 0
    vertex 27.5532074 66.51932526 8
    vertex 27.5532074 66.51932526 0
  endloop
endfacet
facet normal 0.3136809665 0.9495284363 0
  outer loop
    vertex 20.90049744 68.89970398 0
    vertex 24.25606918 67.79117584 8
    vertex 24.25606918 67.79117584 0
  endloop
endfacet
facet normal -0.4496112597 -0.8932243364 0
  outer loop
    vertex 26.50841522 56.04733658 0
    vertex 28.3574791 55.11659622 0
    vertex 26.50841522 56.04733658 7.900000095
  endloop
endfacet
facet normal 0.4928980955 0.8700870459 0
  outer loop
    vertex 33.9405632 63.49832916 0
    vertex 37.01539612 61.75645828 8
    vertex 37.01539612 61.75645828 0
  endloop
endfacet
facet normal 0.4052416841 0.9142095917 0
  outer loop
    vertex 27.5532074 66.51932526 0
    vertex 30.78396606 65.08722687 8
    vertex 30.78396606 65.08722687 0
  endloop
endfacet
facet normal 0.4496113818 0.893224275 0
  outer loop
    vertex 30.78396606 65.08722687 0
    vertex 33.9405632 63.49832916 8
    vertex 33.9405632 63.49832916 0
  endloop
endfacet
facet normal -0.3136812286 -0.9495283497 0
  outer loop
    vertex 20.88717079 58.37573242 0
    vertex 20.88717079 58.37573242 7.900000095
    vertex 17.99765015 59.33029938 7.900000095
  endloop
endfacet
facet normal -0.3598945158 -0.9329929997 0
  outer loop
    vertex 23.72637367 57.28053284 0
    vertex 23.72637367 57.28053284 7.900000095
    vertex 20.88717079 58.37573242 7.900000095
  endloop
endfacet
facet normal -0.4052418779 -0.9142095057 0
  outer loop
    vertex 26.50841522 56.04733658 0
    vertex 26.50841522 56.04733658 7.900000095
    vertex 23.72637367 57.28053284 7.900000095
  endloop
endfacet
facet normal 0.2667119592 0.9637762867 -0
  outer loop
    vertex 17.49457359 69.84224701 0
    vertex 17.49457359 69.84224701 8
    vertex 20.90049744 68.89970398 8
  endloop
endfacet
facet normal 0.3136809665 0.9495284363 -0
  outer loop
    vertex 20.90049744 68.89970398 0
    vertex 20.90049744 68.89970398 8
    vertex 24.25606918 67.79117584 8
  endloop
endfacet
facet normal 0.3598960292 0.9329924159 -0
  outer loop
    vertex 24.25606918 67.79117584 0
    vertex 24.25606918 67.79117584 8
    vertex 27.5532074 66.51932526 8
  endloop
endfacet
facet normal -0.4496112597 -0.8932243364 0
  outer loop
    vertex 28.3574791 55.11659622 0
    vertex 28.3574791 55.11659622 7.900000095
    vertex 26.50841522 56.04733658 7.900000095
  endloop
endfacet
facet normal 0.4928980955 0.8700870459 -0
  outer loop
    vertex 33.9405632 63.49832916 0
    vertex 33.9405632 63.49832916 8
    vertex 37.01539612 61.75645828 8
  endloop
endfacet
facet normal 0.4052416841 0.9142095917 -0
  outer loop
    vertex 27.5532074 66.51932526 0
    vertex 27.5532074 66.51932526 8
    vertex 30.78396606 65.08722687 8
  endloop
endfacet
facet normal 0.4496113818 0.893224275 -0
  outer loop
    vertex 30.78396606 65.08722687 0
    vertex 30.78396606 65.08722687 8
    vertex 33.9405632 63.49832916 8
  endloop
endfacet
facet normal 0.500000048 -0.8660253761 0
  outer loop
    vertex 41.47372055 10.08845711 -5
    vertex 46.71317291 13.11345673 -5
    vertex 46.71317291 13.11345673 -3.030863762
  endloop
endfacet
facet normal 0.5000019669 -0.8660242682 -6.807921173e-06
  outer loop
    vertex 41.47372055 10.08845711 -5
    vertex 46.71317291 13.11345673 -3.030863762
    vertex 46.49666977 12.98845768 -3
  endloop
endfacet
facet normal 0.4999999339 -0.866025442 0
  outer loop
    vertex 41.47372055 10.08845711 -5
    vertex 46.49666977 12.98845768 -3
    vertex 46.49666977 12.98845768 0
  endloop
endfacet
facet normal 0.5000026948 -0.8660238479 0
  outer loop
    vertex 46.49666977 12.98845768 -3
    vertex 46.71317291 13.11345673 -3.030863762
    vertex 46.71317291 13.11345673 -3
  endloop
endfacet
facet normal 0 -0 -1
  outer loop
    vertex 29.47372055 30.87306786 -5
    vertex 46.71317291 13.11345673 -5
    vertex 41.47372055 10.08845711 -5
  endloop
endfacet
facet normal 0 0 -1
  outer loop
    vertex 29.47372055 30.87306786 -5
    vertex 34.71317291 33.89806747 -5
    vertex 46.71317291 13.11345673 -5
  endloop
endfacet
facet normal 0.8660254148 0.4999999809 -0
  outer loop
    vertex 34.71317291 33.89806747 -5
    vertex 34.71317291 33.89806747 -4.253086567
    vertex 46.71317291 13.11345673 -5
  endloop
endfacet
facet normal 0.8660254148 0.4999999809 0
  outer loop
    vertex 34.71317291 33.89806747 -4.253086567
    vertex 46.71317291 13.11345673 -3.030863762
    vertex 46.71317291 13.11345673 -5
  endloop
endfacet
facet normal 0.8660254148 0.4999999809 -0
  outer loop
    vertex 34.71317291 33.89806747 -4.253086567
    vertex 34.71317291 33.89806747 -3
    vertex 46.71317291 13.11345673 -3.030863762
  endloop
endfacet
facet normal -0 -0 1
  outer loop
    vertex 34.49666595 33.77306747 -3
    vertex 46.49666977 12.98845768 -3
    vertex 34.71317291 33.89806747 -3
  endloop
endfacet
facet normal 0.8660254148 0.4999999809 0
  outer loop
    vertex 34.71317291 33.89806747 -3
    vertex 46.71317291 13.11345673 -3
    vertex 46.71317291 13.11345673 -3.030863762
  endloop
endfacet
facet normal -0 0 1
  outer loop
    vertex 34.71317291 33.89806747 -3
    vertex 46.49666977 12.98845768 -3
    vertex 46.71317291 13.11345673 -3
  endloop
endfacet
facet normal -0.8660254148 -0.4999999809 0
  outer loop
    vertex 55.28682709 18.06345749 -5
    vertex 55.28682709 18.06345749 -4.253086567
    vertex 43.28682709 38.84806824 -5
  endloop
endfacet
facet normal 0 0 -1
  outer loop
    vertex 55.28682709 18.06345749 -5
    vertex 43.28682709 38.84806824 -5
    vertex 60.52627945 21.08845711 -5
  endloop
endfacet
facet normal -0.8660254148 -0.4999999809 0
  outer loop
    vertex 55.28682709 18.06345749 -4.253086567
    vertex 55.28682709 18.06345749 -3
    vertex 43.28682709 38.84806824 -3.030864
  endloop
endfacet
facet normal 0 -0 1
  outer loop
    vertex 55.28682709 18.06345749 -3
    vertex 55.50333023 18.18845558 -3
    vertex 43.50333023 38.97306824 -3
  endloop
endfacet
facet normal -0.8660254148 -0.4999999809 -0
  outer loop
    vertex 55.28682709 18.06345749 -4.253086567
    vertex 43.28682709 38.84806824 -3.030864
    vertex 43.28682709 38.84806824 -5
  endloop
endfacet
facet normal 0 0 -1
  outer loop
    vertex 60.52627945 21.08845711 -5
    vertex 43.28682709 38.84806824 -5
    vertex 48.52627945 41.87306595 -5
  endloop
endfacet
facet normal -0.8660254148 -0.4999999809 -0
  outer loop
    vertex 55.28682709 18.06345749 -3
    vertex 43.28682709 38.84806824 -3
    vertex 43.28682709 38.84806824 -3.030864
  endloop
endfacet
facet normal 0 0 1
  outer loop
    vertex 55.28682709 18.06345749 -3
    vertex 43.50333023 38.97306824 -3
    vertex 43.28682709 38.84806824 -3
  endloop
endfacet
facet normal 0.8660253949 0.5000000153 -0
  outer loop
    vertex 60.52627945 21.08845711 -5
    vertex 48.52627945 41.87306595 -5
    vertex 48.52627945 41.87306595 0
  endloop
endfacet
facet normal 0.866025336 0.5000001173 0
  outer loop
    vertex 34.49666595 33.77306747 -3
    vertex 46.49666977 12.98845768 0
    vertex 46.49666977 12.98845768 -3
  endloop
endfacet
facet normal 0.866025336 0.5000001173 -0
  outer loop
    vertex 34.49666595 33.77306747 -3
    vertex 34.49666595 33.77306747 0
    vertex 46.49666977 12.98845768 0
  endloop
endfacet
facet normal 0 0 -1
  outer loop
    vertex 34.49666595 33.77306747 0
    vertex 43.50333023 38.97306824 0
    vertex 55.50333023 18.18845558 0
  endloop
endfacet
facet normal -0.8660254347 -0.4999999465 0
  outer loop
    vertex 55.50333023 18.18845558 -3
    vertex 55.50333023 18.18845558 -1.572726369
    vertex 43.50333023 38.97306824 -0.9190810323
  endloop
endfacet
facet normal 0 -0 -1
  outer loop
    vertex 34.49666595 33.77306747 0
    vertex 55.50333023 18.18845558 0
    vertex 46.49666977 12.98845768 0
  endloop
endfacet
facet normal -0.8660254347 -0.4999999465 0
  outer loop
    vertex 55.50333023 18.18845558 -1.572726369
    vertex 55.50333023 18.18845558 0
    vertex 43.50333023 38.97306824 0
  endloop
endfacet
facet normal -0.8660254347 -0.4999999465 -0
  outer loop
    vertex 55.50333023 18.18845558 -3
    vertex 43.50333023 38.97306824 -0.9190810323
    vertex 43.50333023 38.97306824 -3
  endloop
endfacet
facet normal -0.8660254347 -0.4999999465 -0
  outer loop
    vertex 55.50333023 18.18845558 -1.572726369
    vertex 43.50333023 38.97306824 0
    vertex 43.50333023 38.97306824 -0.9190810323
  endloop
endfacet
facet normal 0 0 -1
  outer loop
    vertex 61.92531967 3.042195797 0
    vertex 61.70145416 6.077062607 0
    vertex 71.91326904 3.532872438 0
  endloop
endfacet
facet normal 0 0 -1
  outer loop
    vertex 62 0 0
    vertex 61.92531967 3.042195797 0
    vertex 72 0 0
  endloop
endfacet
facet normal 0 0 -1
  outer loop
    vertex 61.70145416 6.077062607 0
    vertex 61.32894516 9.097289085 0
    vertex 71.65329742 7.057234287 0
  endloop
endfacet
facet normal 0 0 -1
  outer loop
    vertex 61.92531967 3.042195797 0
    vertex 71.91326904 3.532872438 0
    vertex 72 0 0
  endloop
endfacet
facet normal 0 0 -1
  outer loop
    vertex 61.70145416 6.077062607 0
    vertex 71.65329742 7.057234287 0
    vertex 71.91326904 3.532872438 0
  endloop
endfacet
facet normal 0 0 -1
  outer loop
    vertex 61.32894516 9.097289085 0
    vertex 71.22071075 10.56459427 0
    vertex 71.65329742 7.057234287 0
  endloop
endfacet
facet normal 0 0 -1
  outer loop
    vertex 61.32894516 9.097289085 0
    vertex 60.80868912 12.09560013 0
    vertex 71.22071075 10.56459427 0
  endloop
endfacet
facet normal 0 0 -1
  outer loop
    vertex 60.80868912 12.09560013 0
    vertex 60.14193726 15.0647707 0
    vertex 70.616539 14.04650307 0
  endloop
endfacet
facet normal 0 0 -1
  outer loop
    vertex 60.14193726 15.0647707 0
    vertex 59.33029938 17.99765015 0
    vertex 69.84224701 17.49457359 0
  endloop
endfacet
facet normal 0 0 -1
  outer loop
    vertex 60.14193726 15.0647707 0
    vertex 69.84224701 17.49457359 0
    vertex 70.616539 14.04650307 0
  endloop
endfacet
facet normal 0 0 -1
  outer loop
    vertex 60.80868912 12.09560013 0
    vertex 70.616539 14.04650307 0
    vertex 71.22071075 10.56459427 0
  endloop
endfacet
facet normal 0.500000048 -0.8660253761 0
  outer loop
    vertex 55.28682709 18.06345749 -5
    vertex 60.52627945 21.08845711 -5
    vertex 55.28682709 18.06345749 -4.253086567
  endloop
endfacet
facet normal 0.5000000428 -0.8660253791 -4.816357771e-08
  outer loop
    vertex 55.28682709 18.06345749 -4.253086567
    vertex 60.52627945 21.08845711 -5
    vertex 55.50333023 18.18845558 -3
  endloop
endfacet
facet normal 0.4999998337 -0.8660254998 0
  outer loop
    vertex 55.28682709 18.06345749 -4.253086567
    vertex 55.50333023 18.18845558 -3
    vertex 55.28682709 18.06345749 -3
  endloop
endfacet
facet normal 0.5000000572 -0.8660253708 0
  outer loop
    vertex 60.52627945 21.08845711 -5
    vertex 55.50333023 18.18845558 -1.572726369
    vertex 55.50333023 18.18845558 -3
  endloop
endfacet
facet normal 0.5000000632 -0.8660253673 1.17093353e-08
  outer loop
    vertex 60.52627945 21.08845711 -5
    vertex 58.66436005 20.01347733 0
    vertex 55.50333023 18.18845558 -1.572726369
  endloop
endfacet
facet normal 0.5000000396 -0.8660253809 0
  outer loop
    vertex 60.52627945 21.08845711 -5
    vertex 60.52627945 21.08845711 0
    vertex 58.66436005 20.01347733 0
  endloop
endfacet
facet normal 0.5000000676 -0.8660253648 0
  outer loop
    vertex 55.50333023 18.18845558 -1.572726369
    vertex 58.66436005 20.01347733 0
    vertex 55.50333023 18.18845558 0
  endloop
endfacet
facet normal 0 0 -1
  outer loop
    vertex 59.33029938 17.99765015 0
    vertex 58.66436005 20.01347733 0
    vertex 60.52627945 21.08845711 0
  endloop
endfacet
facet normal 0 0 -1
  outer loop
    vertex 59.33029938 17.99765015 0
    vertex 60.52627945 21.08845711 0
    vertex 68.89970398 20.90049744 0
  endloop
endfacet
facet normal 0.8660253949 0.5000000153 0
  outer loop
    vertex 60.52627945 21.08845711 -5
    vertex 48.52627945 41.87306595 0
    vertex 60.52627945 21.08845711 0
  endloop
endfacet
facet normal 0 0 -1
  outer loop
    vertex 60.52627945 21.08845711 0
    vertex 48.52627945 41.87306595 0
    vertex 67.79117584 24.25606918 0
  endloop
endfacet
facet normal 0 0 -1
  outer loop
    vertex 67.79117584 24.25606918 0
    vertex 48.52627945 41.87306595 0
    vertex 66.51932526 27.5532074 0
  endloop
endfacet
facet normal -0 -0 -1
  outer loop
    vertex 65.08722687 30.78396606 0
    vertex 66.51932526 27.5532074 0
    vertex 48.52627945 41.87306595 0
  endloop
endfacet
facet normal 0 0 -1
  outer loop
    vertex 65.08722687 30.78396606 0
    vertex 48.52627945 41.87306595 0
    vertex 63.49832916 33.9405632 0
  endloop
endfacet
facet normal 0 0 -1
  outer loop
    vertex 59.33029938 17.99765015 0
    vertex 68.89970398 20.90049744 0
    vertex 69.84224701 17.49457359 0
  endloop
endfacet
facet normal 0 0 -1
  outer loop
    vertex 60.52627945 21.08845711 0
    vertex 67.79117584 24.25606918 0
    vertex 68.89970398 20.90049744 0
  endloop
endfacet
facet normal 0.4999999339 -0.866025442 0
  outer loop
    vertex 41.47372055 10.08845711 -5
    vertex 46.49666977 12.98845768 0
    vertex 41.47372055 10.08845711 8
  endloop
endfacet
facet normal 0.5000000043 -0.8660254013 5.898014356e-08
  outer loop
    vertex 46.49666977 12.98845768 0
    vertex 55.50333023 18.18845558 0
    vertex 41.47372055 10.08845711 8
  endloop
endfacet
facet normal 0.5000000676 -0.8660253648 2.068256293e-07
  outer loop
    vertex 55.50333023 18.18845558 0
    vertex 58.66436005 20.01347733 0
    vertex 41.47372055 10.08845711 8
  endloop
endfacet
facet normal -0.8660254148 -0.4999999809 0
  outer loop
    vertex 41.47372055 10.08845711 -5
    vertex 41.47372055 10.08845711 8
    vertex 29.47372055 30.87306786 8
  endloop
endfacet
facet normal 0.500000068 -0.8660253645 2.08180153e-07
  outer loop
    vertex 58.66436005 20.01347733 0
    vertex 48.91943359 14.38724232 8
    vertex 41.47372055 10.08845711 8
  endloop
endfacet
facet normal 0.4999999196 -0.8660254502 -3.292389182e-08
  outer loop
    vertex 58.66436005 20.01347733 0
    vertex 52.47499847 16.44004822 8
    vertex 48.91943359 14.38724232 8
  endloop
endfacet
facet normal -0.5000000599 0.8660253692 2.670357734e-08
  outer loop
    vertex 34.49666595 33.77306747 0
    vertex 36.91357803 35.16847229 8
    vertex 40.47644424 37.22549438 8
  endloop
endfacet
facet normal -0.9996988299 -0.02454077313 -0
  outer loop
    vertex 62 0 0
    vertex 61.92531967 3.042195797 7.900000095
    vertex 61.92531967 3.042195797 0
  endloop
endfacet
facet normal -0.9972904498 -0.07356465644 -0
  outer loop
    vertex 61.92531967 3.042195797 0
    vertex 61.70145416 6.077062607 7.900000095
    vertex 61.70145416 6.077062607 0
  endloop
endfacet
facet normal -0.9924795507 -0.1224105445 -0
  outer loop
    vertex 61.70145416 6.077062607 0
    vertex 61.32894516 9.097289085 7.900000095
    vertex 61.32894516 9.097289085 0
  endloop
endfacet
facet normal -0.9852776577 -0.1709618007 -0
  outer loop
    vertex 61.32894516 9.097289085 0
    vertex 60.80868912 12.09560013 7.900000095
    vertex 60.80868912 12.09560013 0
  endloop
endfacet
facet normal -0.9757019675 -0.2191019639 -0
  outer loop
    vertex 60.80868912 12.09560013 0
    vertex 60.14193726 15.0647707 7.900000095
    vertex 60.14193726 15.0647707 0
  endloop
endfacet
facet normal -0.963775996 -0.2667130097 -0
  outer loop
    vertex 60.14193726 15.0647707 0
    vertex 59.33029938 17.99765015 7.900000095
    vertex 59.33029938 17.99765015 0
  endloop
endfacet
facet normal 0.9996987923 0.02454230502 0
  outer loop
    vertex 72 0 0
    vertex 71.91326904 3.532872438 0
    vertex 72 0 8
  endloop
endfacet
facet normal 0.997290476 0.07356430197 0
  outer loop
    vertex 71.91326904 3.532872438 0
    vertex 71.65329742 7.057234287 0
    vertex 71.91326904 3.532872438 8
  endloop
endfacet
facet normal 0.9924797039 0.1224093028 0
  outer loop
    vertex 71.65329742 7.057234287 0
    vertex 71.22071075 10.56459427 0
    vertex 71.65329742 7.057234287 8
  endloop
endfacet
facet normal 0.9852774868 0.1709627853 0
  outer loop
    vertex 71.22071075 10.56459427 0
    vertex 70.616539 14.04650307 0
    vertex 71.22071075 10.56459427 8
  endloop
endfacet
facet normal 0.9757020173 0.219101742 0
  outer loop
    vertex 70.616539 14.04650307 0
    vertex 69.84224701 17.49457359 0
    vertex 70.616539 14.04650307 8
  endloop
endfacet
facet normal -0.9996988299 -0.02454077313 0
  outer loop
    vertex 62 0 0
    vertex 62 0 7.900000095
    vertex 61.92531967 3.042195797 7.900000095
  endloop
endfacet
facet normal -0.9972904498 -0.07356465644 0
  outer loop
    vertex 61.92531967 3.042195797 0
    vertex 61.92531967 3.042195797 7.900000095
    vertex 61.70145416 6.077062607 7.900000095
  endloop
endfacet
facet normal -0.9924795507 -0.1224105445 0
  outer loop
    vertex 61.70145416 6.077062607 0
    vertex 61.70145416 6.077062607 7.900000095
    vertex 61.32894516 9.097289085 7.900000095
  endloop
endfacet
facet normal -0.9757019675 -0.2191019639 0
  outer loop
    vertex 60.80868912 12.09560013 0
    vertex 60.80868912 12.09560013 7.900000095
    vertex 60.14193726 15.0647707 7.900000095
  endloop
endfacet
facet normal -0.9852776577 -0.1709618007 0
  outer loop
    vertex 61.32894516 9.097289085 0
    vertex 61.32894516 9.097289085 7.900000095
    vertex 60.80868912 12.09560013 7.900000095
  endloop
endfacet
facet normal -0.963775996 -0.2667130097 0
  outer loop
    vertex 60.14193726 15.0647707 0
    vertex 60.14193726 15.0647707 7.900000095
    vertex 59.33029938 17.99765015 7.900000095
  endloop
endfacet
facet normal 0.9996987923 0.02454230502 -0
  outer loop
    vertex 71.91326904 3.532872438 0
    vertex 71.91326904 3.532872438 8
    vertex 72 0 8
  endloop
endfacet
facet normal 0.997290476 0.07356430197 -0
  outer loop
    vertex 71.65329742 7.057234287 0
    vertex 71.65329742 7.057234287 8
    vertex 71.91326904 3.532872438 8
  endloop
endfacet
facet normal 0.9924797039 0.1224093028 -0
  outer loop
    vertex 71.22071075 10.56459427 0
    vertex 71.22071075 10.56459427 8
    vertex 71.65329742 7.057234287 8
  endloop
endfacet
facet normal 0.9852774868 0.1709627853 -0
  outer loop
    vertex 70.616539 14.04650307 0
    vertex 70.616539 14.04650307 8
    vertex 71.22071075 10.56459427 8
  endloop
endfacet
facet normal 0.9757020173 0.219101742 -0
  outer loop
    vertex 69.84224701 17.49457359 0
    vertex 69.84224701 17.49457359 8
    vertex 70.616539 14.04650307 8
  endloop
endfacet
facet normal -0.949528183 -0.313681733 -0
  outer loop
    vertex 59.33029938 17.99765015 0
    vertex 58.66436005 20.01347733 7.900000095
    vertex 58.66436005 20.01347733 0
  endloop
endfacet
facet normal 0.8700870459 0.4928980955 0
  outer loop
    vertex 63.49832916 33.9405632 0
    vertex 61.75645828 37.01539612 0
    vertex 63.49832916 33.9405632 8
  endloop
endfacet
facet normal 0.9329924159 0.3598960292 0
  outer loop
    vertex 67.79117584 24.25606918 0
    vertex 66.51932526 27.5532074 0
    vertex 67.79117584 24.25606918 8
  endloop
endfacet
facet normal 0.9637762867 0.2667119592 0
  outer loop
    vertex 69.84224701 17.49457359 0
    vertex 68.89970398 20.90049744 0
    vertex 69.84224701 17.49457359 8
  endloop
endfacet
facet normal 0.9495284363 0.3136809665 0
  outer loop
    vertex 68.89970398 20.90049744 0
    vertex 67.79117584 24.25606918 0
    vertex 68.89970398 20.90049744 8
  endloop
endfacet
facet normal 0.9142095917 0.4052416841 0
  outer loop
    vertex 65.08722687 30.78396606 0
    vertex 66.51932526 27.5532074 8
    vertex 66.51932526 27.5532074 0
  endloop
endfacet
facet normal 0.893224275 0.4496113818 0
  outer loop
    vertex 65.08722687 30.78396606 0
    vertex 63.49832916 33.9405632 0
    vertex 65.08722687 30.78396606 8
  endloop
endfacet
facet normal 0.4999998855 -0.8660254699 -6.803957383e-08
  outer loop
    vertex 58.66436005 20.01347733 0
    vertex 56.89597321 18.9924984 7.900000095
    vertex 52.47499847 16.44004822 8
  endloop
endfacet
facet normal 0.5000001135 -0.8660253383 0
  outer loop
    vertex 58.66436005 20.01347733 0
    vertex 58.66436005 20.01347733 7.900000095
    vertex 56.89597321 18.9924984 7.900000095
  endloop
endfacet
facet normal -0.949528183 -0.313681733 0
  outer loop
    vertex 59.33029938 17.99765015 0
    vertex 59.33029938 17.99765015 7.900000095
    vertex 58.66436005 20.01347733 7.900000095
  endloop
endfacet
facet normal 0.8700870459 0.4928980955 -0
  outer loop
    vertex 61.75645828 37.01539612 0
    vertex 61.75645828 37.01539612 8
    vertex 63.49832916 33.9405632 8
  endloop
endfacet
facet normal 0.9329924159 0.3598960292 -0
  outer loop
    vertex 66.51932526 27.5532074 0
    vertex 66.51932526 27.5532074 8
    vertex 67.79117584 24.25606918 8
  endloop
endfacet
facet normal 0.9637762867 0.2667119592 -0
  outer loop
    vertex 68.89970398 20.90049744 0
    vertex 68.89970398 20.90049744 8
    vertex 69.84224701 17.49457359 8
  endloop
endfacet
facet normal 0.9495284363 0.3136809665 -0
  outer loop
    vertex 67.79117584 24.25606918 0
    vertex 67.79117584 24.25606918 8
    vertex 68.89970398 20.90049744 8
  endloop
endfacet
facet normal 0.9142095917 0.4052416841 -0
  outer loop
    vertex 65.08722687 30.78396606 0
    vertex 65.08722687 30.78396606 8
    vertex 66.51932526 27.5532074 8
  endloop
endfacet
facet normal 0.893224275 0.4496113818 -0
  outer loop
    vertex 63.49832916 33.9405632 0
    vertex 63.49832916 33.9405632 8
    vertex 65.08722687 30.78396606 8
  endloop
endfacet
facet normal -0.5000055558 0.8660221961 0
  outer loop
    vertex 43.28682709 38.84806824 -3.030864
    vertex 43.28682709 38.84806824 -3
    vertex 43.50333023 38.97306824 -3
  endloop
endfacet
facet normal -0.4999998115 0.8660255126 0
  outer loop
    vertex 43.28682709 38.84806824 -5
    vertex 43.28682709 38.84806824 -3.030864
    vertex 48.52627945 41.87306595 -5
  endloop
endfacet
facet normal -0.5000039761 0.866023108 -1.477495713e-05
  outer loop
    vertex 43.28682709 38.84806824 -3.030864
    vertex 43.50333023 38.97306824 -3
    vertex 48.52627945 41.87306595 -5
  endloop
endfacet
facet normal -0.4999995639 0.8660256556 0
  outer loop
    vertex 43.50333023 38.97306824 -3
    vertex 43.50333023 38.97306824 -0.9190810323
    vertex 48.52627945 41.87306595 -5
  endloop
endfacet
facet normal -0.4999997649 0.8660255395 0
  outer loop
    vertex 43.50333023 38.97306824 -0.9190810323
    vertex 43.50333023 38.97306824 0
    vertex 46.6629982 40.79730225 0
  endloop
endfacet
facet normal 0 -0 -1
  outer loop
    vertex 34.44535446 51.55111694 0
    vertex 42.89035034 57.83094406 0
    vertex 36.93335724 49.79886627 0
  endloop
endfacet
facet normal 0 -0 -1
  outer loop
    vertex 39.3323822 47.92664719 0
    vertex 48.35224533 53.34848022 0
    vertex 41.6366539 45.93896866 0
  endloop
endfacet
facet normal 0 0 -1
  outer loop
    vertex 39.3323822 47.92664719 0
    vertex 36.93335724 49.79886627 0
    vertex 45.67631531 55.65675354 0
  endloop
endfacet
facet normal 0 0 -1
  outer loop
    vertex 39.3323822 47.92664719 0
    vertex 45.67631531 55.65675354 0
    vertex 48.35224533 53.34848022 0
  endloop
endfacet
facet normal -0.4999997119 0.8660255701 -2.429203144e-07
  outer loop
    vertex 48.52627945 41.87306595 -5
    vertex 43.50333023 38.97306824 -0.9190810323
    vertex 46.6629982 40.79730225 0
  endloop
endfacet
facet normal -0.499999223 0.8660258524 0
  outer loop
    vertex 48.52627945 41.87306595 -5
    vertex 46.6629982 40.79730225 0
    vertex 48.52627945 41.87306595 0
  endloop
endfacet
facet normal 0 -0 -1
  outer loop
    vertex 45.93896866 41.6366539 0
    vertex 48.52627945 41.87306595 0
    vertex 46.6629982 40.79730225 0
  endloop
endfacet
facet normal 0 -0 -1
  outer loop
    vertex 43.84062195 43.84062195 0
    vertex 53.34848022 48.35224533 0
    vertex 45.93896866 41.6366539 0
  endloop
endfacet
facet normal 0 -0 -1
  outer loop
    vertex 45.93896866 41.6366539 0
    vertex 55.65675354 45.67631531 0
    vertex 48.52627945 41.87306595 0
  endloop
endfacet
facet normal 0 0 -1
  outer loop
    vertex 43.84062195 43.84062195 0
    vertex 41.6366539 45.93896866 0
    vertex 50.91168976 50.91168976 0
  endloop
endfacet
facet normal 0 0 -1
  outer loop
    vertex 43.84062195 43.84062195 0
    vertex 50.91168976 50.91168976 0
    vertex 53.34848022 48.35224533 0
  endloop
endfacet
facet normal 0 0 -1
  outer loop
    vertex 41.6366539 45.93896866 0
    vertex 48.35224533 53.34848022 0
    vertex 50.91168976 50.91168976 0
  endloop
endfacet
facet normal 0 0 -1
  outer loop
    vertex 45.93896866 41.6366539 0
    vertex 53.34848022 48.35224533 0
    vertex 55.65675354 45.67631531 0
  endloop
endfacet
facet normal 0 0 -1
  outer loop
    vertex 31.88121796 53.18480682 0
    vertex 37.01539612 61.75645828 0
    vertex 40.00105667 59.86581039 0
  endloop
endfacet
facet normal 0 0 -1
  outer loop
    vertex 34.44535446 51.55111694 0
    vertex 40.00105667 59.86581039 0
    vertex 42.89035034 57.83094406 0
  endloop
endfacet
facet normal 0 0 -1
  outer loop
    vertex 36.93335724 49.79886627 0
    vertex 42.89035034 57.83094406 0
    vertex 45.67631531 55.65675354 0
  endloop
endfacet
facet normal 0 0 -1
  outer loop
    vertex 63.49832916 33.9405632 0
    vertex 48.52627945 41.87306595 0
    vertex 61.75645828 37.01539612 0
  endloop
endfacet
facet normal 0 0 -1
  outer loop
    vertex 48.52627945 41.87306595 0
    vertex 59.86581039 40.00105667 0
    vertex 61.75645828 37.01539612 0
  endloop
endfacet
facet normal 0 0 -1
  outer loop
    vertex 48.52627945 41.87306595 0
    vertex 57.83094406 42.89035034 0
    vertex 59.86581039 40.00105667 0
  endloop
endfacet
facet normal 0 0 -1
  outer loop
    vertex 48.52627945 41.87306595 0
    vertex 55.65675354 45.67631531 0
    vertex 57.83094406 42.89035034 0
  endloop
endfacet
facet normal -0.5000000518 0.8660253739 1.529927638e-07
  outer loop
    vertex 34.49666595 33.77306747 0
    vertex 46.6629982 40.79730225 7.900000095
    vertex 43.50333023 38.97306824 0
  endloop
endfacet
facet normal -0.7242479541 -0.6895396297 0
  outer loop
    vertex 43.84062195 43.84062195 0
    vertex 45.93896866 41.6366539 0
    vertex 43.84062195 43.84062195 7.900000095
  endloop
endfacet
facet normal -0.6152319232 -0.7883461681 -0
  outer loop
    vertex 39.3323822 47.92664719 0
    vertex 36.93335724 49.79886627 7.900000095
    vertex 36.93335724 49.79886627 0
  endloop
endfacet
facet normal -0.6531728602 -0.7572088316 0
  outer loop
    vertex 39.3323822 47.92664719 0
    vertex 41.6366539 45.93896866 0
    vertex 39.3323822 47.92664719 7.900000095
  endloop
endfacet
facet normal -0.6895396297 -0.7242479541 -0
  outer loop
    vertex 43.84062195 43.84062195 0
    vertex 41.6366539 45.93896866 7.900000095
    vertex 41.6366539 45.93896866 0
  endloop
endfacet
facet normal -0.4999997649 0.8660255395 0
  outer loop
    vertex 43.50333023 38.97306824 0
    vertex 46.6629982 40.79730225 7.900000095
    vertex 46.6629982 40.79730225 0
  endloop
endfacet
facet normal -0.7572089246 -0.6531727524 0
  outer loop
    vertex 45.93896866 41.6366539 0
    vertex 46.6629982 40.79730225 0
    vertex 45.93896866 41.6366539 7.900000095
  endloop
endfacet
facet normal 0.7242475352 0.6895400697 0
  outer loop
    vertex 53.34848022 48.35224533 0
    vertex 50.91168976 50.91168976 0
    vertex 53.34848022 48.35224533 8
  endloop
endfacet
facet normal 0.6895400697 0.7242475352 0
  outer loop
    vertex 48.35224533 53.34848022 0
    vertex 50.91168976 50.91168976 8
    vertex 50.91168976 50.91168976 0
  endloop
endfacet
facet normal -0.4999995383 0.8660256703 -4.931416975e-07
  outer loop
    vertex 34.49666595 33.77306747 0
    vertex 40.47644424 37.22549438 8
    vertex 44.90036011 39.7796402 7.900000095
  endloop
endfacet
facet normal -0.5000009107 0.866024878 1.916596365e-06
  outer loop
    vertex 34.49666595 33.77306747 0
    vertex 44.90036011 39.7796402 7.900000095
    vertex 46.6629982 40.79730225 7.900000095
  endloop
endfacet
facet normal -0.6895396297 -0.7242479541 0
  outer loop
    vertex 43.84062195 43.84062195 0
    vertex 43.84062195 43.84062195 7.900000095
    vertex 41.6366539 45.93896866 7.900000095
  endloop
endfacet
facet normal -0.6152319232 -0.7883461681 0
  outer loop
    vertex 39.3323822 47.92664719 0
    vertex 39.3323822 47.92664719 7.900000095
    vertex 36.93335724 49.79886627 7.900000095
  endloop
endfacet
facet normal -0.5758085027 -0.817584594 0
  outer loop
    vertex 36.93335724 49.79886627 0
    vertex 36.93335724 49.79886627 7.900000095
    vertex 34.44535446 51.55111694 7.900000095
  endloop
endfacet
facet normal -0.6531728602 -0.7572088316 0
  outer loop
    vertex 41.6366539 45.93896866 0
    vertex 41.6366539 45.93896866 7.900000095
    vertex 39.3323822 47.92664719 7.900000095
  endloop
endfacet
facet normal -0.7242479541 -0.6895396297 0
  outer loop
    vertex 45.93896866 41.6366539 0
    vertex 45.93896866 41.6366539 7.900000095
    vertex 43.84062195 43.84062195 7.900000095
  endloop
endfacet
facet normal -0.7572089246 -0.6531727524 0
  outer loop
    vertex 46.6629982 40.79730225 0
    vertex 46.6629982 40.79730225 7.900000095
    vertex 45.93896866 41.6366539 7.900000095
  endloop
endfacet
facet normal 0.6895400697 0.7242475352 -0
  outer loop
    vertex 48.35224533 53.34848022 0
    vertex 48.35224533 53.34848022 8
    vertex 50.91168976 50.91168976 8
  endloop
endfacet
facet normal 0.7242475352 0.6895400697 -0
  outer loop
    vertex 50.91168976 50.91168976 0
    vertex 50.91168976 50.91168976 8
    vertex 53.34848022 48.35224533 8
  endloop
endfacet
facet normal 0.5349974572 0.8448536683 0
  outer loop
    vertex 37.01539612 61.75645828 0
    vertex 40.00105667 59.86581039 8
    vertex 40.00105667 59.86581039 0
  endloop
endfacet
facet normal 0.6152319638 0.7883461363 0
  outer loop
    vertex 42.89035034 57.83094406 0
    vertex 45.67631531 55.65675354 8
    vertex 45.67631531 55.65675354 0
  endloop
endfacet
facet normal 0.5758074621 0.8175853268 0
  outer loop
    vertex 40.00105667 59.86581039 0
    vertex 42.89035034 57.83094406 8
    vertex 42.89035034 57.83094406 0
  endloop
endfacet
facet normal 0.6531728759 0.7572088181 0
  outer loop
    vertex 48.35224533 53.34848022 0
    vertex 45.67631531 55.65675354 0
    vertex 48.35224533 53.34848022 8
  endloop
endfacet
facet normal 0.5349974572 0.8448536683 -0
  outer loop
    vertex 37.01539612 61.75645828 0
    vertex 37.01539612 61.75645828 8
    vertex 40.00105667 59.86581039 8
  endloop
endfacet
facet normal 0.6152319638 0.7883461363 -0
  outer loop
    vertex 42.89035034 57.83094406 0
    vertex 42.89035034 57.83094406 8
    vertex 45.67631531 55.65675354 8
  endloop
endfacet
facet normal 0.5758074621 0.8175853268 -0
  outer loop
    vertex 40.00105667 59.86581039 0
    vertex 40.00105667 59.86581039 8
    vertex 42.89035034 57.83094406 8
  endloop
endfacet
facet normal 0.6531728759 0.7572088181 -0
  outer loop
    vertex 45.67631531 55.65675354 0
    vertex 45.67631531 55.65675354 8
    vertex 48.35224533 53.34848022 8
  endloop
endfacet
facet normal 0.7883461363 0.6152319638 0
  outer loop
    vertex 57.83094406 42.89035034 0
    vertex 55.65675354 45.67631531 0
    vertex 57.83094406 42.89035034 8
  endloop
endfacet
facet normal 0.8448536683 0.5349974572 0
  outer loop
    vertex 59.86581039 40.00105667 0
    vertex 61.75645828 37.01539612 8
    vertex 61.75645828 37.01539612 0
  endloop
endfacet
facet normal 0.8175853268 0.5758074621 0
  outer loop
    vertex 57.83094406 42.89035034 0
    vertex 59.86581039 40.00105667 8
    vertex 59.86581039 40.00105667 0
  endloop
endfacet
facet normal 0.7572088181 0.6531728759 0
  outer loop
    vertex 53.34848022 48.35224533 0
    vertex 55.65675354 45.67631531 8
    vertex 55.65675354 45.67631531 0
  endloop
endfacet
facet normal 0.7883461363 0.6152319638 -0
  outer loop
    vertex 55.65675354 45.67631531 0
    vertex 55.65675354 45.67631531 8
    vertex 57.83094406 42.89035034 8
  endloop
endfacet
facet normal 0.8448536683 0.5349974572 -0
  outer loop
    vertex 59.86581039 40.00105667 0
    vertex 59.86581039 40.00105667 8
    vertex 61.75645828 37.01539612 8
  endloop
endfacet
facet normal 0.8175853268 0.5758074621 -0
  outer loop
    vertex 57.83094406 42.89035034 0
    vertex 57.83094406 42.89035034 8
    vertex 59.86581039 40.00105667 8
  endloop
endfacet
facet normal 0.7572088181 0.6531728759 -0
  outer loop
    vertex 53.34848022 48.35224533 0
    vertex 53.34848022 48.35224533 8
    vertex 55.65675354 45.67631531 8
  endloop
endfacet
facet normal 0 -0 1
  outer loop
    vertex 29.47372055 30.87306786 8
    vertex 37.78850555 34.2495079 8
    vertex 36.91357803 35.16847229 8
  endloop
endfacet
facet normal 0 -0 1
  outer loop
    vertex 29.47372055 30.87306786 8
    vertex 39.42353439 32.35405731 8
    vertex 37.78850555 34.2495079 8
  endloop
endfacet
facet normal 0 0 -1
  outer loop
    vertex 3.122849329e-15 51 8
    vertex 3.367778646e-15 55 8
    vertex 2.698722124 54.93375015 8
  endloop
endfacet
facet normal 0 -0 -1
  outer loop
    vertex 3.122849329e-15 51 8
    vertex 2.698722124 54.93375015 8
    vertex 2.50245142 50.93856812 8
  endloop
endfacet
facet normal 0 -0 -1
  outer loop
    vertex 2.50245142 50.93856812 8
    vertex 5.390942574 54.73516083 8
    vertex 4.998874187 50.75442123 8
  endloop
endfacet
facet normal 0 0 -1
  outer loop
    vertex 2.50245142 50.93856812 8
    vertex 2.698722124 54.93375015 8
    vertex 5.390942574 54.73516083 8
  endloop
endfacet
facet normal 0 0 -1
  outer loop
    vertex 4.998874187 50.75442123 8
    vertex 5.390942574 54.73516083 8
    vertex 8.070176125 54.40470886 8
  endloop
endfacet
facet normal 0 -0 -1
  outer loop
    vertex 4.998874187 50.75442123 8
    vertex 8.070176125 54.40470886 8
    vertex 7.483254433 50.44800186 8
  endloop
endfacet
facet normal 0 0 -1
  outer loop
    vertex 7.483254433 50.44800186 8
    vertex 8.070176125 54.40470886 8
    vertex 10.72996807 53.94319153 8
  endloop
endfacet
facet normal 0 -0 -1
  outer loop
    vertex 7.483254433 50.44800186 8
    vertex 10.72996807 53.94319153 8
    vertex 9.949606895 50.02005005 8
  endloop
endfacet
facet normal 0 0 -1
  outer loop
    vertex 12.39198875 49.47159576 8
    vertex 9.949606895 50.02005005 8
    vertex 13.36390972 53.3517189 8
  endloop
endfacet
facet normal 0 0 -1
  outer loop
    vertex 9.949606895 50.02005005 8
    vertex 10.72996807 53.94319153 8
    vertex 13.36390972 53.3517189 8
  endloop
endfacet
facet normal 0 -0 -1
  outer loop
    vertex 12.39198875 49.47159576 8
    vertex 15.96565723 52.63171768 8
    vertex 14.8045187 48.80395889 8
  endloop
endfacet
facet normal 0 0 -1
  outer loop
    vertex 12.39198875 49.47159576 8
    vertex 13.36390972 53.3517189 8
    vertex 15.96565723 52.63171768 8
  endloop
endfacet
facet normal 0 -0 -1
  outer loop
    vertex 14.8045187 48.80395889 8
    vertex 18.52894211 51.78492355 8
    vertex 17.18138313 48.01874542 8
  endloop
endfacet
facet normal 0 0 -1
  outer loop
    vertex 14.8045187 48.80395889 8
    vertex 15.96565723 52.63171768 8
    vertex 18.52894211 51.78492355 8
  endloop
endfacet
facet normal -0.02454128862 -0.9996988172 0
  outer loop
    vertex 3.122849329e-15 51 8
    vertex 2.50245142 50.93856812 8
    vertex 2.50245142 50.93856812 11.5
  endloop
endfacet
facet normal -0.07356443439 -0.9972904662 0
  outer loop
    vertex 2.50245142 50.93856812 8
    vertex 4.998874187 50.75442123 8
    vertex 4.998874187 50.75442123 11.5
  endloop
endfacet
facet normal -0.1224107914 -0.9924795203 0
  outer loop
    vertex 4.998874187 50.75442123 8
    vertex 7.483254433 50.44800186 8
    vertex 7.483254433 50.44800186 11.5
  endloop
endfacet
facet normal -0.02454128862 -0.9996988172 0
  outer loop
    vertex 3.122849329e-15 51 8
    vertex 2.50245142 50.93856812 11.5
    vertex 3.122849329e-15 51 11.5
  endloop
endfacet
facet normal -0.07356443439 -0.9972904662 0
  outer loop
    vertex 2.50245142 50.93856812 8
    vertex 4.998874187 50.75442123 11.5
    vertex 2.50245142 50.93856812 11.5
  endloop
endfacet
facet normal -0.1224107914 -0.9924795203 0
  outer loop
    vertex 4.998874187 50.75442123 8
    vertex 7.483254433 50.44800186 11.5
    vertex 4.998874187 50.75442123 11.5
  endloop
endfacet
facet normal -0.1709615258 -0.9852777054 0
  outer loop
    vertex 7.483254433 50.44800186 8
    vertex 9.949606895 50.02005005 11.5
    vertex 7.483254433 50.44800186 11.5
  endloop
endfacet
facet normal -0.1709615258 -0.9852777054 0
  outer loop
    vertex 7.483254433 50.44800186 8
    vertex 9.949606895 50.02005005 8
    vertex 9.949606895 50.02005005 11.5
  endloop
endfacet
facet normal -0.219100897 -0.9757022071 0
  outer loop
    vertex 12.39198875 49.47159576 8
    vertex 12.39198875 49.47159576 11.5
    vertex 9.949606895 50.02005005 8
  endloop
endfacet
facet normal 0.2191016806 0.9757020311 0
  outer loop
    vertex 10.72996807 53.94319153 8
    vertex 13.36390972 53.3517189 11.5
    vertex 13.36390972 53.3517189 8
  endloop
endfacet
facet normal -0.2667127278 -0.963776074 0
  outer loop
    vertex 12.39198875 49.47159576 8
    vertex 14.8045187 48.80395889 8
    vertex 14.8045187 48.80395889 11.5
  endloop
endfacet
facet normal -0.3136830096 -0.9495277613 0
  outer loop
    vertex 14.8045187 48.80395889 8
    vertex 17.18138313 48.01874542 8
    vertex 17.18138313 48.01874542 11.5
  endloop
endfacet
facet normal 0.266713004 0.9637759976 0
  outer loop
    vertex 13.36390972 53.3517189 8
    vertex 15.96565723 52.63171768 11.5
    vertex 15.96565723 52.63171768 8
  endloop
endfacet
facet normal 0.3136814687 0.9495282703 0
  outer loop
    vertex 15.96565723 52.63171768 8
    vertex 18.52894211 51.78492355 11.5
    vertex 18.52894211 51.78492355 8
  endloop
endfacet
facet normal -0.2667127278 -0.963776074 0
  outer loop
    vertex 12.39198875 49.47159576 8
    vertex 14.8045187 48.80395889 11.5
    vertex 12.39198875 49.47159576 11.5
  endloop
endfacet
facet normal -0.219100897 -0.9757022071 0
  outer loop
    vertex 9.949606895 50.02005005 8
    vertex 12.39198875 49.47159576 11.5
    vertex 9.949606895 50.02005005 11.5
  endloop
endfacet
facet normal 0.2191016806 0.9757020311 -0
  outer loop
    vertex 10.72996807 53.94319153 8
    vertex 10.72996807 53.94319153 11.5
    vertex 13.36390972 53.3517189 11.5
  endloop
endfacet
facet normal -0.3136830096 -0.9495277613 0
  outer loop
    vertex 14.8045187 48.80395889 8
    vertex 17.18138313 48.01874542 11.5
    vertex 14.8045187 48.80395889 11.5
  endloop
endfacet
facet normal -0.3598948092 -0.9329928865 0
  outer loop
    vertex 17.18138313 48.01874542 8
    vertex 19.51685524 47.11785507 11.5
    vertex 17.18138313 48.01874542 11.5
  endloop
endfacet
facet normal 0.266713004 0.9637759976 -0
  outer loop
    vertex 13.36390972 53.3517189 8
    vertex 13.36390972 53.3517189 11.5
    vertex 15.96565723 52.63171768 11.5
  endloop
endfacet
facet normal 0.3136814687 0.9495282703 -0
  outer loop
    vertex 15.96565723 52.63171768 8
    vertex 15.96565723 52.63171768 11.5
    vertex 18.52894211 51.78492355 11.5
  endloop
endfacet
facet normal 0 0 -1
  outer loop
    vertex 3.673940187e-15 60 7.900000095
    vertex 3.796405058e-15 62 7.900000095
    vertex 2.944060564 59.92772675 7.900000095
  endloop
endfacet
facet normal 0 -0 -1
  outer loop
    vertex 3.796405058e-15 62 7.900000095
    vertex 3.042195797 61.92531967 7.900000095
    vertex 2.944060564 59.92772675 7.900000095
  endloop
endfacet
facet normal 0 0 -1
  outer loop
    vertex 2.944060564 59.92772675 7.900000095
    vertex 3.042195797 61.92531967 7.900000095
    vertex 5.881028652 59.71108246 7.900000095
  endloop
endfacet
facet normal 0 -0 -1
  outer loop
    vertex 3.042195797 61.92531967 7.900000095
    vertex 6.077062607 61.70145416 7.900000095
    vertex 5.881028652 59.71108246 7.900000095
  endloop
endfacet
facet normal 0 0 -1
  outer loop
    vertex 5.881028652 59.71108246 7.900000095
    vertex 6.077062607 61.70145416 7.900000095
    vertex 8.803828239 59.35058975 7.900000095
  endloop
endfacet
facet normal 0 -0 -1
  outer loop
    vertex 6.077062607 61.70145416 7.900000095
    vertex 9.097289085 61.32894516 7.900000095
    vertex 8.803828239 59.35058975 7.900000095
  endloop
endfacet
facet normal 0 0 1
  outer loop
    vertex 3.312067986 67.41869354 8
    vertex 4.408728563e-15 72 8
    vertex 4.133182816e-15 67.5 8
  endloop
endfacet
facet normal -0 -0 1
  outer loop
    vertex 3.312067986 67.41869354 8
    vertex 6.616157055 67.17497253 8
    vertex 3.532872438 71.91326904 8
  endloop
endfacet
facet normal 0 -0 1
  outer loop
    vertex 3.312067986 67.41869354 8
    vertex 3.532872438 71.91326904 8
    vertex 4.408728563e-15 72 8
  endloop
endfacet
facet normal -0 0 1
  outer loop
    vertex 3.532872438 71.91326904 8
    vertex 6.616157055 67.17497253 8
    vertex 7.057234287 71.65329742 8
  endloop
endfacet
facet normal -0 -0 1
  outer loop
    vertex 6.616157055 67.17497253 8
    vertex 9.904307365 66.76941681 8
    vertex 7.057234287 71.65329742 8
  endloop
endfacet
facet normal 0 0 -1
  outer loop
    vertex 8.803828239 59.35058975 7.900000095
    vertex 9.097289085 61.32894516 7.900000095
    vertex 11.70541954 58.84711838 7.900000095
  endloop
endfacet
facet normal 0 -0 -1
  outer loop
    vertex 9.097289085 61.32894516 7.900000095
    vertex 12.09560013 60.80868912 7.900000095
    vertex 11.70541954 58.84711838 7.900000095
  endloop
endfacet
facet normal 0 0 -1
  outer loop
    vertex 11.70541954 58.84711838 7.900000095
    vertex 12.09560013 60.80868912 7.900000095
    vertex 14.57881069 58.20187378 7.900000095
  endloop
endfacet
facet normal 0 -0 -1
  outer loop
    vertex 12.09560013 60.80868912 7.900000095
    vertex 15.0647707 60.14193726 7.900000095
    vertex 14.57881069 58.20187378 7.900000095
  endloop
endfacet
facet normal 0 0 -1
  outer loop
    vertex 14.57881069 58.20187378 7.900000095
    vertex 15.0647707 60.14193726 7.900000095
    vertex 17.41707993 57.41641998 7.900000095
  endloop
endfacet
facet normal 0 0 -1
  outer loop
    vertex 17.41707993 57.41641998 7.900000095
    vertex 15.0647707 60.14193726 7.900000095
    vertex 17.99765015 59.33029938 7.900000095
  endloop
endfacet
facet normal -0 -0 1
  outer loop
    vertex 9.904307365 66.76941681 8
    vertex 13.16859627 66.20300293 8
    vertex 10.56459427 71.22071075 8
  endloop
endfacet
facet normal -0 0 1
  outer loop
    vertex 7.057234287 71.65329742 8
    vertex 9.904307365 66.76941681 8
    vertex 10.56459427 71.22071075 8
  endloop
endfacet
facet normal 0 -0 1
  outer loop
    vertex 13.16859627 66.20300293 8
    vertex 14.04650307 70.616539 8
    vertex 10.56459427 71.22071075 8
  endloop
endfacet
facet normal -0 -0 1
  outer loop
    vertex 13.16859627 66.20300293 8
    vertex 16.40116119 65.47711182 8
    vertex 14.04650307 70.616539 8
  endloop
endfacet
facet normal -0 -0 1
  outer loop
    vertex 16.40116119 65.47711182 8
    vertex 19.59421539 64.59347534 8
    vertex 17.49457359 69.84224701 8
  endloop
endfacet
facet normal 0 -0 1
  outer loop
    vertex 16.40116119 65.47711182 8
    vertex 17.49457359 69.84224701 8
    vertex 14.04650307 70.616539 8
  endloop
endfacet
facet normal 0.0245412055 0.9996988193 0
  outer loop
    vertex 3.367778646e-15 55 8
    vertex 2.698722124 54.93375015 11.5
    vertex 2.698722124 54.93375015 8
  endloop
endfacet
facet normal 0.073564274 0.997290478 0
  outer loop
    vertex 2.698722124 54.93375015 8
    vertex 5.390942574 54.73516083 11.5
    vertex 5.390942574 54.73516083 8
  endloop
endfacet
facet normal 0.1224106843 0.9924795335 0
  outer loop
    vertex 5.390942574 54.73516083 8
    vertex 8.070176125 54.40470886 11.5
    vertex 8.070176125 54.40470886 8
  endloop
endfacet
facet normal 0.0245412055 0.9996988193 -0
  outer loop
    vertex 3.367778646e-15 55 8
    vertex 3.367778646e-15 55 11.5
    vertex 2.698722124 54.93375015 11.5
  endloop
endfacet
facet normal 0.073564274 0.997290478 -0
  outer loop
    vertex 2.698722124 54.93375015 8
    vertex 2.698722124 54.93375015 11.5
    vertex 5.390942574 54.73516083 11.5
  endloop
endfacet
facet normal -0.02454144033 -0.9996988135 0
  outer loop
    vertex 3.673940187e-15 60 7.900000095
    vertex 2.944060564 59.92772675 7.900000095
    vertex 2.944060564 59.92772675 16
  endloop
endfacet
facet normal 0.1224106843 0.9924795335 -0
  outer loop
    vertex 5.390942574 54.73516083 8
    vertex 5.390942574 54.73516083 11.5
    vertex 8.070176125 54.40470886 11.5
  endloop
endfacet
facet normal 0.1709617632 0.9852776642 -0
  outer loop
    vertex 8.070176125 54.40470886 8
    vertex 8.070176125 54.40470886 11.5
    vertex 10.72996807 53.94319153 11.5
  endloop
endfacet
facet normal -0.07356473438 -0.9972904441 0
  outer loop
    vertex 2.944060564 59.92772675 7.900000095
    vertex 5.881028652 59.71108246 7.900000095
    vertex 5.881028652 59.71108246 16
  endloop
endfacet
facet normal -0.1224105951 -0.9924795445 0
  outer loop
    vertex 5.881028652 59.71108246 7.900000095
    vertex 8.803828239 59.35058975 7.900000095
    vertex 8.803828239 59.35058975 16
  endloop
endfacet
facet normal 0.02454115376 0.9996988205 0
  outer loop
    vertex 3.312067986 67.41869354 8
    vertex 4.133182816e-15 67.5 8
    vertex 3.312067986 67.41869354 11.5
  endloop
endfacet
facet normal 0.07356358986 0.9972905285 -3.235802733e-07
  outer loop
    vertex 3.312067986 67.41869354 8
    vertex 4 67.36795044 11.5
    vertex 6.616157055 67.17497253 8
  endloop
endfacet
facet normal 0.02454115376 0.9996988205 -0
  outer loop
    vertex 4.133182816e-15 67.5 8
    vertex 4.133182816e-15 67.5 11.5
    vertex 3.312067986 67.41869354 11.5
  endloop
endfacet
facet normal 0.07356195249 0.9972906493 -0
  outer loop
    vertex 3.312067986 67.41869354 8
    vertex 3.312067986 67.41869354 11.5
    vertex 4 67.36795044 11.5
  endloop
endfacet
facet normal 0.122410992 0.9924794955 -0
  outer loop
    vertex 6.616157055 67.17497253 8
    vertex 6.616157055 67.17497253 16
    vertex 9.904307365 66.76941681 8
  endloop
endfacet
facet normal 0.1709617632 0.9852776642 0
  outer loop
    vertex 10.72996807 53.94319153 8
    vertex 8.070176125 54.40470886 8
    vertex 10.72996807 53.94319153 11.5
  endloop
endfacet
facet normal -0.1709610723 -0.9852777841 0
  outer loop
    vertex 8.803828239 59.35058975 7.900000095
    vertex 11.70541954 58.84711838 7.900000095
    vertex 11.70541954 58.84711838 16
  endloop
endfacet
facet normal -0.2191022223 -0.9757019095 0
  outer loop
    vertex 11.70541954 58.84711838 7.900000095
    vertex 14.57881069 58.20187378 7.900000095
    vertex 14.57881069 58.20187378 16
  endloop
endfacet
facet normal -0.2667124158 -0.9637761603 0
  outer loop
    vertex 14.57881069 58.20187378 7.900000095
    vertex 17.41707993 57.41641998 7.900000095
    vertex 17.41707993 57.41641998 16
  endloop
endfacet
facet normal 0.1709636539 0.9852773361 -0
  outer loop
    vertex 9.904307365 66.76941681 8
    vertex 9.904307365 66.76941681 16
    vertex 13.16859627 66.20300293 8
  endloop
endfacet
facet normal 0.2190996266 0.9757024924 -0
  outer loop
    vertex 13.16859627 66.20300293 8
    vertex 13.16859627 66.20300293 16
    vertex 16.40116119 65.47711182 8
  endloop
endfacet
facet normal 0.2667125814 0.9637761145 -0
  outer loop
    vertex 16.40116119 65.47711182 8
    vertex 16.40116119 65.47711182 16
    vertex 19.59421539 64.59347534 8
  endloop
endfacet
facet normal 0 -0 1
  outer loop
    vertex 22.59807587 33.14101791 8
    vertex 24.04123306 44.97798538 8
    vertex 17.40192413 36.14101791 8
  endloop
endfacet
facet normal 0 -0 1
  outer loop
    vertex 17.40192413 36.14101791 8
    vertex 24.04123306 44.97798538 8
    vertex 22.85010719 45.57754898 8
  endloop
endfacet
facet normal 0 -0 1
  outer loop
    vertex 22.59807587 33.14101791 8
    vertex 28.05034447 42.58462524 8
    vertex 26.21924019 43.7441597 8
  endloop
endfacet
facet normal 0 -0 1
  outer loop
    vertex 22.59807587 33.14101791 8
    vertex 26.21924019 43.7441597 8
    vertex 24.04123306 44.97798538 8
  endloop
endfacet
facet normal 0 -0 -1
  outer loop
    vertex 17.18138313 48.01874542 8
    vertex 21.04758835 50.81337357 8
    vertex 19.51685524 47.11785507 8
  endloop
endfacet
facet normal 0 0 -1
  outer loop
    vertex 19.51685524 47.11785507 8
    vertex 21.04758835 50.81337357 8
    vertex 23.51552963 49.71940994 8
  endloop
endfacet
facet normal 0 -0 -1
  outer loop
    vertex 19.51685524 47.11785507 8
    vertex 23.51552963 49.71940994 8
    vertex 21.8053093 46.10345459 8
  endloop
endfacet
facet normal 0 0 -1
  outer loop
    vertex 17.18138313 48.01874542 8
    vertex 18.52894211 51.78492355 8
    vertex 21.04758835 50.81337357 8
  endloop
endfacet
facet normal 0 -0 -1
  outer loop
    vertex 21.8053093 46.10345459 8
    vertex 24.85278702 49.04629135 8
    vertex 22.85010719 45.57754898 8
  endloop
endfacet
facet normal 0 0 -1
  outer loop
    vertex 21.8053093 46.10345459 8
    vertex 23.51552963 49.71940994 8
    vertex 24.85278702 49.04629135 8
  endloop
endfacet
facet normal -0 0 1
  outer loop
    vertex 24.85278702 49.04629135 8
    vertex 25.92682076 48.50566864 8
    vertex 27.35613823 53.38222122 8
  endloop
endfacet
facet normal -0.866025323 0.5000001398 0
  outer loop
    vertex 24.85278702 49.04629135 8
    vertex 27.35613823 53.38222122 8
    vertex 27.35613823 53.38222122 7.900000095
  endloop
endfacet
facet normal -0.4496119919 -0.8932239679 0
  outer loop
    vertex 27.35613823 53.38222122 7.900000095
    vertex 27.35613823 53.38222122 8
    vertex 25.65330505 54.23935699 7.900000095
  endloop
endfacet
facet normal 0 -0 -1
  outer loop
    vertex 28.05034447 42.58462524 8
    vertex 30.55636215 45.73082733 8
    vertex 28.33408165 42.40494919 8
  endloop
endfacet
facet normal 0 -0 -1
  outer loop
    vertex 28.33408165 42.40494919 8
    vertex 32.76346207 44.17641449 8
    vertex 30.38066483 40.9635849 8
  endloop
endfacet
facet normal 0 0 -1
  outer loop
    vertex 28.05034447 42.58462524 8
    vertex 30.05141449 46.05058289 8
    vertex 30.55636215 45.73082733 8
  endloop
endfacet
facet normal 0 0 -1
  outer loop
    vertex 28.33408165 42.40494919 8
    vertex 30.55636215 45.73082733 8
    vertex 32.76346207 44.17641449 8
  endloop
endfacet
facet normal 0 -0 -1
  outer loop
    vertex 32.35405731 39.42353439 8
    vertex 36.93574142 40.75231171 8
    vertex 34.2495079 37.78850555 8
  endloop
endfacet
facet normal 0 -0 -1
  outer loop
    vertex 30.38066483 40.9635849 8
    vertex 34.89163208 42.51557541 8
    vertex 32.35405731 39.42353439 8
  endloop
endfacet
facet normal 0 0 -1
  outer loop
    vertex 30.38066483 40.9635849 8
    vertex 32.76346207 44.17641449 8
    vertex 34.89163208 42.51557541 8
  endloop
endfacet
facet normal 0 0 -1
  outer loop
    vertex 32.35405731 39.42353439 8
    vertex 34.89163208 42.51557541 8
    vertex 36.93574142 40.75231171 8
  endloop
endfacet
facet normal -0 0 1
  outer loop
    vertex 28.27565002 47.17507172 8
    vertex 30.05141449 46.05058289 8
    vertex 30.8461647 51.46371841 8
  endloop
endfacet
facet normal 0 -0 1
  outer loop
    vertex 30.05141449 46.05058289 8
    vertex 32.55275345 50.38302994 8
    vertex 30.8461647 51.46371841 8
  endloop
endfacet
facet normal -0 0 1
  outer loop
    vertex 25.92682076 48.50566864 8
    vertex 28.27565002 47.17507172 8
    vertex 28.28380394 52.91527557 8
  endloop
endfacet
facet normal 0 -0 1
  outer loop
    vertex 25.92682076 48.50566864 8
    vertex 28.28380394 52.91527557 8
    vertex 27.35613823 53.38222122 8
  endloop
endfacet
facet normal 0 -0 1
  outer loop
    vertex 28.27565002 47.17507172 8
    vertex 30.8461647 51.46371841 8
    vertex 28.28380394 52.91527557 8
  endloop
endfacet
facet normal 0.8660254482 -0.4999999231 0
  outer loop
    vertex 30.05141449 46.05058289 8
    vertex 32.55275345 50.38302994 7.900000095
    vertex 32.55275345 50.38302994 8
  endloop
endfacet
facet normal -0.5349976255 -0.8448535617 0
  outer loop
    vertex 32.55275345 50.38302994 7.900000095
    vertex 33.33421326 49.88817596 7.900000095
    vertex 32.55275345 50.38302994 8
  endloop
endfacet
facet normal 0 -0 -1
  outer loop
    vertex 32.55275345 50.38302994 7.900000095
    vertex 34.44535446 51.55111694 7.900000095
    vertex 33.33421326 49.88817596 7.900000095
  endloop
endfacet
facet normal 0 0 -1
  outer loop
    vertex 32.55275345 50.38302994 7.900000095
    vertex 33.55329132 52.11600876 7.900000095
    vertex 34.44535446 51.55111694 7.900000095
  endloop
endfacet
facet normal 0 0 -1
  outer loop
    vertex 35.74195862 48.19245148 7.900000095
    vertex 33.33421326 49.88817596 7.900000095
    vertex 34.44535446 51.55111694 7.900000095
  endloop
endfacet
facet normal 0 0 -1
  outer loop
    vertex 35.74195862 48.19245148 7.900000095
    vertex 34.44535446 51.55111694 7.900000095
    vertex 36.93335724 49.79886627 7.900000095
  endloop
endfacet
facet normal -0.492898158 -0.8700870105 0
  outer loop
    vertex 24.04123306 44.97798538 8
    vertex 26.21924019 43.7441597 8
    vertex 26.21924019 43.7441597 11.5
  endloop
endfacet
facet normal -0.492898158 -0.8700870105 0
  outer loop
    vertex 24.04123306 44.97798538 8
    vertex 26.21924019 43.7441597 11.5
    vertex 24.04123306 44.97798538 11.5
  endloop
endfacet
facet normal -0.5349981687 -0.8448532177 0
  outer loop
    vertex 26.21924019 43.7441597 8
    vertex 28.33408165 42.40494919 11.5
    vertex 26.21924019 43.7441597 11.5
  endloop
endfacet
facet normal -0.3598948092 -0.9329928865 0
  outer loop
    vertex 17.18138313 48.01874542 8
    vertex 19.51685524 47.11785507 8
    vertex 19.51685524 47.11785507 11.5
  endloop
endfacet
facet normal -0.405240835 -0.914209968 0
  outer loop
    vertex 19.51685524 47.11785507 8
    vertex 21.8053093 46.10345459 8
    vertex 21.8053093 46.10345459 11.5
  endloop
endfacet
facet normal 0.3598953343 0.932992684 0
  outer loop
    vertex 18.52894211 51.78492355 8
    vertex 21.04758835 50.81337357 11.5
    vertex 21.04758835 50.81337357 8
  endloop
endfacet
facet normal -0.4496103357 -0.8932248015 -7.35502434e-07
  outer loop
    vertex 21.8053093 46.10345459 8
    vertex 22.85010719 45.57754898 8
    vertex 24.04123306 44.97798538 11.5
  endloop
endfacet
facet normal -0.44961206 -0.8932239336 0
  outer loop
    vertex 24.04123306 44.97798538 8
    vertex 24.04123306 44.97798538 11.5
    vertex 22.85010719 45.57754898 8
  endloop
endfacet
facet normal 0.4496112176 0.8932243576 -6.928129409e-08
  outer loop
    vertex 24.85278702 49.04629135 8
    vertex 23.51552963 49.71940994 8
    vertex 25.92682076 48.50566864 11.5
  endloop
endfacet
facet normal 0.4496110375 0.8932244482 0
  outer loop
    vertex 24.85278702 49.04629135 8
    vertex 25.92682076 48.50566864 11.5
    vertex 25.92682076 48.50566864 8
  endloop
endfacet
facet normal 0.4052414656 0.9142096885 0
  outer loop
    vertex 21.04758835 50.81337357 8
    vertex 23.51552963 49.71940994 11.5
    vertex 23.51552963 49.71940994 8
  endloop
endfacet
facet normal -0.405240835 -0.914209968 0
  outer loop
    vertex 19.51685524 47.11785507 8
    vertex 21.8053093 46.10345459 11.5
    vertex 19.51685524 47.11785507 11.5
  endloop
endfacet
facet normal 0.3598953343 0.932992684 -0
  outer loop
    vertex 18.52894211 51.78492355 8
    vertex 18.52894211 51.78492355 11.5
    vertex 21.04758835 50.81337357 11.5
  endloop
endfacet
facet normal 0.4052414656 0.9142096885 -0
  outer loop
    vertex 21.04758835 50.81337357 8
    vertex 21.04758835 50.81337357 11.5
    vertex 23.51552963 49.71940994 11.5
  endloop
endfacet
facet normal -0.4496112543 -0.8932243391 0
  outer loop
    vertex 21.8053093 46.10345459 8
    vertex 24.04123306 44.97798538 11.5
    vertex 21.8053093 46.10345459 11.5
  endloop
endfacet
facet normal 0.4496111374 0.893224398 -0
  outer loop
    vertex 23.51552963 49.71940994 8
    vertex 23.51552963 49.71940994 11.5
    vertex 25.92682076 48.50566864 11.5
  endloop
endfacet
facet normal 0.4928986348 0.8700867404 -0
  outer loop
    vertex 25.92682076 48.50566864 8
    vertex 25.92682076 48.50566864 11.5
    vertex 28.27565002 47.17507172 11.5
  endloop
endfacet
facet normal -0.5350007369 -0.8448515914 0
  outer loop
    vertex 28.05034447 42.58462524 8
    vertex 28.33408165 42.40494919 8
    vertex 28.33408165 42.40494919 11.5
  endloop
endfacet
facet normal -0.5349977707 -0.8448534697 -3.368814428e-07
  outer loop
    vertex 26.21924019 43.7441597 8
    vertex 28.05034447 42.58462524 8
    vertex 28.33408165 42.40494919 11.5
  endloop
endfacet
facet normal -0.575807602 -0.8175852283 0
  outer loop
    vertex 28.33408165 42.40494919 8
    vertex 30.38066483 40.9635849 8
    vertex 30.38066483 40.9635849 11.5
  endloop
endfacet
facet normal -0.6152315644 -0.7883464481 0
  outer loop
    vertex 30.38066483 40.9635849 8
    vertex 32.35405731 39.42353439 8
    vertex 32.35405731 39.42353439 11.5
  endloop
endfacet
facet normal -0.6531732814 -0.7572084683 0
  outer loop
    vertex 32.35405731 39.42353439 8
    vertex 34.2495079 37.78850555 8
    vertex 34.2495079 37.78850555 11.5
  endloop
endfacet
facet normal -0.6895400919 -0.7242475141 0
  outer loop
    vertex 34.2495079 37.78850555 8
    vertex 36.06244659 36.06244659 8
    vertex 36.06244659 36.06244659 11.5
  endloop
endfacet
facet normal 0.5758076229 0.8175852136 0
  outer loop
    vertex 32.76346207 44.17641449 8
    vertex 30.55636215 45.73082733 8
    vertex 32.76346207 44.17641449 11.5
  endloop
endfacet
facet normal 0.6152313376 0.788346625 0
  outer loop
    vertex 32.76346207 44.17641449 8
    vertex 34.89163208 42.51557541 11.5
    vertex 34.89163208 42.51557541 8
  endloop
endfacet
facet normal -0.6152315644 -0.7883464481 0
  outer loop
    vertex 30.38066483 40.9635849 8
    vertex 32.35405731 39.42353439 11.5
    vertex 30.38066483 40.9635849 11.5
  endloop
endfacet
facet normal -0.575807602 -0.8175852283 0
  outer loop
    vertex 28.33408165 42.40494919 8
    vertex 30.38066483 40.9635849 11.5
    vertex 28.33408165 42.40494919 11.5
  endloop
endfacet
facet normal -0.6531732814 -0.7572084683 0
  outer loop
    vertex 32.35405731 39.42353439 8
    vertex 34.2495079 37.78850555 11.5
    vertex 32.35405731 39.42353439 11.5
  endloop
endfacet
facet normal -0.6895400919 -0.7242475141 0
  outer loop
    vertex 34.2495079 37.78850555 8
    vertex 36.06244659 36.06244659 11.5
    vertex 34.2495079 37.78850555 11.5
  endloop
endfacet
facet normal 0.6152313376 0.788346625 -0
  outer loop
    vertex 32.76346207 44.17641449 8
    vertex 32.76346207 44.17641449 11.5
    vertex 34.89163208 42.51557541 11.5
  endloop
endfacet
facet normal 0.6531734495 0.7572083233 -0
  outer loop
    vertex 34.89163208 42.51557541 8
    vertex 34.89163208 42.51557541 11.5
    vertex 36.93574142 40.75231171 11.5
  endloop
endfacet
facet normal 0.4928986348 0.8700867404 0
  outer loop
    vertex 25.92682076 48.50566864 8
    vertex 28.27565002 47.17507172 11.5
    vertex 28.27565002 47.17507172 8
  endloop
endfacet
facet normal 0.5349970713 0.8448539127 3.458708865e-07
  outer loop
    vertex 28.27565002 47.17507172 8
    vertex 30.55636215 45.73082733 11.5
    vertex 30.05141449 46.05058289 8
  endloop
endfacet
facet normal 0.5349987825 0.8448528291 0
  outer loop
    vertex 30.05141449 46.05058289 8
    vertex 30.55636215 45.73082733 11.5
    vertex 30.55636215 45.73082733 8
  endloop
endfacet
facet normal 0.5349974501 0.8448536727 -0
  outer loop
    vertex 28.27565002 47.17507172 8
    vertex 28.27565002 47.17507172 11.5
    vertex 30.55636215 45.73082733 11.5
  endloop
endfacet
facet normal 0.5758076229 0.8175852136 -0
  outer loop
    vertex 30.55636215 45.73082733 8
    vertex 30.55636215 45.73082733 11.5
    vertex 32.76346207 44.17641449 11.5
  endloop
endfacet
facet normal -0.4496120071 -0.8932239602 3.251124851e-07
  outer loop
    vertex 27.35613823 53.38222122 8
    vertex 28.28380394 52.91527557 16
    vertex 25.65330505 54.23935699 7.900000095
  endloop
endfacet
facet normal -0.4496097701 -0.8932250862 0
  outer loop
    vertex 27.35613823 53.38222122 8
    vertex 28.28380394 52.91527557 8
    vertex 28.28380394 52.91527557 16
  endloop
endfacet
facet normal -0.4928976052 -0.8700873237 0
  outer loop
    vertex 28.28380394 52.91527557 8
    vertex 30.8461647 51.46371841 8
    vertex 30.8461647 51.46371841 16
  endloop
endfacet
facet normal -0.5758079377 -0.8175849918 0
  outer loop
    vertex 35.74195862 48.19245148 7.900000095
    vertex 35.74195862 48.19245148 16
    vertex 33.33421326 49.88817596 7.900000095
  endloop
endfacet
facet normal -0.5349987055 -0.8448528778 1.477932069e-07
  outer loop
    vertex 30.8461647 51.46371841 8
    vertex 32.55275345 50.38302994 8
    vertex 33.33421326 49.88817596 16
  endloop
endfacet
facet normal -0.5349976255 -0.8448535617 0
  outer loop
    vertex 32.55275345 50.38302994 8
    vertex 33.33421326 49.88817596 7.900000095
    vertex 33.33421326 49.88817596 16
  endloop
endfacet
facet normal 0 0 -1
  outer loop
    vertex 17.41707993 57.41641998 7.900000095
    vertex 17.99765015 59.33029938 7.900000095
    vertex 20.21339035 56.49264526 7.900000095
  endloop
endfacet
facet normal 0 -0 -1
  outer loop
    vertex 17.99765015 59.33029938 7.900000095
    vertex 20.88717079 58.37573242 7.900000095
    vertex 20.21339035 56.49264526 7.900000095
  endloop
endfacet
facet normal 0 0 -1
  outer loop
    vertex 20.21339035 56.49264526 7.900000095
    vertex 20.88717079 58.37573242 7.900000095
    vertex 22.96100616 55.43277359 7.900000095
  endloop
endfacet
facet normal 0 0 -1
  outer loop
    vertex 22.96100616 55.43277359 7.900000095
    vertex 23.72637367 57.28053284 7.900000095
    vertex 25.65330505 54.23935699 7.900000095
  endloop
endfacet
facet normal 0 -0 -1
  outer loop
    vertex 20.88717079 58.37573242 7.900000095
    vertex 23.72637367 57.28053284 7.900000095
    vertex 22.96100616 55.43277359 7.900000095
  endloop
endfacet
facet normal 0 -0 -1
  outer loop
    vertex 23.72637367 57.28053284 7.900000095
    vertex 26.50841522 56.04733658 7.900000095
    vertex 25.65330505 54.23935699 7.900000095
  endloop
endfacet
facet normal 0 0 -1
  outer loop
    vertex 25.65330505 54.23935699 7.900000095
    vertex 26.50841522 56.04733658 7.900000095
    vertex 28.3574791 55.11659622 7.900000095
  endloop
endfacet
facet normal -0 -0 1
  outer loop
    vertex 19.59421539 64.59347534 8
    vertex 22.74006462 63.55422592 8
    vertex 20.90049744 68.89970398 8
  endloop
endfacet
facet normal -0 0 1
  outer loop
    vertex 17.49457359 69.84224701 8
    vertex 19.59421539 64.59347534 8
    vertex 20.90049744 68.89970398 8
  endloop
endfacet
facet normal 0 0 1
  outer loop
    vertex 25.83113098 62.36186981 8
    vertex 24.25606918 67.79117584 8
    vertex 22.74006462 63.55422592 8
  endloop
endfacet
facet normal -0 0 1
  outer loop
    vertex 20.90049744 68.89970398 8
    vertex 22.74006462 63.55422592 8
    vertex 24.25606918 67.79117584 8
  endloop
endfacet
facet normal 0 -0 1
  outer loop
    vertex 25.83113098 62.36186981 8
    vertex 27.5532074 66.51932526 8
    vertex 24.25606918 67.79117584 8
  endloop
endfacet
facet normal 0 0 -1
  outer loop
    vertex 27.35613823 53.38222122 7.900000095
    vertex 25.65330505 54.23935699 7.900000095
    vertex 28.3574791 55.11659622 7.900000095
  endloop
endfacet
facet normal -0 -0 1
  outer loop
    vertex 28.85996819 61.01927567 8
    vertex 31.81928062 59.52968597 8
    vertex 30.78396606 65.08722687 8
  endloop
endfacet
facet normal 0 0 1
  outer loop
    vertex 34.70193481 57.89668274 8
    vertex 33.9405632 63.49832916 8
    vertex 31.81928062 59.52968597 8
  endloop
endfacet
facet normal 0 -0 1
  outer loop
    vertex 31.81928062 59.52968597 8
    vertex 33.9405632 63.49832916 8
    vertex 30.78396606 65.08722687 8
  endloop
endfacet
facet normal 0 -0 1
  outer loop
    vertex 34.70193481 57.89668274 8
    vertex 37.01539612 61.75645828 8
    vertex 33.9405632 63.49832916 8
  endloop
endfacet
facet normal -0 -0 1
  outer loop
    vertex 25.83113098 62.36186981 8
    vertex 28.85996819 61.01927567 8
    vertex 27.5532074 66.51932526 8
  endloop
endfacet
facet normal 0 -0 1
  outer loop
    vertex 28.85996819 61.01927567 8
    vertex 30.78396606 65.08722687 8
    vertex 27.5532074 66.51932526 8
  endloop
endfacet
facet normal -0.3136812915 -0.9495283289 0
  outer loop
    vertex 17.41707993 57.41641998 7.900000095
    vertex 20.21339035 56.49264526 7.900000095
    vertex 20.21339035 56.49264526 16
  endloop
endfacet
facet normal -0.3598948291 -0.9329928788 0
  outer loop
    vertex 20.21339035 56.49264526 7.900000095
    vertex 22.96100616 55.43277359 7.900000095
    vertex 22.96100616 55.43277359 16
  endloop
endfacet
facet normal -0.405242045 -0.9142094317 0
  outer loop
    vertex 22.96100616 55.43277359 7.900000095
    vertex 25.65330505 54.23935699 7.900000095
    vertex 25.65330505 54.23935699 16
  endloop
endfacet
facet normal 0.4052420586 0.9142094256 -0
  outer loop
    vertex 25.83113098 62.36186981 8
    vertex 25.83113098 62.36186981 16
    vertex 28.85996819 61.01927567 8
  endloop
endfacet
facet normal 0.3136820701 0.9495280717 -0
  outer loop
    vertex 19.59421539 64.59347534 8
    vertex 19.59421539 64.59347534 16
    vertex 22.74006462 63.55422592 8
  endloop
endfacet
facet normal 0.3598950994 0.9329927746 -0
  outer loop
    vertex 25.83113098 62.36186981 8
    vertex 22.74006462 63.55422592 8
    vertex 22.74006462 63.55422592 16
  endloop
endfacet
facet normal 0.4496106045 0.8932246662 -0
  outer loop
    vertex 28.85996819 61.01927567 8
    vertex 28.85996819 61.01927567 16
    vertex 31.81928062 59.52968597 8
  endloop
endfacet
facet normal 0.5349977328 0.8448534937 -0
  outer loop
    vertex 34.70193481 57.89668274 8
    vertex 34.70193481 57.89668274 16
    vertex 37.50099182 56.12419891 8
  endloop
endfacet
facet normal 0.4928981481 0.8700870161 -0
  outer loop
    vertex 34.70193481 57.89668274 8
    vertex 31.81928062 59.52968597 8
    vertex 31.81928062 59.52968597 16
  endloop
endfacet
facet normal -0 -0 1
  outer loop
    vertex 3.122849329e-15 51 11.5
    vertex 2.50245142 50.93856812 11.5
    vertex 3.367778646e-15 55 11.5
  endloop
endfacet
facet normal 0 -0 1
  outer loop
    vertex 2.50245142 50.93856812 11.5
    vertex 2.698722124 54.93375015 11.5
    vertex 3.367778646e-15 55 11.5
  endloop
endfacet
facet normal -0 -0 1
  outer loop
    vertex 2.50245142 50.93856812 11.5
    vertex 4.998874187 50.75442123 11.5
    vertex 2.698722124 54.93375015 11.5
  endloop
endfacet
facet normal 0 -0 1
  outer loop
    vertex 4.998874187 50.75442123 11.5
    vertex 5.390942574 54.73516083 11.5
    vertex 2.698722124 54.93375015 11.5
  endloop
endfacet
facet normal -0 -0 1
  outer loop
    vertex 4.998874187 50.75442123 11.5
    vertex 7.483254433 50.44800186 11.5
    vertex 5.390942574 54.73516083 11.5
  endloop
endfacet
facet normal -0 -0 1
  outer loop
    vertex 7.483254433 50.44800186 11.5
    vertex 9.949606895 50.02005005 11.5
    vertex 8.070176125 54.40470886 11.5
  endloop
endfacet
facet normal 0 -0 1
  outer loop
    vertex 7.483254433 50.44800186 11.5
    vertex 8.070176125 54.40470886 11.5
    vertex 5.390942574 54.73516083 11.5
  endloop
endfacet
facet normal 0 0 1
  outer loop
    vertex 12.39198875 49.47159576 11.5
    vertex 10.72996807 53.94319153 11.5
    vertex 9.949606895 50.02005005 11.5
  endloop
endfacet
facet normal 0 -0 1
  outer loop
    vertex 9.949606895 50.02005005 11.5
    vertex 10.72996807 53.94319153 11.5
    vertex 8.070176125 54.40470886 11.5
  endloop
endfacet
facet normal 0 -0 1
  outer loop
    vertex 12.39198875 49.47159576 11.5
    vertex 13.36390972 53.3517189 11.5
    vertex 10.72996807 53.94319153 11.5
  endloop
endfacet
facet normal -0 -0 1
  outer loop
    vertex 12.39198875 49.47159576 11.5
    vertex 14.8045187 48.80395889 11.5
    vertex 13.36390972 53.3517189 11.5
  endloop
endfacet
facet normal -0 0 1
  outer loop
    vertex 13.36390972 53.3517189 11.5
    vertex 14.8045187 48.80395889 11.5
    vertex 15.96565723 52.63171768 11.5
  endloop
endfacet
facet normal -0 -0 1
  outer loop
    vertex 14.8045187 48.80395889 11.5
    vertex 17.18138313 48.01874542 11.5
    vertex 15.96565723 52.63171768 11.5
  endloop
endfacet
facet normal 0 -0 1
  outer loop
    vertex 17.18138313 48.01874542 11.5
    vertex 18.52894211 51.78492355 11.5
    vertex 15.96565723 52.63171768 11.5
  endloop
endfacet
facet normal -0.02454144033 -0.9996988135 0
  outer loop
    vertex 3.673940187e-15 60 7.900000095
    vertex 2.944060564 59.92772675 16
    vertex 3.673940187e-15 60 16
  endloop
endfacet
facet normal -0.07356473438 -0.9972904441 0
  outer loop
    vertex 2.944060564 59.92772675 7.900000095
    vertex 5.881028652 59.71108246 16
    vertex 2.944060564 59.92772675 16
  endloop
endfacet
facet normal -0.1224105951 -0.9924795445 0
  outer loop
    vertex 5.881028652 59.71108246 7.900000095
    vertex 8.803828239 59.35058975 16
    vertex 5.881028652 59.71108246 16
  endloop
endfacet
facet normal 0 -0 -1
  outer loop
    vertex -4 68.19999695 11.5
    vertex 4 68.19999695 11.5
    vertex 4.133182816e-15 67.5 11.5
  endloop
endfacet
facet normal 0 0 -1
  outer loop
    vertex 3.312067986 67.41869354 11.5
    vertex 4.133182816e-15 67.5 11.5
    vertex 4 68.19999695 11.5
  endloop
endfacet
facet normal 0 0 -1
  outer loop
    vertex 3.312067986 67.41869354 11.5
    vertex 4 68.19999695 11.5
    vertex 4 67.36795044 11.5
  endloop
endfacet
facet normal 0.07356402042 0.9972904967 -0
  outer loop
    vertex 6.616157055 67.17497253 8
    vertex 4 67.36795044 11.5
    vertex 4 67.36795044 14
  endloop
endfacet
facet normal 1 0 -0
  outer loop
    vertex 4 67.36795044 11.5
    vertex 4 68.19999695 11.5
    vertex 4 67.36795044 14
  endloop
endfacet
facet normal -0 1 0
  outer loop
    vertex -4 68.19999695 11.5
    vertex 4 68.19999695 15.5
    vertex 4 68.19999695 11.5
  endloop
endfacet
facet normal 1 0 0
  outer loop
    vertex 4 68.19999695 11.5
    vertex 4 67.90000153 14
    vertex 4 67.36795044 14
  endloop
endfacet
facet normal 0.07357174686 0.9972899268 3.38726016e-06
  outer loop
    vertex 6.616157055 67.17497253 8
    vertex 4 67.36795044 14
    vertex 3.312067986 67.41869354 16
  endloop
endfacet
facet normal 0.07356358986 0.9972905285 0
  outer loop
    vertex 6.616157055 67.17497253 8
    vertex 3.312067986 67.41869354 16
    vertex 6.616157055 67.17497253 16
  endloop
endfacet
facet normal 0.122410992 0.9924794955 0
  outer loop
    vertex 9.904307365 66.76941681 8
    vertex 6.616157055 67.17497253 16
    vertex 9.904307365 66.76941681 16
  endloop
endfacet
facet normal -0.1709610723 -0.9852777841 0
  outer loop
    vertex 8.803828239 59.35058975 7.900000095
    vertex 11.70541954 58.84711838 16
    vertex 8.803828239 59.35058975 16
  endloop
endfacet
facet normal -0.2191022223 -0.9757019095 0
  outer loop
    vertex 11.70541954 58.84711838 7.900000095
    vertex 14.57881069 58.20187378 16
    vertex 11.70541954 58.84711838 16
  endloop
endfacet
facet normal -0.2667124158 -0.9637761603 0
  outer loop
    vertex 14.57881069 58.20187378 7.900000095
    vertex 17.41707993 57.41641998 16
    vertex 14.57881069 58.20187378 16
  endloop
endfacet
facet normal 0.1709636539 0.9852773361 0
  outer loop
    vertex 13.16859627 66.20300293 8
    vertex 9.904307365 66.76941681 16
    vertex 13.16859627 66.20300293 16
  endloop
endfacet
facet normal 0.2190996266 0.9757024924 0
  outer loop
    vertex 16.40116119 65.47711182 8
    vertex 13.16859627 66.20300293 16
    vertex 16.40116119 65.47711182 16
  endloop
endfacet
facet normal -0 -0 1
  outer loop
    vertex 3.673940187e-15 60 16
    vertex 2.944060564 59.92772675 16
    vertex 4.133182816e-15 67.5 16
  endloop
endfacet
facet normal -0 -0 1
  outer loop
    vertex 2.944060564 59.92772675 16
    vertex 5.881028652 59.71108246 16
    vertex 3.312067986 67.41869354 16
  endloop
endfacet
facet normal -0 -0 1
  outer loop
    vertex 5.881028652 59.71108246 16
    vertex 8.803828239 59.35058975 16
    vertex 6.616157055 67.17497253 16
  endloop
endfacet
facet normal 0.02454115376 0.9996988205 0
  outer loop
    vertex 3.312067986 67.41869354 14
    vertex 4.133182816e-15 67.5 14
    vertex 3.312067986 67.41869354 16
  endloop
endfacet
facet normal 0.07356195249 0.9972906493 -0
  outer loop
    vertex 3.312067986 67.41869354 14
    vertex 3.312067986 67.41869354 16
    vertex 4 67.36795044 14
  endloop
endfacet
facet normal -0 0 1
  outer loop
    vertex -4 67.90000153 14
    vertex 4.133182816e-15 67.5 14
    vertex 4 67.90000153 14
  endloop
endfacet
facet normal 1 0 -0
  outer loop
    vertex 4 68.19999695 11.5
    vertex 4 68.19999695 15.5
    vertex 4 67.90000153 14
  endloop
endfacet
facet normal 0 -0 1
  outer loop
    vertex 3.312067986 67.41869354 14
    vertex 4 67.90000153 14
    vertex 4.133182816e-15 67.5 14
  endloop
endfacet
facet normal -0 0 1
  outer loop
    vertex 3.312067986 67.41869354 14
    vertex 4 67.36795044 14
    vertex 4 67.90000153 14
  endloop
endfacet
facet normal 0 -1 0
  outer loop
    vertex -4 67.90000153 14
    vertex 4 67.90000153 14
    vertex 4 67.90000153 15.5
  endloop
endfacet
facet normal 0.02454115376 0.9996988205 -0
  outer loop
    vertex 4.133182816e-15 67.5 14
    vertex 4.133182816e-15 67.5 16
    vertex 3.312067986 67.41869354 16
  endloop
endfacet
facet normal 0 -0 1
  outer loop
    vertex 2.944060564 59.92772675 16
    vertex 3.312067986 67.41869354 16
    vertex 4.133182816e-15 67.5 16
  endloop
endfacet
facet normal 1 0 -0
  outer loop
    vertex 4 67.90000153 14
    vertex 4 68.19999695 15.5
    vertex 4 67.90000153 15.5
  endloop
endfacet
facet normal -0 0 1
  outer loop
    vertex -4 68.19999695 15.5
    vertex 4 67.90000153 15.5
    vertex 4 68.19999695 15.5
  endloop
endfacet
facet normal 0 -0 1
  outer loop
    vertex 5.881028652 59.71108246 16
    vertex 6.616157055 67.17497253 16
    vertex 3.312067986 67.41869354 16
  endloop
endfacet
facet normal 0 -0 1
  outer loop
    vertex 8.803828239 59.35058975 16
    vertex 9.904307365 66.76941681 16
    vertex 6.616157055 67.17497253 16
  endloop
endfacet
facet normal -0 -0 1
  outer loop
    vertex 8.803828239 59.35058975 16
    vertex 11.70541954 58.84711838 16
    vertex 9.904307365 66.76941681 16
  endloop
endfacet
facet normal -0 -0 1
  outer loop
    vertex 11.70541954 58.84711838 16
    vertex 14.57881069 58.20187378 16
    vertex 13.16859627 66.20300293 16
  endloop
endfacet
facet normal -0 -0 1
  outer loop
    vertex 14.57881069 58.20187378 16
    vertex 17.41707993 57.41641998 16
    vertex 16.40116119 65.47711182 16
  endloop
endfacet
facet normal 0 -0 1
  outer loop
    vertex 17.41707993 57.41641998 16
    vertex 19.59421539 64.59347534 16
    vertex 16.40116119 65.47711182 16
  endloop
endfacet
facet normal 0 -0 1
  outer loop
    vertex 11.70541954 58.84711838 16
    vertex 13.16859627 66.20300293 16
    vertex 9.904307365 66.76941681 16
  endloop
endfacet
facet normal 0 -0 1
  outer loop
    vertex 14.57881069 58.20187378 16
    vertex 16.40116119 65.47711182 16
    vertex 13.16859627 66.20300293 16
  endloop
endfacet
facet normal -0 -0 1
  outer loop
    vertex 17.18138313 48.01874542 11.5
    vertex 19.51685524 47.11785507 11.5
    vertex 18.52894211 51.78492355 11.5
  endloop
endfacet
facet normal -0 -0 1
  outer loop
    vertex 19.51685524 47.11785507 11.5
    vertex 21.8053093 46.10345459 11.5
    vertex 21.04758835 50.81337357 11.5
  endloop
endfacet
facet normal 0 -0 1
  outer loop
    vertex 21.8053093 46.10345459 11.5
    vertex 23.51552963 49.71940994 11.5
    vertex 21.04758835 50.81337357 11.5
  endloop
endfacet
facet normal 0 -0 1
  outer loop
    vertex 19.51685524 47.11785507 11.5
    vertex 21.04758835 50.81337357 11.5
    vertex 18.52894211 51.78492355 11.5
  endloop
endfacet
facet normal 0 0 1
  outer loop
    vertex 24.04123306 44.97798538 11.5
    vertex 23.51552963 49.71940994 11.5
    vertex 21.8053093 46.10345459 11.5
  endloop
endfacet
facet normal 0 -0 1
  outer loop
    vertex 24.04123306 44.97798538 11.5
    vertex 25.92682076 48.50566864 11.5
    vertex 23.51552963 49.71940994 11.5
  endloop
endfacet
facet normal -0 -0 1
  outer loop
    vertex 24.04123306 44.97798538 11.5
    vertex 26.21924019 43.7441597 11.5
    vertex 25.92682076 48.50566864 11.5
  endloop
endfacet
facet normal 0 -0 1
  outer loop
    vertex 26.21924019 43.7441597 11.5
    vertex 28.27565002 47.17507172 11.5
    vertex 25.92682076 48.50566864 11.5
  endloop
endfacet
facet normal -0.4496112084 -0.8932243623 0
  outer loop
    vertex 25.65330505 54.23935699 7.900000095
    vertex 28.28380394 52.91527557 16
    vertex 25.65330505 54.23935699 16
  endloop
endfacet
facet normal -0 -0 1
  outer loop
    vertex 26.21924019 43.7441597 11.5
    vertex 28.33408165 42.40494919 11.5
    vertex 28.27565002 47.17507172 11.5
  endloop
endfacet
facet normal -0 0 1
  outer loop
    vertex 28.33408165 42.40494919 11.5
    vertex 30.38066483 40.9635849 11.5
    vertex 30.55636215 45.73082733 11.5
  endloop
endfacet
facet normal 0 -0 1
  outer loop
    vertex 30.38066483 40.9635849 11.5
    vertex 32.76346207 44.17641449 11.5
    vertex 30.55636215 45.73082733 11.5
  endloop
endfacet
facet normal -0 0 1
  outer loop
    vertex 34.2495079 37.78850555 11.5
    vertex 36.06244659 36.06244659 11.5
    vertex 36.93574142 40.75231171 11.5
  endloop
endfacet
facet normal -0 0 1
  outer loop
    vertex 32.35405731 39.42353439 11.5
    vertex 34.2495079 37.78850555 11.5
    vertex 34.89163208 42.51557541 11.5
  endloop
endfacet
facet normal 0 -0 1
  outer loop
    vertex 34.2495079 37.78850555 11.5
    vertex 36.93574142 40.75231171 11.5
    vertex 34.89163208 42.51557541 11.5
  endloop
endfacet
facet normal -0 0 1
  outer loop
    vertex 30.38066483 40.9635849 11.5
    vertex 32.35405731 39.42353439 11.5
    vertex 32.76346207 44.17641449 11.5
  endloop
endfacet
facet normal 0 -0 1
  outer loop
    vertex 32.35405731 39.42353439 11.5
    vertex 34.89163208 42.51557541 11.5
    vertex 32.76346207 44.17641449 11.5
  endloop
endfacet
facet normal 0 -0 1
  outer loop
    vertex 28.33408165 42.40494919 11.5
    vertex 30.55636215 45.73082733 11.5
    vertex 28.27565002 47.17507172 11.5
  endloop
endfacet
facet normal -0.4928976052 -0.8700873237 0
  outer loop
    vertex 28.28380394 52.91527557 8
    vertex 30.8461647 51.46371841 16
    vertex 28.28380394 52.91527557 16
  endloop
endfacet
facet normal -0.5758079377 -0.8175849918 0
  outer loop
    vertex 33.33421326 49.88817596 7.900000095
    vertex 35.74195862 48.19245148 16
    vertex 33.33421326 49.88817596 16
  endloop
endfacet
facet normal -0.5349983663 -0.8448530926 0
  outer loop
    vertex 30.8461647 51.46371841 8
    vertex 33.33421326 49.88817596 16
    vertex 30.8461647 51.46371841 16
  endloop
endfacet
facet normal -0 0 1
  outer loop
    vertex 30.8461647 51.46371841 16
    vertex 33.33421326 49.88817596 16
    vertex 34.70193481 57.89668274 16
  endloop
endfacet
facet normal 0 -0 1
  outer loop
    vertex 35.74195862 48.19245148 16
    vertex 37.50099182 56.12419891 16
    vertex 33.33421326 49.88817596 16
  endloop
endfacet
facet normal -0.3136812915 -0.9495283289 0
  outer loop
    vertex 17.41707993 57.41641998 7.900000095
    vertex 20.21339035 56.49264526 16
    vertex 17.41707993 57.41641998 16
  endloop
endfacet
facet normal -0.3598948291 -0.9329928788 0
  outer loop
    vertex 20.21339035 56.49264526 7.900000095
    vertex 22.96100616 55.43277359 16
    vertex 20.21339035 56.49264526 16
  endloop
endfacet
facet normal -0.405242045 -0.9142094317 0
  outer loop
    vertex 22.96100616 55.43277359 7.900000095
    vertex 25.65330505 54.23935699 16
    vertex 22.96100616 55.43277359 16
  endloop
endfacet
facet normal 0.3598950994 0.9329927746 0
  outer loop
    vertex 25.83113098 62.36186981 8
    vertex 22.74006462 63.55422592 16
    vertex 25.83113098 62.36186981 16
  endloop
endfacet
facet normal 0.2667125814 0.9637761145 0
  outer loop
    vertex 19.59421539 64.59347534 8
    vertex 16.40116119 65.47711182 16
    vertex 19.59421539 64.59347534 16
  endloop
endfacet
facet normal 0.3136820701 0.9495280717 0
  outer loop
    vertex 22.74006462 63.55422592 8
    vertex 19.59421539 64.59347534 16
    vertex 22.74006462 63.55422592 16
  endloop
endfacet
facet normal 0.4052420586 0.9142094256 0
  outer loop
    vertex 28.85996819 61.01927567 8
    vertex 25.83113098 62.36186981 16
    vertex 28.85996819 61.01927567 16
  endloop
endfacet
facet normal 0.4496106045 0.8932246662 0
  outer loop
    vertex 31.81928062 59.52968597 8
    vertex 28.85996819 61.01927567 16
    vertex 31.81928062 59.52968597 16
  endloop
endfacet
facet normal 0.4928981481 0.8700870161 0
  outer loop
    vertex 34.70193481 57.89668274 8
    vertex 31.81928062 59.52968597 16
    vertex 34.70193481 57.89668274 16
  endloop
endfacet
facet normal -0 -0 1
  outer loop
    vertex 20.21339035 56.49264526 16
    vertex 22.96100616 55.43277359 16
    vertex 22.74006462 63.55422592 16
  endloop
endfacet
facet normal -0 -0 1
  outer loop
    vertex 17.41707993 57.41641998 16
    vertex 20.21339035 56.49264526 16
    vertex 19.59421539 64.59347534 16
  endloop
endfacet
facet normal 0 -0 1
  outer loop
    vertex 20.21339035 56.49264526 16
    vertex 22.74006462 63.55422592 16
    vertex 19.59421539 64.59347534 16
  endloop
endfacet
facet normal -0 0 1
  outer loop
    vertex 22.96100616 55.43277359 16
    vertex 25.65330505 54.23935699 16
    vertex 25.83113098 62.36186981 16
  endloop
endfacet
facet normal 0 -0 1
  outer loop
    vertex 22.96100616 55.43277359 16
    vertex 25.83113098 62.36186981 16
    vertex 22.74006462 63.55422592 16
  endloop
endfacet
facet normal 0 -0 1
  outer loop
    vertex 25.65330505 54.23935699 16
    vertex 28.85996819 61.01927567 16
    vertex 25.83113098 62.36186981 16
  endloop
endfacet
facet normal 0 -0 1
  outer loop
    vertex 28.28380394 52.91527557 16
    vertex 28.85996819 61.01927567 16
    vertex 25.65330505 54.23935699 16
  endloop
endfacet
facet normal -0 0 1
  outer loop
    vertex 28.28380394 52.91527557 16
    vertex 30.8461647 51.46371841 16
    vertex 31.81928062 59.52968597 16
  endloop
endfacet
facet normal 0 -0 1
  outer loop
    vertex 28.28380394 52.91527557 16
    vertex 31.81928062 59.52968597 16
    vertex 28.85996819 61.01927567 16
  endloop
endfacet
facet normal 0 -0 1
  outer loop
    vertex 30.8461647 51.46371841 16
    vertex 34.70193481 57.89668274 16
    vertex 31.81928062 59.52968597 16
  endloop
endfacet
facet normal 0 -0 1
  outer loop
    vertex 33.33421326 49.88817596 16
    vertex 37.50099182 56.12419891 16
    vertex 34.70193481 57.89668274 16
  endloop
endfacet
facet normal 0 -0 1
  outer loop
    vertex 41.47372055 10.08845711 8
    vertex 47.11785507 19.51685524 8
    vertex 46.10345459 21.8053093 8
  endloop
endfacet
facet normal 0 0 -1
  outer loop
    vertex 51 0 8
    vertex 50.93856812 2.50245142 8
    vertex 55 0 8
  endloop
endfacet
facet normal 0 0 -1
  outer loop
    vertex 50.93856812 2.50245142 8
    vertex 54.93375015 2.698722124 8
    vertex 55 0 8
  endloop
endfacet
facet normal 0 0 -1
  outer loop
    vertex 50.93856812 2.50245142 8
    vertex 50.75442123 4.998874187 8
    vertex 54.93375015 2.698722124 8
  endloop
endfacet
facet normal 0 0 -1
  outer loop
    vertex 50.75442123 4.998874187 8
    vertex 54.73516083 5.390942574 8
    vertex 54.93375015 2.698722124 8
  endloop
endfacet
facet normal 0 0 -1
  outer loop
    vertex 50.44800186 7.483254433 8
    vertex 50.02005005 9.949606895 8
    vertex 54.40470886 8.070176125 8
  endloop
endfacet
facet normal 0 0 -1
  outer loop
    vertex 50.75442123 4.998874187 8
    vertex 50.44800186 7.483254433 8
    vertex 54.73516083 5.390942574 8
  endloop
endfacet
facet normal 0 0 -1
  outer loop
    vertex 50.44800186 7.483254433 8
    vertex 54.40470886 8.070176125 8
    vertex 54.73516083 5.390942574 8
  endloop
endfacet
facet normal 0 -0 1
  outer loop
    vertex 41.47372055 10.08845711 8
    vertex 48.91943359 14.38724232 8
    vertex 48.80395889 14.8045187 8
  endloop
endfacet
facet normal 0 -0 1
  outer loop
    vertex 41.47372055 10.08845711 8
    vertex 48.80395889 14.8045187 8
    vertex 48.01874542 17.18138313 8
  endloop
endfacet
facet normal 0 -0 1
  outer loop
    vertex 41.47372055 10.08845711 8
    vertex 48.01874542 17.18138313 8
    vertex 47.11785507 19.51685524 8
  endloop
endfacet
facet normal 0 -0 -1
  outer loop
    vertex 49.47159576 12.39198875 8
    vertex 53.94319153 10.72996807 8
    vertex 50.02005005 9.949606895 8
  endloop
endfacet
facet normal 0 0 -1
  outer loop
    vertex 49.47159576 12.39198875 8
    vertex 48.91943359 14.38724232 8
    vertex 53.3517189 13.36390972 8
  endloop
endfacet
facet normal 0 0 -1
  outer loop
    vertex 50.02005005 9.949606895 8
    vertex 53.94319153 10.72996807 8
    vertex 54.40470886 8.070176125 8
  endloop
endfacet
facet normal 0 0 -1
  outer loop
    vertex 49.47159576 12.39198875 8
    vertex 53.3517189 13.36390972 8
    vertex 53.94319153 10.72996807 8
  endloop
endfacet
facet normal 0 0 -1
  outer loop
    vertex 48.91943359 14.38724232 8
    vertex 52.63171768 15.96565723 8
    vertex 53.3517189 13.36390972 8
  endloop
endfacet
facet normal 0 0 -1
  outer loop
    vertex 48.91943359 14.38724232 8
    vertex 52.47499847 16.44004822 8
    vertex 52.63171768 15.96565723 8
  endloop
endfacet
facet normal -0.9996988172 -0.02454128862 0
  outer loop
    vertex 51 0 8
    vertex 51 0 11.5
    vertex 50.93856812 2.50245142 8
  endloop
endfacet
facet normal -0.9972904662 -0.07356443439 0
  outer loop
    vertex 50.93856812 2.50245142 8
    vertex 50.93856812 2.50245142 11.5
    vertex 50.75442123 4.998874187 8
  endloop
endfacet
facet normal -0.9924795203 -0.1224107914 0
  outer loop
    vertex 50.75442123 4.998874187 8
    vertex 50.75442123 4.998874187 11.5
    vertex 50.44800186 7.483254433 8
  endloop
endfacet
facet normal -0.9852777054 -0.1709615258 0
  outer loop
    vertex 50.44800186 7.483254433 8
    vertex 50.44800186 7.483254433 11.5
    vertex 50.02005005 9.949606895 8
  endloop
endfacet
facet normal -0.9996988172 -0.02454128862 0
  outer loop
    vertex 50.93856812 2.50245142 8
    vertex 51 0 11.5
    vertex 50.93856812 2.50245142 11.5
  endloop
endfacet
facet normal -0.9972904662 -0.07356443439 0
  outer loop
    vertex 50.75442123 4.998874187 8
    vertex 50.93856812 2.50245142 11.5
    vertex 50.75442123 4.998874187 11.5
  endloop
endfacet
facet normal -0.9924795203 -0.1224107914 0
  outer loop
    vertex 50.44800186 7.483254433 8
    vertex 50.75442123 4.998874187 11.5
    vertex 50.44800186 7.483254433 11.5
  endloop
endfacet
facet normal -0.9637759235 -0.2667132717 0
  outer loop
    vertex 49.47159576 12.39198875 8
    vertex 49.47159576 12.39198875 11.5
    vertex 48.91943359 14.38724232 8
  endloop
endfacet
facet normal -0.9637767937 -0.2667101271 1.929931734e-06
  outer loop
    vertex 48.91943359 14.38724232 8
    vertex 49.47159576 12.39198875 11.5
    vertex 48.80395889 14.8045187 8
  endloop
endfacet
facet normal -0.9495277613 -0.3136830096 0
  outer loop
    vertex 48.80395889 14.8045187 8
    vertex 48.80395889 14.8045187 11.5
    vertex 48.01874542 17.18138313 8
  endloop
endfacet
facet normal -0.9329928865 -0.3598948092 0
  outer loop
    vertex 48.01874542 17.18138313 8
    vertex 48.01874542 17.18138313 11.5
    vertex 47.11785507 19.51685524 8
  endloop
endfacet
facet normal -0.9757022071 -0.219100897 0
  outer loop
    vertex 49.47159576 12.39198875 8
    vertex 50.02005005 9.949606895 8
    vertex 50.02005005 9.949606895 11.5
  endloop
endfacet
facet normal 0.9757020311 0.2191016806 0
  outer loop
    vertex 53.94319153 10.72996807 8
    vertex 53.3517189 13.36390972 8
    vertex 53.94319153 10.72996807 11.5
  endloop
endfacet
facet normal 0.9637759976 0.266713004 0
  outer loop
    vertex 53.3517189 13.36390972 8
    vertex 52.63171768 15.96565723 8
    vertex 53.3517189 13.36390972 11.5
  endloop
endfacet
facet normal 0.9495272295 0.3136846194 0
  outer loop
    vertex 52.63171768 15.96565723 8
    vertex 52.47499847 16.44004822 8
    vertex 52.63171768 15.96565723 11.5
  endloop
endfacet
facet normal 0.9495285067 0.3136807532 -5.812202812e-07
  outer loop
    vertex 52.47499847 16.44004822 8
    vertex 51.78492355 18.52894211 8
    vertex 52.63171768 15.96565723 11.5
  endloop
endfacet
facet normal -0.963776074 -0.2667127278 0
  outer loop
    vertex 48.80395889 14.8045187 8
    vertex 49.47159576 12.39198875 11.5
    vertex 48.80395889 14.8045187 11.5
  endloop
endfacet
facet normal -0.9495277613 -0.3136830096 0
  outer loop
    vertex 48.01874542 17.18138313 8
    vertex 48.80395889 14.8045187 11.5
    vertex 48.01874542 17.18138313 11.5
  endloop
endfacet
facet normal -0.9852777054 -0.1709615258 0
  outer loop
    vertex 50.02005005 9.949606895 8
    vertex 50.44800186 7.483254433 11.5
    vertex 50.02005005 9.949606895 11.5
  endloop
endfacet
facet normal -0.9757022071 -0.219100897 0
  outer loop
    vertex 49.47159576 12.39198875 8
    vertex 50.02005005 9.949606895 11.5
    vertex 49.47159576 12.39198875 11.5
  endloop
endfacet
facet normal 0.9757020311 0.2191016806 -0
  outer loop
    vertex 53.3517189 13.36390972 8
    vertex 53.3517189 13.36390972 11.5
    vertex 53.94319153 10.72996807 11.5
  endloop
endfacet
facet normal 0.9637759976 0.266713004 -0
  outer loop
    vertex 52.63171768 15.96565723 8
    vertex 52.63171768 15.96565723 11.5
    vertex 53.3517189 13.36390972 11.5
  endloop
endfacet
facet normal 0.9495282703 0.3136814687 -0
  outer loop
    vertex 51.78492355 18.52894211 8
    vertex 51.78492355 18.52894211 11.5
    vertex 52.63171768 15.96565723 11.5
  endloop
endfacet
facet normal -0 0 1
  outer loop
    vertex 29.47372055 30.87306786 8
    vertex 41.47372055 10.08845711 8
    vertex 42.40494919 28.33408165 8
  endloop
endfacet
facet normal 0 -0 1
  outer loop
    vertex 41.47372055 10.08845711 8
    vertex 43.7441597 26.21924019 8
    vertex 42.40494919 28.33408165 8
  endloop
endfacet
facet normal 0 -0 1
  outer loop
    vertex 41.47372055 10.08845711 8
    vertex 44.97798538 24.04123306 8
    vertex 43.7441597 26.21924019 8
  endloop
endfacet
facet normal 0 -0 1
  outer loop
    vertex 41.47372055 10.08845711 8
    vertex 46.10345459 21.8053093 8
    vertex 44.97798538 24.04123306 8
  endloop
endfacet
facet normal -0 -0 1
  outer loop
    vertex 29.47372055 30.87306786 8
    vertex 40.9635849 30.38066483 8
    vertex 39.42353439 32.35405731 8
  endloop
endfacet
facet normal -0 -0 1
  outer loop
    vertex 29.47372055 30.87306786 8
    vertex 42.40494919 28.33408165 8
    vertex 40.9635849 30.38066483 8
  endloop
endfacet
facet normal -0 0 1
  outer loop
    vertex 42.51557541 34.89163208 8
    vertex 44.17641449 32.76346207 8
    vertex 46.38062668 38.06359863 8
  endloop
endfacet
facet normal 0 -0 1
  outer loop
    vertex 52.47499847 16.44004822 8
    vertex 56.49264526 20.21339035 8
    vertex 51.78492355 18.52894211 8
  endloop
endfacet
facet normal -0 0 1
  outer loop
    vertex 50.81337357 21.04758835 8
    vertex 51.78492355 18.52894211 8
    vertex 55.43277359 22.96100616 8
  endloop
endfacet
facet normal -0 0 1
  outer loop
    vertex 48.50566864 25.92682076 8
    vertex 49.71940994 23.51552963 8
    vertex 54.23935699 25.65330505 8
  endloop
endfacet
facet normal 0 -0 1
  outer loop
    vertex 50.81337357 21.04758835 8
    vertex 55.43277359 22.96100616 8
    vertex 49.71940994 23.51552963 8
  endloop
endfacet
facet normal -0 -0 1
  outer loop
    vertex 49.71940994 23.51552963 8
    vertex 55.43277359 22.96100616 8
    vertex 54.23935699 25.65330505 8
  endloop
endfacet
facet normal -0 -0 1
  outer loop
    vertex 48.50566864 25.92682076 8
    vertex 54.23935699 25.65330505 8
    vertex 52.91527557 28.28380394 8
  endloop
endfacet
facet normal 0 0 1
  outer loop
    vertex 48.50566864 25.92682076 8
    vertex 48.19245148 35.74195862 8
    vertex 47.17507172 28.27565002 8
  endloop
endfacet
facet normal 0 -0 1
  outer loop
    vertex 48.50566864 25.92682076 8
    vertex 51.46371841 30.8461647 8
    vertex 48.19245148 35.74195862 8
  endloop
endfacet
facet normal 0 0 1
  outer loop
    vertex 47.17507172 28.27565002 8
    vertex 46.38062668 38.06359863 8
    vertex 45.73082733 30.55636215 8
  endloop
endfacet
facet normal -0 0 1
  outer loop
    vertex 44.17641449 32.76346207 8
    vertex 45.73082733 30.55636215 8
    vertex 46.38062668 38.06359863 8
  endloop
endfacet
facet normal 0 -0 1
  outer loop
    vertex 47.17507172 28.27565002 8
    vertex 48.19245148 35.74195862 8
    vertex 46.38062668 38.06359863 8
  endloop
endfacet
facet normal 0 -0 1
  outer loop
    vertex 48.50566864 25.92682076 8
    vertex 52.91527557 28.28380394 8
    vertex 51.46371841 30.8461647 8
  endloop
endfacet
facet normal -0 -0 1
  outer loop
    vertex 48.19245148 35.74195862 8
    vertex 51.46371841 30.8461647 8
    vertex 49.88817596 33.33421326 8
  endloop
endfacet
facet normal -0.8448532177 -0.5349981687 0
  outer loop
    vertex 43.7441597 26.21924019 8
    vertex 43.7441597 26.21924019 11.5
    vertex 42.40494919 28.33408165 8
  endloop
endfacet
facet normal -0.8700870105 -0.492898158 0
  outer loop
    vertex 44.97798538 24.04123306 8
    vertex 44.97798538 24.04123306 11.5
    vertex 43.7441597 26.21924019 8
  endloop
endfacet
facet normal -0.8700870105 -0.492898158 0
  outer loop
    vertex 43.7441597 26.21924019 8
    vertex 44.97798538 24.04123306 11.5
    vertex 43.7441597 26.21924019 11.5
  endloop
endfacet
facet normal -0.7883464481 -0.6152315644 0
  outer loop
    vertex 39.42353439 32.35405731 8
    vertex 40.9635849 30.38066483 8
    vertex 40.9635849 30.38066483 11.5
  endloop
endfacet
facet normal -0.7242482374 -0.6895393321 7.502313183e-07
  outer loop
    vertex 36.91357803 35.16847229 8
    vertex 37.78850555 34.2495079 11.5
    vertex 36.06244659 36.06244659 8
  endloop
endfacet
facet normal -0.7242468105 -0.6895408309 0
  outer loop
    vertex 36.91357803 35.16847229 8
    vertex 37.78850555 34.2495079 8
    vertex 37.78850555 34.2495079 11.5
  endloop
endfacet
facet normal -0.7572084683 -0.6531732814 0
  outer loop
    vertex 37.78850555 34.2495079 8
    vertex 39.42353439 32.35405731 8
    vertex 39.42353439 32.35405731 11.5
  endloop
endfacet
facet normal -0.8175852283 -0.575807602 0
  outer loop
    vertex 42.40494919 28.33408165 8
    vertex 42.40494919 28.33408165 11.5
    vertex 40.9635849 30.38066483 8
  endloop
endfacet
facet normal 0.7572083233 0.6531734495 0
  outer loop
    vertex 42.51557541 34.89163208 8
    vertex 40.75231171 36.93574142 8
    vertex 42.51557541 34.89163208 11.5
  endloop
endfacet
facet normal 0.788346625 0.6152313376 0
  outer loop
    vertex 42.51557541 34.89163208 8
    vertex 44.17641449 32.76346207 11.5
    vertex 44.17641449 32.76346207 8
  endloop
endfacet
facet normal -0.7242475141 -0.6895400919 -0
  outer loop
    vertex 37.78850555 34.2495079 11.5
    vertex 36.06244659 36.06244659 11.5
    vertex 36.06244659 36.06244659 8
  endloop
endfacet
facet normal -0.7572084683 -0.6531732814 0
  outer loop
    vertex 37.78850555 34.2495079 8
    vertex 39.42353439 32.35405731 11.5
    vertex 37.78850555 34.2495079 11.5
  endloop
endfacet
facet normal -0.7883464481 -0.6152315644 0
  outer loop
    vertex 39.42353439 32.35405731 8
    vertex 40.9635849 30.38066483 11.5
    vertex 39.42353439 32.35405731 11.5
  endloop
endfacet
facet normal -0.8175852283 -0.575807602 0
  outer loop
    vertex 40.9635849 30.38066483 8
    vertex 42.40494919 28.33408165 11.5
    vertex 40.9635849 30.38066483 11.5
  endloop
endfacet
facet normal -0.8448532177 -0.5349981687 0
  outer loop
    vertex 42.40494919 28.33408165 8
    vertex 43.7441597 26.21924019 11.5
    vertex 42.40494919 28.33408165 11.5
  endloop
endfacet
facet normal 0.8175852136 0.5758076229 -0
  outer loop
    vertex 44.17641449 32.76346207 8
    vertex 44.17641449 32.76346207 11.5
    vertex 45.73082733 30.55636215 11.5
  endloop
endfacet
facet normal 0.788346625 0.6152313376 -0
  outer loop
    vertex 42.51557541 34.89163208 8
    vertex 42.51557541 34.89163208 11.5
    vertex 44.17641449 32.76346207 11.5
  endloop
endfacet
facet normal -0.914209968 -0.405240835 0
  outer loop
    vertex 47.11785507 19.51685524 8
    vertex 47.11785507 19.51685524 11.5
    vertex 46.10345459 21.8053093 8
  endloop
endfacet
facet normal -0.8932243391 -0.4496112543 0
  outer loop
    vertex 44.97798538 24.04123306 8
    vertex 46.10345459 21.8053093 8
    vertex 46.10345459 21.8053093 11.5
  endloop
endfacet
facet normal 0.893224398 0.4496111374 0
  outer loop
    vertex 48.50566864 25.92682076 8
    vertex 49.71940994 23.51552963 11.5
    vertex 49.71940994 23.51552963 8
  endloop
endfacet
facet normal 0.8700867404 0.4928986348 0
  outer loop
    vertex 48.50566864 25.92682076 8
    vertex 47.17507172 28.27565002 8
    vertex 48.50566864 25.92682076 11.5
  endloop
endfacet
facet normal 0.932992684 0.3598953343 0
  outer loop
    vertex 50.81337357 21.04758835 8
    vertex 51.78492355 18.52894211 11.5
    vertex 51.78492355 18.52894211 8
  endloop
endfacet
facet normal 0.9142096885 0.4052414656 0
  outer loop
    vertex 50.81337357 21.04758835 8
    vertex 49.71940994 23.51552963 8
    vertex 50.81337357 21.04758835 11.5
  endloop
endfacet
facet normal -0.914209968 -0.405240835 0
  outer loop
    vertex 46.10345459 21.8053093 8
    vertex 47.11785507 19.51685524 11.5
    vertex 46.10345459 21.8053093 11.5
  endloop
endfacet
facet normal -0.9329928865 -0.3598948092 0
  outer loop
    vertex 47.11785507 19.51685524 8
    vertex 48.01874542 17.18138313 11.5
    vertex 47.11785507 19.51685524 11.5
  endloop
endfacet
facet normal -0.8932243391 -0.4496112543 0
  outer loop
    vertex 44.97798538 24.04123306 8
    vertex 46.10345459 21.8053093 11.5
    vertex 44.97798538 24.04123306 11.5
  endloop
endfacet
facet normal 0.893224398 0.4496111374 -0
  outer loop
    vertex 48.50566864 25.92682076 8
    vertex 48.50566864 25.92682076 11.5
    vertex 49.71940994 23.51552963 11.5
  endloop
endfacet
facet normal 0.932992684 0.3598953343 -0
  outer loop
    vertex 50.81337357 21.04758835 8
    vertex 50.81337357 21.04758835 11.5
    vertex 51.78492355 18.52894211 11.5
  endloop
endfacet
facet normal 0.9142096885 0.4052414656 -0
  outer loop
    vertex 49.71940994 23.51552963 8
    vertex 49.71940994 23.51552963 11.5
    vertex 50.81337357 21.04758835 11.5
  endloop
endfacet
facet normal -0.8932243623 -0.4496112084 0
  outer loop
    vertex 52.91527557 28.28380394 8
    vertex 54.23935699 25.65330505 8
    vertex 54.23935699 25.65330505 16
  endloop
endfacet
facet normal 0.8448536727 0.5349974501 0
  outer loop
    vertex 47.17507172 28.27565002 8
    vertex 45.73082733 30.55636215 8
    vertex 47.17507172 28.27565002 11.5
  endloop
endfacet
facet normal 0.8175852136 0.5758076229 0
  outer loop
    vertex 44.17641449 32.76346207 8
    vertex 45.73082733 30.55636215 11.5
    vertex 45.73082733 30.55636215 8
  endloop
endfacet
facet normal 0.8448536727 0.5349974501 -0
  outer loop
    vertex 45.73082733 30.55636215 8
    vertex 45.73082733 30.55636215 11.5
    vertex 47.17507172 28.27565002 11.5
  endloop
endfacet
facet normal 0.8700867404 0.4928986348 -0
  outer loop
    vertex 47.17507172 28.27565002 8
    vertex 47.17507172 28.27565002 11.5
    vertex 48.50566864 25.92682076 11.5
  endloop
endfacet
facet normal -0.8175849918 -0.5758079377 0
  outer loop
    vertex 48.19245148 35.74195862 8
    vertex 49.88817596 33.33421326 8
    vertex 49.88817596 33.33421326 16
  endloop
endfacet
facet normal -0.8700873237 -0.4928976052 0
  outer loop
    vertex 51.46371841 30.8461647 8
    vertex 52.91527557 28.28380394 8
    vertex 52.91527557 28.28380394 16
  endloop
endfacet
facet normal -0.8448530926 -0.5349983663 0
  outer loop
    vertex 51.46371841 30.8461647 8
    vertex 51.46371841 30.8461647 16
    vertex 49.88817596 33.33421326 8
  endloop
endfacet
facet normal 0 0 -1
  outer loop
    vertex 60 0 7.900000095
    vertex 59.92772675 2.944060564 7.900000095
    vertex 61.92531967 3.042195797 7.900000095
  endloop
endfacet
facet normal 0 0 -1
  outer loop
    vertex 60 0 7.900000095
    vertex 61.92531967 3.042195797 7.900000095
    vertex 62 0 7.900000095
  endloop
endfacet
facet normal 0 0 -1
  outer loop
    vertex 59.92772675 2.944060564 7.900000095
    vertex 61.70145416 6.077062607 7.900000095
    vertex 61.92531967 3.042195797 7.900000095
  endloop
endfacet
facet normal 0 0 -1
  outer loop
    vertex 59.92772675 2.944060564 7.900000095
    vertex 59.71108246 5.881028652 7.900000095
    vertex 61.70145416 6.077062607 7.900000095
  endloop
endfacet
facet normal 0 0 -1
  outer loop
    vertex 59.71108246 5.881028652 7.900000095
    vertex 59.35058975 8.803828239 7.900000095
    vertex 61.32894516 9.097289085 7.900000095
  endloop
endfacet
facet normal 0 0 -1
  outer loop
    vertex 59.71108246 5.881028652 7.900000095
    vertex 61.32894516 9.097289085 7.900000095
    vertex 61.70145416 6.077062607 7.900000095
  endloop
endfacet
facet normal 0 0 -1
  outer loop
    vertex 58.20187378 14.57881069 7.900000095
    vertex 57.41641998 17.41707993 7.900000095
    vertex 59.33029938 17.99765015 7.900000095
  endloop
endfacet
facet normal 0 0 -1
  outer loop
    vertex 59.35058975 8.803828239 7.900000095
    vertex 60.80868912 12.09560013 7.900000095
    vertex 61.32894516 9.097289085 7.900000095
  endloop
endfacet
facet normal 0 0 -1
  outer loop
    vertex 59.35058975 8.803828239 7.900000095
    vertex 58.84711838 11.70541954 7.900000095
    vertex 60.80868912 12.09560013 7.900000095
  endloop
endfacet
facet normal 0 0 -1
  outer loop
    vertex 58.84711838 11.70541954 7.900000095
    vertex 60.14193726 15.0647707 7.900000095
    vertex 60.80868912 12.09560013 7.900000095
  endloop
endfacet
facet normal 0 -0 -1
  outer loop
    vertex 58.20187378 14.57881069 7.900000095
    vertex 60.14193726 15.0647707 7.900000095
    vertex 58.84711838 11.70541954 7.900000095
  endloop
endfacet
facet normal 0 0 -1
  outer loop
    vertex 58.20187378 14.57881069 7.900000095
    vertex 59.33029938 17.99765015 7.900000095
    vertex 60.14193726 15.0647707 7.900000095
  endloop
endfacet
facet normal -0 0 1
  outer loop
    vertex 67.41869354 3.312067986 8
    vertex 67.5 0 8
    vertex 71.91326904 3.532872438 8
  endloop
endfacet
facet normal 0 -0 1
  outer loop
    vertex 67.5 0 8
    vertex 72 0 8
    vertex 71.91326904 3.532872438 8
  endloop
endfacet
facet normal 0 -0 1
  outer loop
    vertex 67.41869354 3.312067986 8
    vertex 71.65329742 7.057234287 8
    vertex 67.17497253 6.616157055 8
  endloop
endfacet
facet normal 0 -0 1
  outer loop
    vertex 67.41869354 3.312067986 8
    vertex 71.91326904 3.532872438 8
    vertex 71.65329742 7.057234287 8
  endloop
endfacet
facet normal 0 -0 1
  outer loop
    vertex 67.17497253 6.616157055 8
    vertex 71.65329742 7.057234287 8
    vertex 71.22071075 10.56459427 8
  endloop
endfacet
facet normal 0 -0 1
  outer loop
    vertex 66.20300293 13.16859627 8
    vertex 69.84224701 17.49457359 8
    vertex 65.47711182 16.40116119 8
  endloop
endfacet
facet normal 0 -0 1
  outer loop
    vertex 67.17497253 6.616157055 8
    vertex 71.22071075 10.56459427 8
    vertex 66.76941681 9.904307365 8
  endloop
endfacet
facet normal 0 -0 1
  outer loop
    vertex 66.76941681 9.904307365 8
    vertex 70.616539 14.04650307 8
    vertex 66.20300293 13.16859627 8
  endloop
endfacet
facet normal 0 -0 1
  outer loop
    vertex 66.76941681 9.904307365 8
    vertex 71.22071075 10.56459427 8
    vertex 70.616539 14.04650307 8
  endloop
endfacet
facet normal 0 -0 1
  outer loop
    vertex 66.20300293 13.16859627 8
    vertex 70.616539 14.04650307 8
    vertex 69.84224701 17.49457359 8
  endloop
endfacet
facet normal 0.9996988193 0.0245412055 0
  outer loop
    vertex 55 0 8
    vertex 54.93375015 2.698722124 8
    vertex 55 0 11.5
  endloop
endfacet
facet normal 0.997290478 0.073564274 0
  outer loop
    vertex 54.93375015 2.698722124 8
    vertex 54.73516083 5.390942574 8
    vertex 54.93375015 2.698722124 11.5
  endloop
endfacet
facet normal 0.9924795335 0.1224106843 0
  outer loop
    vertex 54.73516083 5.390942574 8
    vertex 54.40470886 8.070176125 8
    vertex 54.73516083 5.390942574 11.5
  endloop
endfacet
facet normal 0.9852776642 0.1709617632 0
  outer loop
    vertex 53.94319153 10.72996807 8
    vertex 54.40470886 8.070176125 11.5
    vertex 54.40470886 8.070176125 8
  endloop
endfacet
facet normal 0.9996988193 0.0245412055 -0
  outer loop
    vertex 54.93375015 2.698722124 8
    vertex 54.93375015 2.698722124 11.5
    vertex 55 0 11.5
  endloop
endfacet
facet normal 0.997290478 0.073564274 -0
  outer loop
    vertex 54.73516083 5.390942574 8
    vertex 54.73516083 5.390942574 11.5
    vertex 54.93375015 2.698722124 11.5
  endloop
endfacet
facet normal 0.9924795335 0.1224106843 -0
  outer loop
    vertex 54.40470886 8.070176125 8
    vertex 54.40470886 8.070176125 11.5
    vertex 54.73516083 5.390942574 11.5
  endloop
endfacet
facet normal -0.9996988135 -0.02454144033 0
  outer loop
    vertex 60 0 7.900000095
    vertex 60 0 16
    vertex 59.92772675 2.944060564 7.900000095
  endloop
endfacet
facet normal -0.9972904441 -0.07356473438 0
  outer loop
    vertex 59.92772675 2.944060564 7.900000095
    vertex 59.92772675 2.944060564 16
    vertex 59.71108246 5.881028652 7.900000095
  endloop
endfacet
facet normal -0.9924795445 -0.1224105951 0
  outer loop
    vertex 59.71108246 5.881028652 7.900000095
    vertex 59.71108246 5.881028652 16
    vertex 59.35058975 8.803828239 7.900000095
  endloop
endfacet
facet normal 0.9852776642 0.1709617632 -0
  outer loop
    vertex 53.94319153 10.72996807 8
    vertex 53.94319153 10.72996807 11.5
    vertex 54.40470886 8.070176125 11.5
  endloop
endfacet
facet normal -0.9637761603 -0.2667124158 0
  outer loop
    vertex 58.20187378 14.57881069 7.900000095
    vertex 58.20187378 14.57881069 16
    vertex 57.41641998 17.41707993 7.900000095
  endloop
endfacet
facet normal -0.9495283936 -0.3136810956 0
  outer loop
    vertex 57.41641998 17.41707993 7.900000095
    vertex 57.41641998 17.41707993 16
    vertex 56.89597321 18.9924984 8
  endloop
endfacet
facet normal -0.9852777841 -0.1709610723 0
  outer loop
    vertex 59.35058975 8.803828239 7.900000095
    vertex 59.35058975 8.803828239 16
    vertex 58.84711838 11.70541954 7.900000095
  endloop
endfacet
facet normal -0.9757019095 -0.2191022223 0
  outer loop
    vertex 58.20187378 14.57881069 7.900000095
    vertex 58.84711838 11.70541954 7.900000095
    vertex 58.84711838 11.70541954 16
  endloop
endfacet
facet normal 0.9996988205 0.02454115376 0
  outer loop
    vertex 67.41869354 3.312067986 8
    vertex 67.5 0 11.5
    vertex 67.5 0 8
  endloop
endfacet
facet normal 0.9996988205 0.02454115376 -0
  outer loop
    vertex 67.41869354 3.312067986 8
    vertex 67.41869354 3.312067986 11.5
    vertex 67.5 0 11.5
  endloop
endfacet
facet normal 0.9972906493 0.07356195249 0
  outer loop
    vertex 67.41869354 3.312067986 8
    vertex 67.36795044 4 11.5
    vertex 67.41869354 3.312067986 11.5
  endloop
endfacet
facet normal 0.9972905285 0.07356358986 -0
  outer loop
    vertex 67.41869354 3.312067986 8
    vertex 67.17497253 6.616157055 8
    vertex 67.17497253 6.616157055 16
  endloop
endfacet
facet normal 0.9924794955 0.122410992 -0
  outer loop
    vertex 67.17497253 6.616157055 8
    vertex 66.76941681 9.904307365 8
    vertex 66.76941681 9.904307365 16
  endloop
endfacet
facet normal 0.9852773361 0.1709636539 -0
  outer loop
    vertex 66.76941681 9.904307365 8
    vertex 66.20300293 13.16859627 8
    vertex 66.20300293 13.16859627 16
  endloop
endfacet
facet normal 0.9757024924 0.2190996266 -0
  outer loop
    vertex 66.20300293 13.16859627 8
    vertex 65.47711182 16.40116119 8
    vertex 65.47711182 16.40116119 16
  endloop
endfacet
facet normal 0 -0 1
  outer loop
    vertex 52.47499847 16.44004822 8
    vertex 56.89597321 18.9924984 8
    vertex 56.49264526 20.21339035 8
  endloop
endfacet
facet normal 0.4999998867 -0.8660254692 0
  outer loop
    vertex 52.47499847 16.44004822 8
    vertex 56.89597321 18.9924984 7.900000095
    vertex 56.89597321 18.9924984 8
  endloop
endfacet
facet normal 0 -0 1
  outer loop
    vertex 51.78492355 18.52894211 8
    vertex 56.49264526 20.21339035 8
    vertex 55.43277359 22.96100616 8
  endloop
endfacet
facet normal -0.9495283936 -0.3136810956 -0
  outer loop
    vertex 57.41641998 17.41707993 7.900000095
    vertex 56.89597321 18.9924984 8
    vertex 56.89597321 18.9924984 7.900000095
  endloop
endfacet
facet normal 0 0 -1
  outer loop
    vertex 57.41641998 17.41707993 7.900000095
    vertex 56.89597321 18.9924984 7.900000095
    vertex 58.66436005 20.01347733 7.900000095
  endloop
endfacet
facet normal 0 0 -1
  outer loop
    vertex 57.41641998 17.41707993 7.900000095
    vertex 58.66436005 20.01347733 7.900000095
    vertex 59.33029938 17.99765015 7.900000095
  endloop
endfacet
facet normal 0 -0 1
  outer loop
    vertex 62.36186981 25.83113098 8
    vertex 63.49832916 33.9405632 8
    vertex 61.01927567 28.85996819 8
  endloop
endfacet
facet normal 0 0 1
  outer loop
    vertex 61.01927567 28.85996819 8
    vertex 59.86581039 40.00105667 8
    vertex 59.52968597 31.81928062 8
  endloop
endfacet
facet normal 0 -0 1
  outer loop
    vertex 61.01927567 28.85996819 8
    vertex 63.49832916 33.9405632 8
    vertex 61.75645828 37.01539612 8
  endloop
endfacet
facet normal 0 -0 1
  outer loop
    vertex 61.01927567 28.85996819 8
    vertex 61.75645828 37.01539612 8
    vertex 59.86581039 40.00105667 8
  endloop
endfacet
facet normal 0 -0 1
  outer loop
    vertex 65.47711182 16.40116119 8
    vertex 68.89970398 20.90049744 8
    vertex 64.59347534 19.59421539 8
  endloop
endfacet
facet normal 0 -0 1
  outer loop
    vertex 64.59347534 19.59421539 8
    vertex 67.79117584 24.25606918 8
    vertex 63.55422592 22.74006462 8
  endloop
endfacet
facet normal 0 -0 1
  outer loop
    vertex 64.59347534 19.59421539 8
    vertex 68.89970398 20.90049744 8
    vertex 67.79117584 24.25606918 8
  endloop
endfacet
facet normal -0 0 1
  outer loop
    vertex 62.36186981 25.83113098 8
    vertex 63.55422592 22.74006462 8
    vertex 65.08722687 30.78396606 8
  endloop
endfacet
facet normal 0 -0 1
  outer loop
    vertex 63.55422592 22.74006462 8
    vertex 67.79117584 24.25606918 8
    vertex 66.51932526 27.5532074 8
  endloop
endfacet
facet normal 0 -0 1
  outer loop
    vertex 65.47711182 16.40116119 8
    vertex 69.84224701 17.49457359 8
    vertex 68.89970398 20.90049744 8
  endloop
endfacet
facet normal 0 -0 1
  outer loop
    vertex 63.55422592 22.74006462 8
    vertex 66.51932526 27.5532074 8
    vertex 65.08722687 30.78396606 8
  endloop
endfacet
facet normal 0 -0 1
  outer loop
    vertex 62.36186981 25.83113098 8
    vertex 65.08722687 30.78396606 8
    vertex 63.49832916 33.9405632 8
  endloop
endfacet
facet normal -0.9329928788 -0.3598948291 0
  outer loop
    vertex 56.49264526 20.21339035 8
    vertex 56.49264526 20.21339035 16
    vertex 55.43277359 22.96100616 8
  endloop
endfacet
facet normal -0.9495282454 -0.3136815442 -9.798274087e-08
  outer loop
    vertex 56.89597321 18.9924984 8
    vertex 57.41641998 17.41707993 16
    vertex 56.49264526 20.21339035 8
  endloop
endfacet
facet normal -0.9142094317 -0.405242045 0
  outer loop
    vertex 55.43277359 22.96100616 8
    vertex 55.43277359 22.96100616 16
    vertex 54.23935699 25.65330505 8
  endloop
endfacet
facet normal 0.9329927746 0.3598950994 -0
  outer loop
    vertex 62.36186981 25.83113098 8
    vertex 62.36186981 25.83113098 16
    vertex 63.55422592 22.74006462 8
  endloop
endfacet
facet normal 0.8700870161 0.4928981481 -0
  outer loop
    vertex 57.89668274 34.70193481 8
    vertex 57.89668274 34.70193481 16
    vertex 59.52968597 31.81928062 8
  endloop
endfacet
facet normal 0.8932246662 0.4496106045 -0
  outer loop
    vertex 61.01927567 28.85996819 8
    vertex 59.52968597 31.81928062 8
    vertex 59.52968597 31.81928062 16
  endloop
endfacet
facet normal 0.9142094256 0.4052420586 -0
  outer loop
    vertex 62.36186981 25.83113098 8
    vertex 61.01927567 28.85996819 8
    vertex 61.01927567 28.85996819 16
  endloop
endfacet
facet normal 0.9637761145 0.2667125814 -0
  outer loop
    vertex 65.47711182 16.40116119 8
    vertex 64.59347534 19.59421539 8
    vertex 64.59347534 19.59421539 16
  endloop
endfacet
facet normal 0.9495280717 0.3136820701 -0
  outer loop
    vertex 64.59347534 19.59421539 8
    vertex 63.55422592 22.74006462 8
    vertex 63.55422592 22.74006462 16
  endloop
endfacet
facet normal 0 -0 1
  outer loop
    vertex 51 0 11.5
    vertex 54.93375015 2.698722124 11.5
    vertex 50.93856812 2.50245142 11.5
  endloop
endfacet
facet normal 0 -0 1
  outer loop
    vertex 51 0 11.5
    vertex 55 0 11.5
    vertex 54.93375015 2.698722124 11.5
  endloop
endfacet
facet normal 0 -0 1
  outer loop
    vertex 50.93856812 2.50245142 11.5
    vertex 54.73516083 5.390942574 11.5
    vertex 50.75442123 4.998874187 11.5
  endloop
endfacet
facet normal 0 -0 1
  outer loop
    vertex 50.93856812 2.50245142 11.5
    vertex 54.93375015 2.698722124 11.5
    vertex 54.73516083 5.390942574 11.5
  endloop
endfacet
facet normal 0 -0 1
  outer loop
    vertex 50.75442123 4.998874187 11.5
    vertex 54.73516083 5.390942574 11.5
    vertex 54.40470886 8.070176125 11.5
  endloop
endfacet
facet normal 0 -0 1
  outer loop
    vertex 50.75442123 4.998874187 11.5
    vertex 54.40470886 8.070176125 11.5
    vertex 50.44800186 7.483254433 11.5
  endloop
endfacet
facet normal 0 -0 1
  outer loop
    vertex 50.44800186 7.483254433 11.5
    vertex 54.40470886 8.070176125 11.5
    vertex 53.94319153 10.72996807 11.5
  endloop
endfacet
facet normal 0 -0 1
  outer loop
    vertex 50.44800186 7.483254433 11.5
    vertex 53.94319153 10.72996807 11.5
    vertex 50.02005005 9.949606895 11.5
  endloop
endfacet
facet normal -0 0 1
  outer loop
    vertex 49.47159576 12.39198875 11.5
    vertex 50.02005005 9.949606895 11.5
    vertex 53.3517189 13.36390972 11.5
  endloop
endfacet
facet normal 0 -0 1
  outer loop
    vertex 50.02005005 9.949606895 11.5
    vertex 53.94319153 10.72996807 11.5
    vertex 53.3517189 13.36390972 11.5
  endloop
endfacet
facet normal 0 -0 1
  outer loop
    vertex 49.47159576 12.39198875 11.5
    vertex 52.63171768 15.96565723 11.5
    vertex 48.80395889 14.8045187 11.5
  endloop
endfacet
facet normal 0 -0 1
  outer loop
    vertex 48.80395889 14.8045187 11.5
    vertex 51.78492355 18.52894211 11.5
    vertex 48.01874542 17.18138313 11.5
  endloop
endfacet
facet normal 0 -0 1
  outer loop
    vertex 48.80395889 14.8045187 11.5
    vertex 52.63171768 15.96565723 11.5
    vertex 51.78492355 18.52894211 11.5
  endloop
endfacet
facet normal 0 -0 1
  outer loop
    vertex 49.47159576 12.39198875 11.5
    vertex 53.3517189 13.36390972 11.5
    vertex 52.63171768 15.96565723 11.5
  endloop
endfacet
facet normal -0 0 1
  outer loop
    vertex 37.78850555 34.2495079 11.5
    vertex 39.42353439 32.35405731 11.5
    vertex 40.75231171 36.93574142 11.5
  endloop
endfacet
facet normal 0 -0 1
  outer loop
    vertex 42.40494919 28.33408165 11.5
    vertex 44.17641449 32.76346207 11.5
    vertex 40.9635849 30.38066483 11.5
  endloop
endfacet
facet normal 0 -0 1
  outer loop
    vertex 43.7441597 26.21924019 11.5
    vertex 45.73082733 30.55636215 11.5
    vertex 42.40494919 28.33408165 11.5
  endloop
endfacet
facet normal 0 -0 1
  outer loop
    vertex 42.40494919 28.33408165 11.5
    vertex 45.73082733 30.55636215 11.5
    vertex 44.17641449 32.76346207 11.5
  endloop
endfacet
facet normal -0 0 1
  outer loop
    vertex 39.42353439 32.35405731 11.5
    vertex 40.9635849 30.38066483 11.5
    vertex 42.51557541 34.89163208 11.5
  endloop
endfacet
facet normal 0 -0 1
  outer loop
    vertex 40.9635849 30.38066483 11.5
    vertex 44.17641449 32.76346207 11.5
    vertex 42.51557541 34.89163208 11.5
  endloop
endfacet
facet normal 0 -0 1
  outer loop
    vertex 39.42353439 32.35405731 11.5
    vertex 42.51557541 34.89163208 11.5
    vertex 40.75231171 36.93574142 11.5
  endloop
endfacet
facet normal 0 -0 1
  outer loop
    vertex 48.01874542 17.18138313 11.5
    vertex 50.81337357 21.04758835 11.5
    vertex 47.11785507 19.51685524 11.5
  endloop
endfacet
facet normal 0 -0 1
  outer loop
    vertex 47.11785507 19.51685524 11.5
    vertex 49.71940994 23.51552963 11.5
    vertex 46.10345459 21.8053093 11.5
  endloop
endfacet
facet normal 0 -0 1
  outer loop
    vertex 47.11785507 19.51685524 11.5
    vertex 50.81337357 21.04758835 11.5
    vertex 49.71940994 23.51552963 11.5
  endloop
endfacet
facet normal -0 0 1
  outer loop
    vertex 44.97798538 24.04123306 11.5
    vertex 46.10345459 21.8053093 11.5
    vertex 48.50566864 25.92682076 11.5
  endloop
endfacet
facet normal 0 -0 1
  outer loop
    vertex 44.97798538 24.04123306 11.5
    vertex 47.17507172 28.27565002 11.5
    vertex 43.7441597 26.21924019 11.5
  endloop
endfacet
facet normal 0 -0 1
  outer loop
    vertex 44.97798538 24.04123306 11.5
    vertex 48.50566864 25.92682076 11.5
    vertex 47.17507172 28.27565002 11.5
  endloop
endfacet
facet normal 0 -0 1
  outer loop
    vertex 46.10345459 21.8053093 11.5
    vertex 49.71940994 23.51552963 11.5
    vertex 48.50566864 25.92682076 11.5
  endloop
endfacet
facet normal 0 -0 1
  outer loop
    vertex 48.01874542 17.18138313 11.5
    vertex 51.78492355 18.52894211 11.5
    vertex 50.81337357 21.04758835 11.5
  endloop
endfacet
facet normal 0 -0 1
  outer loop
    vertex 43.7441597 26.21924019 11.5
    vertex 47.17507172 28.27565002 11.5
    vertex 45.73082733 30.55636215 11.5
  endloop
endfacet
facet normal -0.8175849918 -0.5758079377 0
  outer loop
    vertex 48.19245148 35.74195862 8
    vertex 49.88817596 33.33421326 16
    vertex 48.19245148 35.74195862 16
  endloop
endfacet
facet normal -0.8932243623 -0.4496112084 0
  outer loop
    vertex 52.91527557 28.28380394 8
    vertex 54.23935699 25.65330505 16
    vertex 52.91527557 28.28380394 16
  endloop
endfacet
facet normal -0.8700873237 -0.4928976052 0
  outer loop
    vertex 51.46371841 30.8461647 8
    vertex 52.91527557 28.28380394 16
    vertex 51.46371841 30.8461647 16
  endloop
endfacet
facet normal -0.8448530926 -0.5349983663 0
  outer loop
    vertex 49.88817596 33.33421326 8
    vertex 51.46371841 30.8461647 16
    vertex 49.88817596 33.33421326 16
  endloop
endfacet
facet normal 0 -0 1
  outer loop
    vertex 51.46371841 30.8461647 16
    vertex 56.12419891 37.50099182 16
    vertex 49.88817596 33.33421326 16
  endloop
endfacet
facet normal -0.9996988135 -0.02454144033 0
  outer loop
    vertex 59.92772675 2.944060564 7.900000095
    vertex 60 0 16
    vertex 59.92772675 2.944060564 16
  endloop
endfacet
facet normal -0.9972904441 -0.07356473438 0
  outer loop
    vertex 59.71108246 5.881028652 7.900000095
    vertex 59.92772675 2.944060564 16
    vertex 59.71108246 5.881028652 16
  endloop
endfacet
facet normal -0.9924795445 -0.1224105951 0
  outer loop
    vertex 59.35058975 8.803828239 7.900000095
    vertex 59.71108246 5.881028652 16
    vertex 59.35058975 8.803828239 16
  endloop
endfacet
facet normal -0.9757019095 -0.2191022223 0
  outer loop
    vertex 58.20187378 14.57881069 7.900000095
    vertex 58.84711838 11.70541954 16
    vertex 58.20187378 14.57881069 16
  endloop
endfacet
facet normal -0.9637761603 -0.2667124158 0
  outer loop
    vertex 57.41641998 17.41707993 7.900000095
    vertex 58.20187378 14.57881069 16
    vertex 57.41641998 17.41707993 16
  endloop
endfacet
facet normal -0.9852777841 -0.1709610723 0
  outer loop
    vertex 58.84711838 11.70541954 7.900000095
    vertex 59.35058975 8.803828239 16
    vertex 58.84711838 11.70541954 16
  endloop
endfacet
facet normal 0.9972904188 0.07356507665 -6.174017288e-07
  outer loop
    vertex 67.41869354 3.312067986 8
    vertex 67.17497253 6.616157055 16
    vertex 67.36795044 4 11.5
  endloop
endfacet
facet normal 0 0 -1
  outer loop
    vertex 68.19999695 -4 11.5
    vertex 67.5 0 11.5
    vertex 68.19999695 4 11.5
  endloop
endfacet
facet normal 0 -0 -1
  outer loop
    vertex 67.41869354 3.312067986 11.5
    vertex 68.19999695 4 11.5
    vertex 67.5 0 11.5
  endloop
endfacet
facet normal 0 0 -1
  outer loop
    vertex 67.41869354 3.312067986 11.5
    vertex 67.36795044 4 11.5
    vertex 68.19999695 4 11.5
  endloop
endfacet
facet normal 0.9924794955 0.122410992 0
  outer loop
    vertex 67.17497253 6.616157055 8
    vertex 66.76941681 9.904307365 16
    vertex 67.17497253 6.616157055 16
  endloop
endfacet
facet normal -0 1 0
  outer loop
    vertex 67.36795044 4 11.5
    vertex 67.90000153 4 14
    vertex 68.19999695 4 11.5
  endloop
endfacet
facet normal 0 1 0
  outer loop
    vertex 67.36795044 4 11.5
    vertex 67.36795044 4 14
    vertex 67.90000153 4 14
  endloop
endfacet
facet normal 0.9852773361 0.1709636539 0
  outer loop
    vertex 66.76941681 9.904307365 8
    vertex 66.20300293 13.16859627 16
    vertex 66.76941681 9.904307365 16
  endloop
endfacet
facet normal 0.9637761145 0.2667125814 0
  outer loop
    vertex 65.47711182 16.40116119 8
    vertex 64.59347534 19.59421539 16
    vertex 65.47711182 16.40116119 16
  endloop
endfacet
facet normal 0.9757024924 0.2190996266 0
  outer loop
    vertex 66.20300293 13.16859627 8
    vertex 65.47711182 16.40116119 16
    vertex 66.20300293 13.16859627 16
  endloop
endfacet
facet normal 0 -0 1
  outer loop
    vertex 60 0 16
    vertex 67.41869354 3.312067986 16
    vertex 59.92772675 2.944060564 16
  endloop
endfacet
facet normal 0 -0 1
  outer loop
    vertex 59.92772675 2.944060564 16
    vertex 67.17497253 6.616157055 16
    vertex 59.71108246 5.881028652 16
  endloop
endfacet
facet normal 0 -0 1
  outer loop
    vertex 59.71108246 5.881028652 16
    vertex 66.76941681 9.904307365 16
    vertex 59.35058975 8.803828239 16
  endloop
endfacet
facet normal 0 -0 1
  outer loop
    vertex 59.35058975 8.803828239 16
    vertex 66.20300293 13.16859627 16
    vertex 58.84711838 11.70541954 16
  endloop
endfacet
facet normal 0 -0 1
  outer loop
    vertex 58.20187378 14.57881069 16
    vertex 64.59347534 19.59421539 16
    vertex 57.41641998 17.41707993 16
  endloop
endfacet
facet normal -0 0 1
  outer loop
    vertex 58.20187378 14.57881069 16
    vertex 58.84711838 11.70541954 16
    vertex 65.47711182 16.40116119 16
  endloop
endfacet
facet normal 0 -0 1
  outer loop
    vertex 58.20187378 14.57881069 16
    vertex 65.47711182 16.40116119 16
    vertex 64.59347534 19.59421539 16
  endloop
endfacet
facet normal 0.9996988205 0.02454115376 0
  outer loop
    vertex 67.41869354 3.312067986 14
    vertex 67.5 0 16
    vertex 67.5 0 14
  endloop
endfacet
facet normal 0.9972906493 0.07356195249 0
  outer loop
    vertex 67.41869354 3.312067986 14
    vertex 67.36795044 4 14
    vertex 67.41869354 3.312067986 16
  endloop
endfacet
facet normal 0.9972904967 0.07356402042 0
  outer loop
    vertex 67.36795044 4 11.5
    vertex 67.17497253 6.616157055 16
    vertex 67.36795044 4 14
  endloop
endfacet
facet normal 0 -0 1
  outer loop
    vertex 67.90000153 -4 14
    vertex 67.90000153 4 14
    vertex 67.5 0 14
  endloop
endfacet
facet normal 0 1 -0
  outer loop
    vertex 68.19999695 4 11.5
    vertex 67.90000153 4 14
    vertex 67.90000153 4 15.5
  endloop
endfacet
facet normal -0 0 1
  outer loop
    vertex 67.41869354 3.312067986 14
    vertex 67.5 0 14
    vertex 67.90000153 4 14
  endloop
endfacet
facet normal 0 -0 1
  outer loop
    vertex 67.41869354 3.312067986 14
    vertex 67.90000153 4 14
    vertex 67.36795044 4 14
  endloop
endfacet
facet normal 1 -0 0
  outer loop
    vertex 68.19999695 -4 15.5
    vertex 68.19999695 4 11.5
    vertex 68.19999695 4 15.5
  endloop
endfacet
facet normal 0 1 -0
  outer loop
    vertex 68.19999695 4 11.5
    vertex 67.90000153 4 15.5
    vertex 68.19999695 4 15.5
  endloop
endfacet
facet normal 0.9996988205 0.02454115376 -0
  outer loop
    vertex 67.41869354 3.312067986 14
    vertex 67.41869354 3.312067986 16
    vertex 67.5 0 16
  endloop
endfacet
facet normal 0 -0 1
  outer loop
    vertex 60 0 16
    vertex 67.5 0 16
    vertex 67.41869354 3.312067986 16
  endloop
endfacet
facet normal 0 -0 1
  outer loop
    vertex 59.92772675 2.944060564 16
    vertex 67.41869354 3.312067986 16
    vertex 67.17497253 6.616157055 16
  endloop
endfacet
facet normal 0.9972905285 0.07356358986 5.662654782e-07
  outer loop
    vertex 67.36795044 4 14
    vertex 67.17497253 6.616157055 16
    vertex 67.41869354 3.312067986 16
  endloop
endfacet
facet normal 0 -0 1
  outer loop
    vertex 59.71108246 5.881028652 16
    vertex 67.17497253 6.616157055 16
    vertex 66.76941681 9.904307365 16
  endloop
endfacet
facet normal -1 0 0
  outer loop
    vertex 67.90000153 -4 15.5
    vertex 67.90000153 4 15.5
    vertex 67.90000153 4 14
  endloop
endfacet
facet normal 0 -0 1
  outer loop
    vertex 67.90000153 -4 15.5
    vertex 68.19999695 4 15.5
    vertex 67.90000153 4 15.5
  endloop
endfacet
facet normal 0 -0 1
  outer loop
    vertex 59.35058975 8.803828239 16
    vertex 66.76941681 9.904307365 16
    vertex 66.20300293 13.16859627 16
  endloop
endfacet
facet normal 0 -0 1
  outer loop
    vertex 58.84711838 11.70541954 16
    vertex 66.20300293 13.16859627 16
    vertex 65.47711182 16.40116119 16
  endloop
endfacet
facet normal -0.9329928788 -0.3598948291 0
  outer loop
    vertex 55.43277359 22.96100616 8
    vertex 56.49264526 20.21339035 16
    vertex 55.43277359 22.96100616 16
  endloop
endfacet
facet normal -0.9495283289 -0.3136812915 0
  outer loop
    vertex 56.49264526 20.21339035 8
    vertex 57.41641998 17.41707993 16
    vertex 56.49264526 20.21339035 16
  endloop
endfacet
facet normal -0.9142094317 -0.405242045 0
  outer loop
    vertex 54.23935699 25.65330505 8
    vertex 55.43277359 22.96100616 16
    vertex 54.23935699 25.65330505 16
  endloop
endfacet
facet normal 0.9142094256 0.4052420586 0
  outer loop
    vertex 62.36186981 25.83113098 8
    vertex 61.01927567 28.85996819 16
    vertex 62.36186981 25.83113098 16
  endloop
endfacet
facet normal 0.8448534937 0.5349977328 0
  outer loop
    vertex 57.89668274 34.70193481 8
    vertex 56.12419891 37.50099182 16
    vertex 57.89668274 34.70193481 16
  endloop
endfacet
facet normal 0.8932246662 0.4496106045 0
  outer loop
    vertex 61.01927567 28.85996819 8
    vertex 59.52968597 31.81928062 16
    vertex 61.01927567 28.85996819 16
  endloop
endfacet
facet normal 0.8700870161 0.4928981481 0
  outer loop
    vertex 59.52968597 31.81928062 8
    vertex 57.89668274 34.70193481 16
    vertex 59.52968597 31.81928062 16
  endloop
endfacet
facet normal 0.9495280717 0.3136820701 0
  outer loop
    vertex 64.59347534 19.59421539 8
    vertex 63.55422592 22.74006462 16
    vertex 64.59347534 19.59421539 16
  endloop
endfacet
facet normal 0.9329927746 0.3598950994 0
  outer loop
    vertex 63.55422592 22.74006462 8
    vertex 62.36186981 25.83113098 16
    vertex 63.55422592 22.74006462 16
  endloop
endfacet
facet normal 0 -0 1
  outer loop
    vertex 56.49264526 20.21339035 16
    vertex 62.36186981 25.83113098 16
    vertex 55.43277359 22.96100616 16
  endloop
endfacet
facet normal 0 -0 1
  outer loop
    vertex 55.43277359 22.96100616 16
    vertex 61.01927567 28.85996819 16
    vertex 54.23935699 25.65330505 16
  endloop
endfacet
facet normal 0 -0 1
  outer loop
    vertex 57.41641998 17.41707993 16
    vertex 63.55422592 22.74006462 16
    vertex 56.49264526 20.21339035 16
  endloop
endfacet
facet normal 0 -0 1
  outer loop
    vertex 57.41641998 17.41707993 16
    vertex 64.59347534 19.59421539 16
    vertex 63.55422592 22.74006462 16
  endloop
endfacet
facet normal 0 -0 1
  outer loop
    vertex 55.43277359 22.96100616 16
    vertex 62.36186981 25.83113098 16
    vertex 61.01927567 28.85996819 16
  endloop
endfacet
facet normal 0 -0 1
  outer loop
    vertex 56.49264526 20.21339035 16
    vertex 63.55422592 22.74006462 16
    vertex 62.36186981 25.83113098 16
  endloop
endfacet
facet normal -0 0 1
  outer loop
    vertex 52.91527557 28.28380394 16
    vertex 54.23935699 25.65330505 16
    vertex 59.52968597 31.81928062 16
  endloop
endfacet
facet normal -0 0 1
  outer loop
    vertex 51.46371841 30.8461647 16
    vertex 52.91527557 28.28380394 16
    vertex 57.89668274 34.70193481 16
  endloop
endfacet
facet normal 0 -0 1
  outer loop
    vertex 54.23935699 25.65330505 16
    vertex 61.01927567 28.85996819 16
    vertex 59.52968597 31.81928062 16
  endloop
endfacet
facet normal 0 -0 1
  outer loop
    vertex 51.46371841 30.8461647 16
    vertex 57.89668274 34.70193481 16
    vertex 56.12419891 37.50099182 16
  endloop
endfacet
facet normal 0 -0 1
  outer loop
    vertex 52.91527557 28.28380394 16
    vertex 59.52968597 31.81928062 16
    vertex 57.89668274 34.70193481 16
  endloop
endfacet
facet normal 0 -0 -1
  outer loop
    vertex 34.2495079 37.78850555 8
    vertex 38.89087296 38.89087296 8
    vertex 36.06244659 36.06244659 8
  endloop
endfacet
facet normal 0 0 -1
  outer loop
    vertex 36.91357803 35.16847229 8
    vertex 36.06244659 36.06244659 8
    vertex 40.47644424 37.22549438 8
  endloop
endfacet
facet normal 0 0 -1
  outer loop
    vertex 34.2495079 37.78850555 8
    vertex 36.93574142 40.75231171 8
    vertex 38.89087296 38.89087296 8
  endloop
endfacet
facet normal 0 0 -1
  outer loop
    vertex 36.06244659 36.06244659 8
    vertex 38.89087296 38.89087296 8
    vertex 40.47644424 37.22549438 8
  endloop
endfacet
facet normal -0 0 1
  outer loop
    vertex 40.47644424 37.22549438 8
    vertex 40.75231171 36.93574142 8
    vertex 44.90036011 39.7796402 8
  endloop
endfacet
facet normal 0 -0 1
  outer loop
    vertex 42.51557541 34.89163208 8
    vertex 44.90036011 39.7796402 8
    vertex 40.75231171 36.93574142 8
  endloop
endfacet
facet normal 0 -0 1
  outer loop
    vertex 42.51557541 34.89163208 8
    vertex 46.38062668 38.06359863 8
    vertex 44.90036011 39.7796402 8
  endloop
endfacet
facet normal -0.49999953 0.8660256752 0
  outer loop
    vertex 40.47644424 37.22549438 8
    vertex 44.90036011 39.7796402 8
    vertex 44.90036011 39.7796402 7.900000095
  endloop
endfacet
facet normal -0.7572087302 -0.6531729778 0
  outer loop
    vertex 44.90036011 39.7796402 7.900000095
    vertex 44.90036011 39.7796402 8
    vertex 44.4570694 40.29353714 7.900000095
  endloop
endfacet
facet normal 0 0 -1
  outer loop
    vertex 40.29353714 44.4570694 7.900000095
    vertex 41.6366539 45.93896866 7.900000095
    vertex 42.42640686 42.42640686 7.900000095
  endloop
endfacet
facet normal 0 0 -1
  outer loop
    vertex 42.42640686 42.42640686 7.900000095
    vertex 41.6366539 45.93896866 7.900000095
    vertex 43.84062195 43.84062195 7.900000095
  endloop
endfacet
facet normal 0 0 -1
  outer loop
    vertex 44.4570694 40.29353714 7.900000095
    vertex 42.42640686 42.42640686 7.900000095
    vertex 43.84062195 43.84062195 7.900000095
  endloop
endfacet
facet normal 0 0 -1
  outer loop
    vertex 44.4570694 40.29353714 7.900000095
    vertex 43.84062195 43.84062195 7.900000095
    vertex 45.93896866 41.6366539 7.900000095
  endloop
endfacet
facet normal 0 0 -1
  outer loop
    vertex 35.74195862 48.19245148 7.900000095
    vertex 36.93335724 49.79886627 7.900000095
    vertex 38.06359863 46.38062668 7.900000095
  endloop
endfacet
facet normal 0 0 -1
  outer loop
    vertex 38.06359863 46.38062668 7.900000095
    vertex 36.93335724 49.79886627 7.900000095
    vertex 39.3323822 47.92664719 7.900000095
  endloop
endfacet
facet normal 0 0 -1
  outer loop
    vertex 40.29353714 44.4570694 7.900000095
    vertex 38.06359863 46.38062668 7.900000095
    vertex 39.3323822 47.92664719 7.900000095
  endloop
endfacet
facet normal 0 0 -1
  outer loop
    vertex 40.29353714 44.4570694 7.900000095
    vertex 39.3323822 47.92664719 7.900000095
    vertex 41.6366539 45.93896866 7.900000095
  endloop
endfacet
facet normal -0 0 1
  outer loop
    vertex 42.82154846 52.1782074 8
    vertex 45.33023071 50.01420212 8
    vertex 45.67631531 55.65675354 8
  endloop
endfacet
facet normal 0 0 -1
  outer loop
    vertex 44.90036011 39.7796402 7.900000095
    vertex 44.4570694 40.29353714 7.900000095
    vertex 46.6629982 40.79730225 7.900000095
  endloop
endfacet
facet normal 0 0 -1
  outer loop
    vertex 44.4570694 40.29353714 7.900000095
    vertex 45.93896866 41.6366539 7.900000095
    vertex 46.6629982 40.79730225 7.900000095
  endloop
endfacet
facet normal 0 -0 1
  outer loop
    vertex 47.72970963 47.72970963 8
    vertex 48.35224533 53.34848022 8
    vertex 45.33023071 50.01420212 8
  endloop
endfacet
facet normal 0 -0 1
  outer loop
    vertex 45.33023071 50.01420212 8
    vertex 48.35224533 53.34848022 8
    vertex 45.67631531 55.65675354 8
  endloop
endfacet
facet normal 0 -0 1
  outer loop
    vertex 47.72970963 47.72970963 8
    vertex 50.91168976 50.91168976 8
    vertex 48.35224533 53.34848022 8
  endloop
endfacet
facet normal -0 0 1
  outer loop
    vertex 47.72970963 47.72970963 8
    vertex 50.01420212 45.33023071 8
    vertex 50.91168976 50.91168976 8
  endloop
endfacet
facet normal 0 -0 1
  outer loop
    vertex 50.01420212 45.33023071 8
    vertex 53.34848022 48.35224533 8
    vertex 50.91168976 50.91168976 8
  endloop
endfacet
facet normal 0 -0 1
  outer loop
    vertex 52.1782074 42.82154846 8
    vertex 53.34848022 48.35224533 8
    vertex 50.01420212 45.33023071 8
  endloop
endfacet
facet normal 0 -0 1
  outer loop
    vertex 52.1782074 42.82154846 8
    vertex 55.65675354 45.67631531 8
    vertex 53.34848022 48.35224533 8
  endloop
endfacet
facet normal 0.68954031 0.7242473065 0
  outer loop
    vertex 38.89087296 38.89087296 8
    vertex 36.93574142 40.75231171 8
    vertex 38.89087296 38.89087296 11.5
  endloop
endfacet
facet normal 0.7242472826 0.689540335 2.66931996e-08
  outer loop
    vertex 40.47644424 37.22549438 8
    vertex 38.89087296 38.89087296 8
    vertex 40.75231171 36.93574142 11.5
  endloop
endfacet
facet normal 0.6531734495 0.7572083233 0
  outer loop
    vertex 34.89163208 42.51557541 8
    vertex 36.93574142 40.75231171 11.5
    vertex 36.93574142 40.75231171 8
  endloop
endfacet
facet normal 0.7242474436 0.6895401659 0
  outer loop
    vertex 40.47644424 37.22549438 8
    vertex 40.75231171 36.93574142 11.5
    vertex 40.75231171 36.93574142 8
  endloop
endfacet
facet normal 0.68954031 0.7242473065 -0
  outer loop
    vertex 36.93574142 40.75231171 8
    vertex 36.93574142 40.75231171 11.5
    vertex 38.89087296 38.89087296 11.5
  endloop
endfacet
facet normal 0.7242473065 0.68954031 -0
  outer loop
    vertex 38.89087296 38.89087296 8
    vertex 38.89087296 38.89087296 11.5
    vertex 40.75231171 36.93574142 11.5
  endloop
endfacet
facet normal 0.7572083233 0.6531734495 -0
  outer loop
    vertex 42.51557541 34.89163208 11.5
    vertex 40.75231171 36.93574142 8
    vertex 40.75231171 36.93574142 11.5
  endloop
endfacet
facet normal -0.689540857 -0.7242467857 0
  outer loop
    vertex 40.29353714 44.4570694 7.900000095
    vertex 42.42640686 42.42640686 7.900000095
    vertex 42.42640686 42.42640686 16
  endloop
endfacet
facet normal -0.7242467857 -0.689540857 0
  outer loop
    vertex 44.4570694 40.29353714 7.900000095
    vertex 44.4570694 40.29353714 16
    vertex 42.42640686 42.42640686 7.900000095
  endloop
endfacet
facet normal -0.6152314108 -0.7883465679 0
  outer loop
    vertex 35.74195862 48.19245148 7.900000095
    vertex 38.06359863 46.38062668 7.900000095
    vertex 38.06359863 46.38062668 16
  endloop
endfacet
facet normal -0.6531726671 -0.7572089982 0
  outer loop
    vertex 40.29353714 44.4570694 7.900000095
    vertex 40.29353714 44.4570694 16
    vertex 38.06359863 46.38062668 7.900000095
  endloop
endfacet
facet normal 0.6152305055 0.7883472745 -0
  outer loop
    vertex 42.82154846 52.1782074 8
    vertex 40.20970154 54.21650696 8
    vertex 40.20970154 54.21650696 16
  endloop
endfacet
facet normal 0.6531730312 0.7572086841 -0
  outer loop
    vertex 42.82154846 52.1782074 8
    vertex 42.82154846 52.1782074 16
    vertex 45.33023071 50.01420212 8
  endloop
endfacet
facet normal -0.7572090785 -0.653172574 0
  outer loop
    vertex 44.90036011 39.7796402 8
    vertex 46.38062668 38.06359863 8
    vertex 46.38062668 38.06359863 16
  endloop
endfacet
facet normal -0.757208715 -0.6531729954 -1.576228668e-07
  outer loop
    vertex 44.4570694 40.29353714 7.900000095
    vertex 44.90036011 39.7796402 8
    vertex 46.38062668 38.06359863 16
  endloop
endfacet
facet normal -0.7883465679 -0.6152314108 0
  outer loop
    vertex 48.19245148 35.74195862 8
    vertex 48.19245148 35.74195862 16
    vertex 46.38062668 38.06359863 8
  endloop
endfacet
facet normal 0.7572086841 0.6531730312 -0
  outer loop
    vertex 52.1782074 42.82154846 8
    vertex 50.01420212 45.33023071 8
    vertex 50.01420212 45.33023071 16
  endloop
endfacet
facet normal 0.7883472745 0.6152305055 -0
  outer loop
    vertex 52.1782074 42.82154846 8
    vertex 52.1782074 42.82154846 16
    vertex 54.21650696 40.20970154 8
  endloop
endfacet
facet normal 0.6895403322 0.7242472853 -0
  outer loop
    vertex 47.72970963 47.72970963 8
    vertex 45.33023071 50.01420212 8
    vertex 45.33023071 50.01420212 16
  endloop
endfacet
facet normal 0.7242472853 0.6895403322 -0
  outer loop
    vertex 47.72970963 47.72970963 8
    vertex 47.72970963 47.72970963 16
    vertex 50.01420212 45.33023071 8
  endloop
endfacet
facet normal -0 -0 1
  outer loop
    vertex 37.50099182 56.12419891 8
    vertex 40.20970154 54.21650696 8
    vertex 40.00105667 59.86581039 8
  endloop
endfacet
facet normal -0 -0 1
  outer loop
    vertex 34.70193481 57.89668274 8
    vertex 37.50099182 56.12419891 8
    vertex 37.01539612 61.75645828 8
  endloop
endfacet
facet normal 0 -0 1
  outer loop
    vertex 37.50099182 56.12419891 8
    vertex 40.00105667 59.86581039 8
    vertex 37.01539612 61.75645828 8
  endloop
endfacet
facet normal 0 -0 1
  outer loop
    vertex 42.82154846 52.1782074 8
    vertex 42.89035034 57.83094406 8
    vertex 40.20970154 54.21650696 8
  endloop
endfacet
facet normal 0 -0 1
  outer loop
    vertex 40.20970154 54.21650696 8
    vertex 42.89035034 57.83094406 8
    vertex 40.00105667 59.86581039 8
  endloop
endfacet
facet normal 0 -0 1
  outer loop
    vertex 42.82154846 52.1782074 8
    vertex 45.67631531 55.65675354 8
    vertex 42.89035034 57.83094406 8
  endloop
endfacet
facet normal 0.5758088646 0.817584339 -0
  outer loop
    vertex 37.50099182 56.12419891 8
    vertex 37.50099182 56.12419891 16
    vertex 40.20970154 54.21650696 8
  endloop
endfacet
facet normal 0 -0 1
  outer loop
    vertex 56.12419891 37.50099182 8
    vertex 57.83094406 42.89035034 8
    vertex 54.21650696 40.20970154 8
  endloop
endfacet
facet normal -0 -0 1
  outer loop
    vertex 57.89668274 34.70193481 8
    vertex 59.52968597 31.81928062 8
    vertex 57.83094406 42.89035034 8
  endloop
endfacet
facet normal 0 0 1
  outer loop
    vertex 57.89668274 34.70193481 8
    vertex 57.83094406 42.89035034 8
    vertex 56.12419891 37.50099182 8
  endloop
endfacet
facet normal -0 0 1
  outer loop
    vertex 52.1782074 42.82154846 8
    vertex 54.21650696 40.20970154 8
    vertex 55.65675354 45.67631531 8
  endloop
endfacet
facet normal 0 -0 1
  outer loop
    vertex 54.21650696 40.20970154 8
    vertex 57.83094406 42.89035034 8
    vertex 55.65675354 45.67631531 8
  endloop
endfacet
facet normal 0 -0 1
  outer loop
    vertex 59.52968597 31.81928062 8
    vertex 59.86581039 40.00105667 8
    vertex 57.83094406 42.89035034 8
  endloop
endfacet
facet normal 0.817584339 0.5758088646 -0
  outer loop
    vertex 56.12419891 37.50099182 8
    vertex 54.21650696 40.20970154 8
    vertex 54.21650696 40.20970154 16
  endloop
endfacet
facet normal 0.8448534937 0.5349977328 -0
  outer loop
    vertex 57.89668274 34.70193481 8
    vertex 56.12419891 37.50099182 8
    vertex 56.12419891 37.50099182 16
  endloop
endfacet
facet normal 0 -0 1
  outer loop
    vertex 37.78850555 34.2495079 11.5
    vertex 38.89087296 38.89087296 11.5
    vertex 36.06244659 36.06244659 11.5
  endloop
endfacet
facet normal 0 -0 1
  outer loop
    vertex 36.06244659 36.06244659 11.5
    vertex 38.89087296 38.89087296 11.5
    vertex 36.93574142 40.75231171 11.5
  endloop
endfacet
facet normal 0 -0 1
  outer loop
    vertex 37.78850555 34.2495079 11.5
    vertex 40.75231171 36.93574142 11.5
    vertex 38.89087296 38.89087296 11.5
  endloop
endfacet
facet normal -0.689540857 -0.7242467857 0
  outer loop
    vertex 40.29353714 44.4570694 7.900000095
    vertex 42.42640686 42.42640686 16
    vertex 40.29353714 44.4570694 16
  endloop
endfacet
facet normal -0.7242467857 -0.689540857 0
  outer loop
    vertex 42.42640686 42.42640686 7.900000095
    vertex 44.4570694 40.29353714 16
    vertex 42.42640686 42.42640686 16
  endloop
endfacet
facet normal -0.6152314108 -0.7883465679 0
  outer loop
    vertex 35.74195862 48.19245148 7.900000095
    vertex 38.06359863 46.38062668 16
    vertex 35.74195862 48.19245148 16
  endloop
endfacet
facet normal -0.6531726671 -0.7572089982 0
  outer loop
    vertex 38.06359863 46.38062668 7.900000095
    vertex 40.29353714 44.4570694 16
    vertex 38.06359863 46.38062668 16
  endloop
endfacet
facet normal 0.6152305055 0.7883472745 0
  outer loop
    vertex 42.82154846 52.1782074 8
    vertex 40.20970154 54.21650696 16
    vertex 42.82154846 52.1782074 16
  endloop
endfacet
facet normal 0.6531730312 0.7572086841 0
  outer loop
    vertex 45.33023071 50.01420212 8
    vertex 42.82154846 52.1782074 16
    vertex 45.33023071 50.01420212 16
  endloop
endfacet
facet normal -0.7883465679 -0.6152314108 -0
  outer loop
    vertex 48.19245148 35.74195862 16
    vertex 46.38062668 38.06359863 16
    vertex 46.38062668 38.06359863 8
  endloop
endfacet
facet normal -0.7572089982 -0.6531726671 0
  outer loop
    vertex 44.4570694 40.29353714 7.900000095
    vertex 46.38062668 38.06359863 16
    vertex 44.4570694 40.29353714 16
  endloop
endfacet
facet normal 0.7572086841 0.6531730312 0
  outer loop
    vertex 52.1782074 42.82154846 8
    vertex 50.01420212 45.33023071 16
    vertex 52.1782074 42.82154846 16
  endloop
endfacet
facet normal 0.7883472745 0.6152305055 0
  outer loop
    vertex 54.21650696 40.20970154 8
    vertex 52.1782074 42.82154846 16
    vertex 54.21650696 40.20970154 16
  endloop
endfacet
facet normal 0.6895403322 0.7242472853 0
  outer loop
    vertex 47.72970963 47.72970963 8
    vertex 45.33023071 50.01420212 16
    vertex 47.72970963 47.72970963 16
  endloop
endfacet
facet normal 0.7242472853 0.6895403322 0
  outer loop
    vertex 50.01420212 45.33023071 8
    vertex 47.72970963 47.72970963 16
    vertex 50.01420212 45.33023071 16
  endloop
endfacet
facet normal 0 -0 1
  outer loop
    vertex 44.4570694 40.29353714 16
    vertex 47.72970963 47.72970963 16
    vertex 42.42640686 42.42640686 16
  endloop
endfacet
facet normal 0 -0 1
  outer loop
    vertex 40.29353714 44.4570694 16
    vertex 42.82154846 52.1782074 16
    vertex 38.06359863 46.38062668 16
  endloop
endfacet
facet normal -0 0 1
  outer loop
    vertex 35.74195862 48.19245148 16
    vertex 38.06359863 46.38062668 16
    vertex 40.20970154 54.21650696 16
  endloop
endfacet
facet normal 0 -0 1
  outer loop
    vertex 35.74195862 48.19245148 16
    vertex 40.20970154 54.21650696 16
    vertex 37.50099182 56.12419891 16
  endloop
endfacet
facet normal 0 -0 1
  outer loop
    vertex 38.06359863 46.38062668 16
    vertex 42.82154846 52.1782074 16
    vertex 40.20970154 54.21650696 16
  endloop
endfacet
facet normal -0 0 1
  outer loop
    vertex 40.29353714 44.4570694 16
    vertex 42.42640686 42.42640686 16
    vertex 45.33023071 50.01420212 16
  endloop
endfacet
facet normal 0 -0 1
  outer loop
    vertex 40.29353714 44.4570694 16
    vertex 45.33023071 50.01420212 16
    vertex 42.82154846 52.1782074 16
  endloop
endfacet
facet normal 0 -0 1
  outer loop
    vertex 48.19245148 35.74195862 16
    vertex 52.1782074 42.82154846 16
    vertex 46.38062668 38.06359863 16
  endloop
endfacet
facet normal -0 0 1
  outer loop
    vertex 44.4570694 40.29353714 16
    vertex 46.38062668 38.06359863 16
    vertex 50.01420212 45.33023071 16
  endloop
endfacet
facet normal 0 -0 1
  outer loop
    vertex 44.4570694 40.29353714 16
    vertex 50.01420212 45.33023071 16
    vertex 47.72970963 47.72970963 16
  endloop
endfacet
facet normal -0 0 1
  outer loop
    vertex 48.19245148 35.74195862 16
    vertex 49.88817596 33.33421326 16
    vertex 54.21650696 40.20970154 16
  endloop
endfacet
facet normal 0 -0 1
  outer loop
    vertex 48.19245148 35.74195862 16
    vertex 54.21650696 40.20970154 16
    vertex 52.1782074 42.82154846 16
  endloop
endfacet
facet normal 0 -0 1
  outer loop
    vertex 49.88817596 33.33421326 16
    vertex 56.12419891 37.50099182 16
    vertex 54.21650696 40.20970154 16
  endloop
endfacet
facet normal 0 -0 1
  outer loop
    vertex 46.38062668 38.06359863 16
    vertex 52.1782074 42.82154846 16
    vertex 50.01420212 45.33023071 16
  endloop
endfacet
facet normal 0 -0 1
  outer loop
    vertex 42.42640686 42.42640686 16
    vertex 47.72970963 47.72970963 16
    vertex 45.33023071 50.01420212 16
  endloop
endfacet
facet normal 0.5349977328 0.8448534937 0
  outer loop
    vertex 34.70193481 57.89668274 16
    vertex 37.50099182 56.12419891 16
    vertex 37.50099182 56.12419891 8
  endloop
endfacet
facet normal 0.5758088646 0.817584339 0
  outer loop
    vertex 40.20970154 54.21650696 8
    vertex 37.50099182 56.12419891 16
    vertex 40.20970154 54.21650696 16
  endloop
endfacet
facet normal 0.817584339 0.5758088646 0
  outer loop
    vertex 56.12419891 37.50099182 8
    vertex 54.21650696 40.20970154 16
    vertex 56.12419891 37.50099182 16
  endloop
endfacet
facet normal 0 0 -1
  outer loop
    vertex -4 -68.19999695 11.5
    vertex -4 -67.36795044 11.5
    vertex -3.312067986 -67.41869354 11.5
  endloop
endfacet
facet normal 0 0 -1
  outer loop
    vertex -4 -68.19999695 11.5
    vertex -3.312067986 -67.41869354 11.5
    vertex -1.239954845e-14 -67.5 11.5
  endloop
endfacet
facet normal -1 0 0
  outer loop
    vertex -4 -68.19999695 11.5
    vertex -4 -67.36795044 14
    vertex -4 -67.36795044 11.5
  endloop
endfacet
facet normal -1 0 0
  outer loop
    vertex -4 -68.19999695 11.5
    vertex -4 -67.90000153 14
    vertex -4 -67.36795044 14
  endloop
endfacet
facet normal 0 -1 0
  outer loop
    vertex -4 -68.19999695 11.5
    vertex 4 -68.19999695 11.5
    vertex -4 -68.19999695 15.5
  endloop
endfacet
facet normal -1 0 0
  outer loop
    vertex -4 -68.19999695 11.5
    vertex -4 -68.19999695 15.5
    vertex -4 -67.90000153 14
  endloop
endfacet
facet normal 0 -0 1
  outer loop
    vertex -4 -67.90000153 14
    vertex -3.312067986 -67.41869354 14
    vertex -4 -67.36795044 14
  endloop
endfacet
facet normal 0 -0 1
  outer loop
    vertex -4 -67.90000153 14
    vertex -1.239954845e-14 -67.5 14
    vertex -3.312067986 -67.41869354 14
  endloop
endfacet
facet normal -0 1 0
  outer loop
    vertex -4 -67.90000153 14
    vertex -4 -67.90000153 15.5
    vertex 4 -67.90000153 14
  endloop
endfacet
facet normal -1 0 0
  outer loop
    vertex -4 -67.90000153 14
    vertex -4 -68.19999695 15.5
    vertex -4 -67.90000153 15.5
  endloop
endfacet
facet normal 0 -0 1
  outer loop
    vertex -4 -68.19999695 15.5
    vertex 4 -68.19999695 15.5
    vertex -4 -67.90000153 15.5
  endloop
endfacet
facet normal 0 0 -1
  outer loop
    vertex -4 -68.19999695 11.5
    vertex -1.239954845e-14 -67.5 11.5
    vertex 4 -68.19999695 11.5
  endloop
endfacet
facet normal 0 0 -1
  outer loop
    vertex 4 -68.19999695 11.5
    vertex -1.239954845e-14 -67.5 11.5
    vertex 3.312067986 -67.41869354 11.5
  endloop
endfacet
facet normal 0 0 -1
  outer loop
    vertex 4 -68.19999695 11.5
    vertex 3.312067986 -67.41869354 11.5
    vertex 4 -67.36795044 11.5
  endloop
endfacet
facet normal 1 0 -0
  outer loop
    vertex 4 -68.19999695 11.5
    vertex 4 -67.36795044 11.5
    vertex 4 -67.90000153 14
  endloop
endfacet
facet normal 1 -0 0
  outer loop
    vertex 4 -67.90000153 14
    vertex 4 -67.36795044 11.5
    vertex 4 -67.36795044 14
  endloop
endfacet
facet normal 0 -0 1
  outer loop
    vertex -4 -67.90000153 14
    vertex 4 -67.90000153 14
    vertex -1.239954845e-14 -67.5 14
  endloop
endfacet
facet normal 1 0 0
  outer loop
    vertex 4 -68.19999695 11.5
    vertex 4 -67.90000153 14
    vertex 4 -67.90000153 15.5
  endloop
endfacet
facet normal 0 0 1
  outer loop
    vertex 4 -67.90000153 14
    vertex 3.312067986 -67.41869354 14
    vertex -1.239954845e-14 -67.5 14
  endloop
endfacet
facet normal 0 -0 1
  outer loop
    vertex 4 -67.90000153 14
    vertex 4 -67.36795044 14
    vertex 3.312067986 -67.41869354 14
  endloop
endfacet
facet normal 0 -1 0
  outer loop
    vertex -4 -68.19999695 15.5
    vertex 4 -68.19999695 11.5
    vertex 4 -68.19999695 15.5
  endloop
endfacet
facet normal 1 0 -0
  outer loop
    vertex 4 -68.19999695 11.5
    vertex 4 -67.90000153 15.5
    vertex 4 -68.19999695 15.5
  endloop
endfacet
facet normal -0 1 0
  outer loop
    vertex -4 -67.90000153 15.5
    vertex 4 -67.90000153 15.5
    vertex 4 -67.90000153 14
  endloop
endfacet
facet normal -0 0 1
  outer loop
    vertex -4 -67.90000153 15.5
    vertex 4 -68.19999695 15.5
    vertex 4 -67.90000153 15.5
  endloop
endfacet
endsolid seavolt
